measure,caller,seasons,n,actual,expected,resid,epa
catchable_target_pp,Zac Taylor,4,2527,79.7388207360507,76.5102003714668,3.2286203645839,0.200289743315232
catchable_target_pp,Pete Carmichael,2,1075,78.8837209302326,76.0849419998568,2.79877893037574,0.159926289740171
catchable_target_pp,Mike Kafka,3,1531,78.0535597648596,76.0484827063116,2.00507705854793,0.120874694276633
catchable_target_pp,Joe Lombardi,1,721,77.8085991678225,75.8645069169271,1.94409225089538,0.140021293540969
catchable_target_pp,Andy Reid,4,2650,78.6415094339623,76.7249055144922,1.91660391947008,0.225572052928356
catchable_target_pp,Mike McDaniel,4,2215,78.058690744921,76.309959783511,1.74873096140996,0.199118397126718
catchable_target_pp,Byron Leftwich,1,787,77.0012706480305,75.3282566158411,1.67301403218941,0.0852557404778585
catchable_target_pp,Kyle Shanahan,4,2265,77.8366445916115,76.5130423986359,1.32360219297558,0.291338405231832
catchable_target_pp,Kevin O'Connell,4,2315,77.4946004319654,76.2958869292978,1.19871350266763,0.167828670108276
catchable_target_pp,Matt LaFleur,4,2136,77.3408239700375,76.2291943759061,1.11162959413137,0.229222500000902
catchable_target_pp,Kliff Kingsbury,3,1691,77.2324068598463,76.2225147431451,1.00989211670116,0.147145920143408
catchable_target_pp,Drew Petzing,3,1676,76.909307875895,75.9117989220739,0.997508953821118,0.120781010201841
catchable_target_pp,Joe Brady,3,1341,77.5540641312453,76.6105023762079,0.943561755037417,0.295203192365626
catchable_target_pp,Sean Payton,3,1702,77.144535840188,76.2299298469664,0.914605993221567,0.131718545210669
catchable_target_pp,Ben Johnson,4,2428,76.9769357495881,76.2359020909328,0.741033658655312,0.291575666434167
catchable_target_pp,Shane Waldron,3,1399,76.7691208005719,76.2272578827222,0.541862917849643,0.157593849387764
catchable_target_pp,Todd Monken,3,1445,76.8166089965398,76.5511740429591,0.26543495358067,0.288866681417379
catchable_target_pp,Todd Downing,2,839,75.8045292014303,75.6362268445887,0.168302356841599,0.129807180745019
catchable_target_pp,Liam Coen,2,1159,76.962899050906,76.8420624696972,0.120836581208779,0.241167879783138
catchable_target_pp,Klint Kubiak,3,1294,76.5069551777434,76.4194813333855,0.087473844357955,0.148499973803482
catchable_target_pp,Kellen Moore,4,2291,76.2549105194238,76.2901260739901,-0.0352155545662132,0.191118331317412
catchable_target_pp,Mike McCarthy,2,1277,76.1942051683634,76.4953429076293,-0.30113773926591,0.149456999885296
catchable_target_pp,Dave Canales,3,1641,75.5636806825107,75.890206117444,-0.326525434933376,0.127770892941177
catchable_target_pp,Arthur Smith,4,1942,75.7466529351184,76.2271018217325,-0.480448886614002,0.131538650825194
catchable_target_pp,Josh McDaniels,3,1410,75.886524822695,76.4970684516515,-0.610543628956432,0.230107554221354
catchable_target_pp,Matt Canada,2,883,75.0849377123443,75.7653032194313,-0.680365507086966,0.0348715089316372
catchable_target_pp,Luke Getsy,3,1140,75.3508771929825,76.1059040563148,-0.75502686333238,0.0515916713137638
catchable_target_pp,Ken Dorsey,3,1418,75.4583921015515,76.4086380180586,-0.950245916507133,0.116938286445173
catchable_target_pp,Greg Roman,3,1593,75.2040175768989,76.4635393605319,-1.25952178363297,0.127837417550193
catchable_target_pp,Press Taylor,2,1125,74.7555555555556,76.1019886202282,-1.34643306467268,0.0978164551920359
catchable_target_pp,Scott Turner,2,824,73.5436893203884,75.0987829550088,-1.55509363462046,0.0973915400851554
catchable_target_pp,Sean McVay,4,2376,74.3265993265993,76.4028802087612,-2.07628088216187,0.219092762855984
catchable_target_pp,Shane Steichen,4,2143,74.335044330378,76.6100359530411,-2.27499162266313,0.157826573039069
catchable_target_pp,Bobby Slowik,2,1226,73.8988580750408,76.1745790624307,-2.27572098738996,0.190338044591418
catchable_target_pp,Kevin Stefanski,4,1672,73.6244019138756,75.9084865112196,-2.28408459734404,-0.0291472483274825
catchable_target_pp,Zac Robinson,2,1063,73.2831608654751,75.9776379741371,-2.69447710866202,0.14157904792132
catchable_target_pp,Bo Hardegree,2,714,72.6890756302521,75.7431858310513,-3.05411020079915,0.0415984550086618
catchable_target_pp,Nathaniel Hackett,2,862,72.737819025522,75.9545520674048,-3.21673304188281,-0.0446110520403284
deep_shot_20plus_pp,Matt LaFleur,4,2135,15.0351288056206,11.3954127494374,3.63971605618316,0.22936964841337
deep_shot_20plus_pp,Josh McDaniels,3,1410,14.2553191489362,11.51249803284,2.74282111609619,0.230107554221354
deep_shot_20plus_pp,Joe Brady,3,1341,14.0193885160328,11.7239175755291,2.29547094050371,0.295203192365626
deep_shot_20plus_pp,Ken Dorsey,3,1418,13.3286318758815,11.7984596273796,1.53017224850197,0.116938286445173
deep_shot_20plus_pp,Sean Payton,3,1702,13.2784958871915,11.7689363013835,1.50955958580806,0.131718545210669
deep_shot_20plus_pp,Shane Steichen,4,2143,13.2057862809146,11.8524652748387,1.35332100607592,0.157826573039069
deep_shot_20plus_pp,Luke Getsy,3,1140,13.4210526315789,12.0806735870224,1.34037904455653,0.0515916713137638
deep_shot_20plus_pp,Todd Monken,3,1445,13.0795847750865,11.7457455293127,1.33383924577379,0.288866681417379
deep_shot_20plus_pp,Pete Carmichael,2,1075,13.2093023255814,11.9299960974171,1.27930622816433,0.159926289740171
deep_shot_20plus_pp,Klint Kubiak,3,1294,13.2148377125193,11.9699643191434,1.24487339337594,0.148499973803482
deep_shot_20plus_pp,Greg Roman,3,1593,12.6177024482109,11.5422790906756,1.0754233575353,0.127837417550193
deep_shot_20plus_pp,Arthur Smith,4,1941,12.9314786192684,11.8799855321668,1.05149308710164,0.131840100728306
deep_shot_20plus_pp,Sean McVay,4,2376,12.5420875420875,11.595624771913,0.946462770174526,0.219092762855984
deep_shot_20plus_pp,Press Taylor,2,1125,12.7111111111111,11.8102295956574,0.900881515453665,0.0978164551920359
deep_shot_20plus_pp,Nathaniel Hackett,2,862,13.2250580046404,12.3539615488258,0.871096455814577,-0.0446110520403284
deep_shot_20plus_pp,Liam Coen,2,1159,11.6479723899914,11.2067245129866,0.441247877004749,0.241167879783138
deep_shot_20plus_pp,Scott Turner,2,823,12.636695018226,12.3089801170156,0.327714901210412,0.0976576107222573
deep_shot_20plus_pp,Matt Canada,2,883,12.2310305775765,12.1041412976157,0.126889279960754,0.0348715089316372
deep_shot_20plus_pp,Kevin O'Connell,4,2315,11.5766738660907,11.465977752711,0.110696113379725,0.167828670108276
deep_shot_20plus_pp,Dave Canales,3,1641,11.7001828153565,11.7551268113716,-0.0549439960150864,0.127770892941177
deep_shot_20plus_pp,Bobby Slowik,2,1226,11.8270799347471,11.9408403924738,-0.113760457726636,0.190338044591418
deep_shot_20plus_pp,Mike McCarthy,2,1277,11.1198120595145,11.3103138411526,-0.190501781638145,0.149456999885296
deep_shot_20plus_pp,Kellen Moore,4,2291,11.6979484941074,11.9394172559186,-0.2414687618112,0.191118331317412
deep_shot_20plus_pp,Kliff Kingsbury,3,1691,11.4133648728563,11.7720809754007,-0.358716102544434,0.147145920143408
deep_shot_20plus_pp,Kevin Stefanski,4,1671,11.1310592459605,11.7129999456898,-0.581940699729321,-0.0290941142887858
deep_shot_20plus_pp,Zac Robinson,2,1063,11.3828786453434,12.1395021770215,-0.756623531678144,0.14157904792132
deep_shot_20plus_pp,Mike McDaniel,4,2215,10.9255079006772,11.7132023792886,-0.787694478611423,0.199118397126718
deep_shot_20plus_pp,Shane Waldron,3,1399,11.1508220157255,11.9481311012522,-0.797309085526691,0.157593849387764
deep_shot_20plus_pp,Ben Johnson,4,2427,10.7952204367532,11.6753104000863,-0.880089963333119,0.291687222640481
deep_shot_20plus_pp,Bo Hardegree,2,714,11.344537815126,12.2703976355916,-0.925859820465521,0.0415984550086618
deep_shot_20plus_pp,Kyle Shanahan,4,2265,10.5518763796909,11.5372260413842,-0.985349661693242,0.291338405231832
deep_shot_20plus_pp,Andy Reid,4,2649,10.2680256700642,11.2891382199347,-1.02111254987054,0.225668798558338
deep_shot_20plus_pp,Byron Leftwich,1,787,10.5463786531131,11.6414954381867,-1.09511678507362,0.0852557404778585
deep_shot_20plus_pp,Drew Petzing,3,1676,10.381861575179,11.7580009769742,-1.37613940179523,0.120781010201841
deep_shot_20plus_pp,Todd Downing,2,838,10.2625298329356,11.8149434171171,-1.55241358418158,0.129900159944418
deep_shot_20plus_pp,Zac Taylor,4,2526,9.38242280285035,11.4771867265546,-2.09476392370426,0.200567715883149
deep_shot_20plus_pp,Mike Kafka,3,1531,10.3200522534291,12.4816320137596,-2.16157976033046,0.120874694276633
deep_shot_20plus_pp,Joe Lombardi,1,721,8.32177531206658,11.5454716174883,-3.22369630542169,0.140021293540969
oz_action_of_PA_pp,Arthur Smith,4,562,61.0320284697509,44.7590047460434,16.2730237237075,-0.00107664401805369
oz_action_of_PA_pp,Shane Waldron,2,282,58.8652482269504,46.1790824295781,12.6861657973722,0.177255159045788
oz_action_of_PA_pp,Dave Canales,3,371,57.1428571428572,44.5466791723938,12.5961779704634,-0.0729251326014089
oz_action_of_PA_pp,Andy Reid,3,328,57.0121951219512,44.6897461238067,12.3224489981445,0.136431449569943
oz_action_of_PA_pp,Sean McVay,4,583,55.0600343053173,45.4150916781679,9.64494262714942,0.198855545659315
oz_action_of_PA_pp,Bobby Slowik,2,287,53.3101045296167,45.0992088388483,8.21089569076844,0.200244369796552
oz_action_of_PA_pp,Kevin O'Connell,4,509,52.6522593320236,44.8291329333965,7.82312639862709,0.015516829279879
oz_action_of_PA_pp,Sean Payton,3,399,48.3709273182958,43.8474534522919,4.5234738660038,0.0823285486315724
oz_action_of_PA_pp,Ben Johnson,4,630,48.0952380952381,44.9646128595821,3.13062523565595,0.230866961902569
oz_action_of_PA_pp,Matt LaFleur,3,378,47.3544973544974,45.0802472415109,2.27425011298644,0.233050829597882
oz_action_of_PA_pp,Klint Kubiak,2,258,46.5116279069767,44.773174602856,1.73845330412073,0.340433860356493
oz_action_of_PA_pp,Kyle Shanahan,4,472,46.8220338983051,45.5323128597969,1.28972103850821,0.17419410844223
oz_action_of_PA_pp,Joe Brady,2,251,43.8247011952191,44.8478393048879,-1.02313810966879,0.203272024740973
oz_action_of_PA_pp,Kellen Moore,3,348,41.0919540229885,43.8986747472108,-2.80672072422231,0.165200310737837
oz_action_of_PA_pp,Mike McDaniel,4,739,39.106901217862,45.444494255986,-6.33759303812406,0.124290065757971
oz_action_of_PA_pp,Shane Steichen,4,470,33.1914893617021,44.5405002160275,-11.3490108543254,0.1910669385515
oz_action_of_PA_pp,Greg Roman,3,330,30.3030303030303,45.4225746429328,-15.1195443399025,0.138329775586273
oz_action_of_PA_pp,Drew Petzing,3,314,26.7515923566879,44.7577261953217,-18.0061338386338,-0.00252544585686585
quick_throw_lt2.5s_pp,Byron Leftwich,1,812,64.4088669950739,50.9770828588256,13.4317841362484,0.0469865394444229
quick_throw_lt2.5s_pp,Mike McDaniel,4,2295,60.8278867102396,50.9711231602952,9.85676354994441,0.155481894985491
quick_throw_lt2.5s_pp,Press Taylor,2,1165,60,50.8123829027102,9.18761709728978,0.0654080606165618
quick_throw_lt2.5s_pp,Zac Taylor,4,2601,60.2845059592465,51.5409609902276,8.74354496901881,0.163851507917557
quick_throw_lt2.5s_pp,Pete Carmichael,2,1116,55.5555555555556,51.1431175955041,4.4124379600515,0.127066084191263
quick_throw_lt2.5s_pp,Kliff Kingsbury,3,1758,56.0295790671217,51.7304416211901,4.29913744593169,0.0997571726530935
quick_throw_lt2.5s_pp,Nathaniel Hackett,2,911,54.006586169045,49.8553811219796,4.15120504706545,-0.0929773428784549
quick_throw_lt2.5s_pp,Shane Steichen,4,2249,54.0240106714095,51.1419700765912,2.88204059481831,0.114406388272851
quick_throw_lt2.5s_pp,Todd Downing,2,872,53.8990825688073,51.2891367675925,2.60994580121488,0.0924548033759459
quick_throw_lt2.5s_pp,Dave Canales,3,1744,53.4977064220184,50.8987247251795,2.59898169683891,0.0728072391349261
quick_throw_lt2.5s_pp,Shane Waldron,3,1467,52.2154055896387,50.379004718986,1.83640087065278,0.103321108877314
quick_throw_lt2.5s_pp,Mike McCarthy,2,1307,53.0221882172915,51.3155326817267,1.70665553556478,0.122886474168052
quick_throw_lt2.5s_pp,Arthur Smith,4,2039,52.2314860225601,50.6253314396808,1.60615458287931,0.0781644256739836
quick_throw_lt2.5s_pp,Ken Dorsey,3,1480,51.2162162162162,50.871360689603,0.344855526613217,0.0790621250679063
quick_throw_lt2.5s_pp,Mike Kafka,3,1610,50.3726708074534,50.1087926235628,0.263878183890575,0.0645918506538926
quick_throw_lt2.5s_pp,Drew Petzing,3,1743,51.004016064257,50.9539359531831,0.0500801110739526,0.0786114385868765
quick_throw_lt2.5s_pp,Andy Reid,4,2797,51.5909903468002,51.7405336259901,-0.149543279189908,0.173550085073705
quick_throw_lt2.5s_pp,Bo Hardegree,2,761,50.5913272010513,50.8226848169476,-0.231357615896338,-0.0211467046581906
quick_throw_lt2.5s_pp,Matt Canada,2,917,49.618320610687,50.2310132772348,-0.612692666547814,-0.00385871873467782
quick_throw_lt2.5s_pp,Kevin Stefanski,4,1753,49.6292070735882,50.7832546630759,-1.1540475894877,-0.0708542092614561
quick_throw_lt2.5s_pp,Zac Robinson,2,1095,50.3196347031963,51.5525138432577,-1.23287914006134,0.105879983806038
quick_throw_lt2.5s_pp,Kellen Moore,4,2374,49.9157540016849,51.4858076874584,-1.5700536857735,0.14768900352041
quick_throw_lt2.5s_pp,Matt LaFleur,4,2238,50.0446827524576,51.6775737339306,-1.63289098147306,0.181874728109937
quick_throw_lt2.5s_pp,Scott Turner,2,864,48.3796296296296,50.0902432879364,-1.7106136583068,0.0476051709287006
quick_throw_lt2.5s_pp,Bobby Slowik,2,1271,48.5444531864674,50.8369971163436,-2.29254392987627,0.146546338511195
quick_throw_lt2.5s_pp,Liam Coen,2,1178,49.4057724957555,52.3057316365084,-2.8999591407529,0.221892751011751
quick_throw_lt2.5s_pp,Sean McVay,4,2452,48.3278955954323,51.2554357135228,-2.92754011809048,0.1792773526691
quick_throw_lt2.5s_pp,Joe Lombardi,1,751,48.4687083888149,51.4333044720712,-2.96459608325627,0.100589506449017
quick_throw_lt2.5s_pp,Klint Kubiak,3,1373,47.9970866715222,51.0979518348599,-3.10086516333772,0.0949187889174224
quick_throw_lt2.5s_pp,Luke Getsy,3,1205,46.8879668049793,50.1104381111648,-3.22247130618551,-0.000553512335194509
quick_throw_lt2.5s_pp,Greg Roman,3,1646,48.2989064398542,51.9251979231146,-3.62629148326044,0.0935759936826569
quick_throw_lt2.5s_pp,Kyle Shanahan,4,2344,47.3976109215017,51.5439057125116,-4.14629479100986,0.252773398058266
quick_throw_lt2.5s_pp,Joe Brady,3,1397,47.8883321403006,52.2299687165444,-4.34163657624379,0.249774153968159
quick_throw_lt2.5s_pp,Todd Monken,3,1488,45.9005376344086,51.0223359981131,-5.12179836370451,0.244703019573604
quick_throw_lt2.5s_pp,Ben Johnson,4,2547,45.6615626226934,51.3874391837592,-5.72587656106581,0.234625922478874
quick_throw_lt2.5s_pp,Josh McDaniels,3,1468,45.7765667574932,51.5052139571277,-5.72864719963448,0.188166678437775
quick_throw_lt2.5s_pp,Sean Payton,3,1789,44.3823365008385,51.005259749275,-6.62292324843654,0.0823648735595059
quick_throw_lt2.5s_pp,Kevin O'Connell,4,2402,41.3405495420483,51.6739938429849,-10.3334443009366,0.126204586425388
rollout_pp,Luke Getsy,3,1343,11.5413253909159,6.51398524567443,5.02734014524143,-0.203528390344363
rollout_pp,Sean Payton,3,1890,10.952380952381,7.24182492783589,3.71055602454507,-0.0284013283042308
rollout_pp,Klint Kubiak,3,1475,10.1694915254237,6.55931522957665,3.61017629584709,-0.0549236442578042
rollout_pp,Sean McVay,4,2620,11.1450381679389,7.80586419559532,3.3391739723436,0.0495628151525424
rollout_pp,Matt Canada,2,982,9.97963340122198,6.67095358161988,3.3086798196021,-0.123999852916631
rollout_pp,Shane Waldron,3,1595,10.282131661442,7.10075753384787,3.18137412759414,-0.0485157527598086
rollout_pp,Arthur Smith,4,2208,9.19384057971014,6.67943541133275,2.51440516837739,-0.0630950202513316
rollout_pp,Mike Kafka,3,1801,8.27318156579678,6.23091209968392,2.04226946611287,-0.110286584533523
rollout_pp,Mike McCarthy,2,1391,9.48957584471603,7.81776006264903,1.67181578206701,0.00300345501690426
rollout_pp,Dave Canales,3,1863,8.21256038647343,6.72070748432401,1.49185290214942,-0.0654260970267675
rollout_pp,Kevin O'Connell,4,2610,8.9272030651341,7.48145049056966,1.44575257456444,-0.0457176616283355
rollout_pp,Bo Hardegree,2,816,6.86274509803921,5.57690344382232,1.28584165421688,-0.172428045979948
rollout_pp,Mike McDaniel,4,2453,8.27558092132083,7.11059323592222,1.16498768539861,0.0297473827965445
rollout_pp,Joe Lombardi,1,794,8.43828715365239,7.29104358921654,1.14724356443586,-0.00275041473388999
rollout_pp,Kevin Stefanski,4,1906,7.34522560335782,6.36864003886841,0.976585564489411,-0.215280540881665
rollout_pp,Drew Petzing,3,1875,7.04,6.56552051816135,0.474479481838651,-0.05870495052884
rollout_pp,Kellen Moore,4,2556,7.15962441314554,6.9744888275074,0.185135585638137,0.000664011942108498
rollout_pp,Doug Pederson,1,712,7.02247191011238,6.89142526855321,0.131046641559169,0.0433226728529322
rollout_pp,Bobby Slowik,2,1385,7.14801444043321,7.0637649051603,0.0842495352729113,-0.0212653163712912
rollout_pp,Todd Downing,2,943,7.10498409331919,7.06791396209356,0.0370701312256323,-0.0662820700403944
rollout_pp,Andy Reid,4,2957,8.25160635779506,8.70864906706235,-0.457042709267282,0.0727417095446827
rollout_pp,Ben Johnson,4,2666,7.31432858214554,7.94252477965645,-0.628196197510913,0.128256865008018
rollout_pp,Press Taylor,2,1236,6.06796116504854,6.73054159152876,-0.662580426480227,-0.0647905885489069
rollout_pp,Scott Turner,2,933,5.57341907824223,6.32736097042033,-0.7539418921781,-0.100876470095411
rollout_pp,Shane Steichen,4,2398,6.33861551292744,7.17822701029023,-0.839611497362793,-0.013988531258321
rollout_pp,Nathaniel Hackett,3,1210,5.04132231404959,6.09605621213617,-1.05473389808658,-0.240593395544378
rollout_pp,Todd Monken,3,1615,6.13003095975232,7.20548366607331,-1.07545270632099,0.0834433808397997
rollout_pp,Joe Brady,3,1470,6.3265306122449,7.4590423993836,-1.1325117871387,0.150161166397101
rollout_pp,Kyle Shanahan,4,2486,6.51649235720032,7.6517845368371,-1.13529217963677,0.123352870562399
rollout_pp,Greg Roman,3,1808,5.64159292035398,7.05003039517329,-1.40843747481931,-0.0560488671765438
rollout_pp,Liam Coen,2,1264,5.85443037974684,7.4813229331925,-1.62689255344566,0.0937090219561968
rollout_pp,Kliff Kingsbury,3,1904,4.93697478991597,6.6464076281262,-1.70943283821023,-0.035557145281683
rollout_pp,Matt LaFleur,4,2356,5.73005093378608,7.59841912252717,-1.86836818874109,0.0829067173633717
rollout_pp,Zac Robinson,2,1158,3.79965457685665,6.18501603844639,-2.38536146158973,0.00156727311923594
rollout_pp,Josh McDaniels,3,1579,4.43318556048132,6.89206974912067,-2.45888418863935,0.0255446751472825
rollout_pp,Frank Reich,2,714,3.22128851540616,5.72174152376323,-2.50045300835707,-0.191641630255291
rollout_pp,Pete Carmichael,2,1188,4.04040404040404,6.78114851265252,-2.74074447224848,0.00842898989155894
rollout_pp,Ken Dorsey,3,1568,3.8265306122449,7.87335954697408,-4.04682893472919,-0.024870760509583
rollout_pp,Zac Taylor,4,2784,3.41235632183908,8.19862870599515,-4.78627238415607,0.0272388776467217
rollout_pp,Byron Leftwich,1,838,1.19331742243436,6.82505593090018,-5.63173850846582,-0.00665444376164952
screen_pp,Doug Pederson,1,713,14.586255259467,10.3685178808335,4.21773737863353,0.0427466967570246
screen_pp,Luke Getsy,3,1345,14.275092936803,10.3766774034412,3.89841553336182,-0.200631866623478
screen_pp,Byron Leftwich,1,839,13.2300357568534,9.8696762936787,3.36035946317471,-0.0130423864258702
screen_pp,Kliff Kingsbury,3,1908,13.6268343815514,10.4069022295325,3.21993215201886,-0.0327862547666609
screen_pp,Matt LaFleur,4,2360,13.9406779661017,10.8686023526351,3.07207561346655,0.0811245863294325
screen_pp,Sean Payton,3,1899,13.4281200631911,10.8000693313107,2.62805073188049,-0.0261007993434978
screen_pp,Mike McDaniel,4,2457,13.3496133496134,10.8006239572284,2.54898939238491,0.0277885136247217
screen_pp,Andy Reid,4,2965,13.8617200674536,11.4569624722268,2.40475759522684,0.0736301860092035
screen_pp,Bo Hardegree,2,823,11.7861482381531,9.6191821617605,2.1669660763926,-0.174674644406527
screen_pp,Press Taylor,2,1239,11.7029862792574,9.95618399334854,1.74680228590891,-0.0654377877558908
screen_pp,Joe Brady,3,1472,13.0434782608696,11.3051561803845,1.73832208048502,0.147302018862398
screen_pp,Todd Downing,2,949,11.5911485774499,10.3360281855818,1.25512039186815,-0.0630453960946493
screen_pp,Liam Coen,2,1265,12.9644268774704,11.9456981847674,1.01872869270297,0.0932677867935541
screen_pp,Arthur Smith,4,2216,11.4169675090253,10.6736199879457,0.74334752107954,-0.0647749566075489
screen_pp,Nathaniel Hackett,3,1212,10.8085808580858,10.3267507578428,0.481830100243047,-0.240975344137683
screen_pp,Eric Bieniemy,1,700,10.1428571428572,10.077648088469,0.0652090543881094,-0.190065861762767
screen_pp,Joe Lombardi,1,795,10.6918238993711,10.7837746717598,-0.0919507723887438,-0.00046778383881532
screen_pp,Ben Johnson,4,2682,10.9619686800895,11.0577380154449,-0.0957693353553618,0.131653706910711
screen_pp,Kevin O'Connell,4,2622,10.5644546147979,10.8637410462362,-0.299286431438286,-0.0464417258725792
screen_pp,Todd Monken,3,1616,10.7673267326733,11.3328721527573,-0.565545420084,0.0830892881010843
screen_pp,Bobby Slowik,2,1390,10.2877697841727,10.8625319630256,-0.57476217885294,-0.0200751179588034
screen_pp,Kyle Shanahan,4,2499,10.4441776710684,11.1517067729574,-0.70752910188899,0.127080581734935
screen_pp,Kevin Stefanski,4,1912,9.72803347280334,10.5553814207075,-0.827347947904164,-0.216859460352418
screen_pp,Zac Robinson,2,1159,9.74978429680759,10.5842155496798,-0.834431252872205,0.00122107995788098
screen_pp,Drew Petzing,3,1877,9.48321790090571,10.3792292190459,-0.896011318140156,-0.0585116002610428
screen_pp,Shane Steichen,4,2403,10.1123595505618,11.0545169344289,-0.94215738386709,-0.0117014329492914
screen_pp,Frank Reich,2,714,8.54341736694678,9.65556483676641,-1.11214746981964,-0.191641630255291
screen_pp,Sean McVay,4,2624,9.52743902439025,10.7019939395264,-1.17455491513615,0.0482499308498341
screen_pp,Klint Kubiak,3,1481,9.25050641458474,10.5831388979622,-1.33263248337746,-0.0558915586084384
screen_pp,Mike McCarthy,2,1391,9.20201294033071,10.573218148108,-1.37120520777726,0.00300345501690426
screen_pp,Scott Turner,2,937,8.0042689434365,9.41446974432233,-1.41020080088583,-0.104358831243619
screen_pp,Shane Waldron,3,1598,9.01126408010013,10.4827025311373,-1.47143845103718,-0.0512795587321909
screen_pp,Dave Canales,3,1867,8.46277450455276,10.0271894609487,-1.56441495639591,-0.0655213063944434
screen_pp,Kellen Moore,4,2562,8.54800936768149,10.607723092259,-2.05971372457749,-0.000821840877835055
screen_pp,Mike Kafka,3,1811,8.22749861954722,10.4803895532019,-2.25289093365472,-0.107927358623394
screen_pp,Pete Carmichael,2,1190,7.73109243697479,10.1684476956412,-2.43735525866642,0.00524539612311897
screen_pp,Zac Taylor,4,2794,8.51825340014316,11.1193511029072,-2.60109770276405,0.0230309517004806
screen_pp,Matt Canada,2,984,7.41869918699186,10.1376589142521,-2.71895972726019,-0.118761806629553
screen_pp,Ken Dorsey,3,1569,7.90312300828554,10.7986333517036,-2.89551034341807,-0.0251189436849001
screen_pp,Josh McDaniels,3,1594,7.08908406524466,10.7929406203844,-3.70385655513971,0.0310879896010466
screen_pp,Greg Roman,3,1811,7.5096631695196,11.3642241634029,-3.85456099388334,-0.0574964458091481
under_center_pass_pp,Ben Johnson,4,2682,30.2386278896346,17.8815795424326,12.357048347202,0.131653706910711
under_center_pass_pp,Kevin O'Connell,4,2622,27.7269260106789,16.238717792422,11.4882082182569,-0.0464417258725792
under_center_pass_pp,Sean McVay,4,2624,28.9634146341463,17.5284211403999,11.4349934937464,0.0482499308498341
under_center_pass_pp,Klint Kubiak,3,1481,26.6711681296421,15.3038005586125,11.3673675710296,-0.0558915586084384
under_center_pass_pp,Josh McDaniels,3,1596,23.2456140350877,15.66023060792,7.58538342716772,0.0291960949724757
under_center_pass_pp,Nathaniel Hackett,3,1212,19.6369636963696,14.3523587971479,5.28460489922178,-0.240975344137683
under_center_pass_pp,Joe Lombardi,1,795,21.0062893081761,16.2490440277916,4.75724528038452,-0.00046778383881532
under_center_pass_pp,Bobby Slowik,2,1390,20.2877697841727,16.1660749995796,4.12169478459303,-0.0200751179588034
under_center_pass_pp,Bo Hardegree,2,824,16.868932038835,12.7723361060331,4.09659593280188,-0.177744326128588
under_center_pass_pp,Kyle Shanahan,4,2499,20.7282913165266,17.4265828884241,3.30170842810251,0.127080581734935
under_center_pass_pp,Kevin Stefanski,4,1912,17.5732217573222,14.5036961805006,3.06952557682155,-0.216859460352418
under_center_pass_pp,Todd Downing,2,949,18.1243414120127,15.0626257330732,3.06171567893949,-0.0630453960946493
under_center_pass_pp,Matt LaFleur,4,2360,18.9830508474576,16.741753177593,2.2412976698646,0.0811245863294325
under_center_pass_pp,Liam Coen,2,1265,18.498023715415,16.9355482035206,1.56247551189441,0.0932677867935541
under_center_pass_pp,Joe Brady,3,1473,17.990495587237,16.8731551823423,1.11734040489471,0.147163203011886
under_center_pass_pp,Pete Carmichael,2,1191,15.7850545759866,15.1026456144022,0.682408961584339,0.0043731863351612
under_center_pass_pp,Mike Kafka,3,1812,14.9558498896247,14.3107823539969,0.645067535627842,-0.10856470074114
under_center_pass_pp,Arthur Smith,4,2218,15.9603246167719,15.3167256836866,0.643598933085279,-0.0656949356798757
under_center_pass_pp,Byron Leftwich,1,839,15.3754469606675,14.8173064336733,0.558140526994116,-0.0130423864258702
under_center_pass_pp,Sean Payton,3,1899,16.4296998420221,16.2327574510159,0.196942391006195,-0.0261007993434978
under_center_pass_pp,Drew Petzing,3,1877,15.2370804475226,15.316736312014,-0.0796558644913348,-0.0585116002610428
under_center_pass_pp,Shane Waldron,3,1598,15.2690863579474,16.2124142192073,-0.94332786125989,-0.0512795587321909
under_center_pass_pp,Scott Turner,2,937,13.3404482390608,14.3850791924921,-1.04463095343131,-0.104358831243619
under_center_pass_pp,Dave Canales,3,1868,13.8115631691649,14.9570973104412,-1.14553414127635,-0.0670697383482378
under_center_pass_pp,Greg Roman,3,1812,14.4039735099338,16.0993099795237,-1.69533646958993,-0.0581247211235041
under_center_pass_pp,Mike McCarthy,2,1392,15.301724137931,17.2479273290233,-1.94620319109227,0.00355633119008802
under_center_pass_pp,Luke Getsy,3,1346,11.8127786032689,14.7574863100184,-2.94470770674949,-0.20169250726877
under_center_pass_pp,Kellen Moore,4,2562,12.4121779859485,15.7865886820028,-3.37441069605431,-0.000821840877835055
under_center_pass_pp,Ken Dorsey,3,1570,14.140127388535,17.7238822972349,-3.58375490869982,-0.026482714588048
under_center_pass_pp,Doug Pederson,1,713,11.781206171108,15.4437901590478,-3.66258398793979,0.0427466967570246
under_center_pass_pp,Mike McDaniel,4,2457,12.2100122100122,15.8865782553601,-3.67656604534789,0.0277885136247217
under_center_pass_pp,Zac Robinson,2,1160,9.99999999999998,14.4573950673582,-4.45739506735822,0.000542948134885853
under_center_pass_pp,Matt Canada,2,984,10.2642276422764,15.2243921295664,-4.96016448728998,-0.118761806629553
under_center_pass_pp,Todd Monken,3,1618,11.7428924598269,16.8328627366881,-5.08997027686111,0.0789658602940704
under_center_pass_pp,Press Taylor,2,1239,10.0080710250202,15.5776681136727,-5.56959708865252,-0.0654377877558908
under_center_pass_pp,Frank Reich,2,714,7.14285714285714,13.1872408846439,-6.04438374178675,-0.191641630255291
under_center_pass_pp,Andy Reid,4,2965,9.13996627318718,19.0703975355282,-9.93043126234106,0.0736301860092035
under_center_pass_pp,Shane Steichen,4,2404,6.28119800332779,16.502212798836,-10.2210147955082,-0.0121170443981677
under_center_pass_pp,Eric Bieniemy,1,700,6.28571428571427,16.8919547428543,-10.6062404571401,-0.190065861762767
under_center_pass_pp,Kliff Kingsbury,3,1909,3.6668412781561,15.0539959288317,-11.3871546506756,-0.0326025250234637
under_center_pass_pp,Zac Taylor,4,2794,6.62133142448104,18.2990408098399,-11.6777093853588,0.0230309517004806
