caller,season,n,H,se
Vance Joseph,2022,628,1.39114917049031,0.0413853243767466
Dean Pees,2022,582,1.1733807407841,0.0583891574197444
Mike Macdonald,2022,677,1.22319689147298,0.0474630132328845
Leslie Frazier,2022,696,0.993137179009333,0.0490317073810785
Alan Williams,2022,501,1.04095104522746,0.061855697233518
Lou Anarumo,2022,708,1.4047735850805,0.0473893728509736
Joe Woods,2022,553,1.26153478392505,0.0531380502284686
Dan Quinn,2022,695,1.18930731691603,0.0468808777281941
Ejiro Evero,2022,640,1.27642522181943,0.0393733492142018
Aaron Glenn,2022,598,1.44939460015579,0.0434062267931254
Joe Barry,2022,512,1.30269269453775,0.0485403629755581
Lovie Smith,2022,561,0.968467284111428,0.0582904759441064
Gus Bradley,2022,557,0.896440740218319,0.0586543672236884
Mike Caldwell,2022,716,1.31185639341708,0.0425535485469583
Steve Spagnuolo,2022,800,1.26323295713943,0.0425049423001419
Raheem Morris,2022,594,1.1578282682947,0.0399223120645251
Brandon Staley,2022,594,1.27098578623641,0.0468620666016286
Patrick Graham,2022,616,1.41823011909494,0.0464558361097117
Josh Boyer,2022,710,1.59821199474255,0.0340725842719652
Ed Donatell,2022,692,0.948385810205041,0.0425589718328544
Bill Belichick,2022,650,1.28677381258801,0.0483232562107173
Dennis Allen,2022,584,1.13324049930665,0.0550713511540267
Don Martindale,2022,674,1.49961640828647,0.0383877917736315
Jeff Ulbrich,2022,597,0.931487425501078,0.0546137294259285
Jonathan Gannon,2022,705,1.00994762009347,0.0404933692117704
Teryl Austin,2022,581,1.19020758190347,0.042192261995734
Clint Hurtt,2022,623,0.92999110875525,0.0528552507035431
DeMeco Ryans,2022,737,1.03652509587445,0.0442803742501451
Todd Bowles,2022,649,1.43028235729386,0.0452197732428112
Shane Bowen,2022,710,0.906093046065122,0.0512410472565336
Jack Del Rio,2022,555,1.13240803372486,0.0502118469481109
Al Holcomb,2022,436,1.37868072154614,0.0507396485831799
Nick Rallis,2023,538,1.27928228490861,0.0599154921116159
Ryan Nielsen,2023,589,1.17714790748165,0.0476174405862101
Mike Macdonald,2023,768,1.0097361173506,0.0463363753290621
Sean McDermott,2023,669,1.04660345809869,0.0458011939823297
Ejiro Evero,2023,507,1.28517317104667,0.0448457264832945
Lou Anarumo,2023,599,1.33557001246452,0.0534856726904756
Jim Schwartz,2023,606,1.15382418742174,0.0452853605863596
Dan Quinn,2023,576,1.19128996785729,0.0491251607010628
Vance Joseph,2023,612,1.42101427266094,0.041455510489893
Aaron Glenn,2023,745,1.23247491326405,0.0442532404136171
Joe Barry,2023,672,1.27518296889279,0.0431325080504302
DeMeco Ryans,2023,686,1.13568992942475,0.0480605699677637
Gus Bradley,2023,619,1.06364703900191,0.0554280616205157
Mike Caldwell,2023,657,1.31036441516994,0.0443678052196925
Steve Spagnuolo,2023,773,1.49086826920919,0.0415455563726045
Raheem Morris,2023,674,1.31132975300774,0.0460053805854121
Brandon Staley,2023,559,1.14931965201375,0.0504736504553191
Patrick Graham,2023,610,1.05835540170544,0.0535517697686743
Vic Fangio,2023,665,1.08263469417546,0.0474928779346689
Brian Flores,2023,647,1.98689849854992,0.00745348213761125
Bill Belichick,2023,609,1.49339096325136,0.0434778317875019
Dennis Allen,2023,592,1.35248979879901,0.0512491375327576
Don Martindale,2023,616,1.63165152210628,0.0330135223595528
Jeff Ulbrich,2023,570,1.03988217498186,0.0586709657104775
Sean Desai,2023,599,1.04709930475128,0.0475125752659643
Teryl Austin,2023,650,1.21680550556898,0.0499531062564258
Clint Hurtt,2023,632,1.06360409376869,0.0501086554104803
Steve Wilks,2023,794,0.949661129778893,0.0467355734351129
Todd Bowles,2023,742,1.55812637844444,0.0347511445086939
Shane Bowen,2023,614,1.13851881676547,0.0510060634541475
Jack Del Rio,2023,458,1.06734481617028,0.0533897148973996
Matt Eberflus,2023,585,1.07163136816061,0.0543554992239301
Nick Rallis,2024,579,1.25467296952692,0.0491219220014178
Jimmy Lake,2024,609,1.44402346953064,0.048308038827263
Zach Orr,2024,736,0.973971558502963,0.0488507299330854
Sean McDermott,2024,697,1.13892801886167,0.0568904857629155
Ejiro Evero,2024,560,1.17860491729355,0.0481087464216266
Matt Eberflus,2024,387,1.05719781485228,0.0596969865489094
Lou Anarumo,2024,609,1.37422142350799,0.0529730347685859
Jim Schwartz,2024,552,1.20272705066538,0.0501752739051613
Mike Zimmer,2024,563,1.33098116956441,0.051609396022509
Vance Joseph,2024,697,1.43648108078057,0.0430324378949044
Aaron Glenn,2024,677,1.43476426538603,0.0429336371228828
Jeff Hafley,2024,633,0.989129962168972,0.0536753431668654
DeMeco Ryans,2024,667,1.18705795550571,0.0476676911933909
Gus Bradley,2024,581,1.07399376388525,0.0575830427095701
Ryan Nielsen,2024,614,0.938513017053883,0.0536747879167809
Steve Spagnuolo,2024,705,1.38958888375297,0.0416550712468634
Chris Shula,2024,655,1.17447557968231,0.0495232141223653
Jesse Minter,2024,646,1.15456784230933,0.0496484780553237
Patrick Graham,2024,599,1.29534036559157,0.0524847502035986
Anthony Weaver,2024,607,1.08054517500178,0.0515963545573889
Brian Flores,2024,715,1.70271265735412,0.0309170016977254
DeMarcus Covington,2024,560,1.35124698641901,0.0496899008409303
Dennis Allen,2024,324,1.3714113391969,0.0680642329585513
Shane Bowen,2024,547,1.27215433263319,0.0467250182952591
Jeff Ulbrich,2024,564,1.28351069658825,0.0537044090954835
Vic Fangio,2024,744,0.866134035422179,0.0504988114898471
Teryl Austin,2024,644,1.13960155667869,0.0461369550119874
Mike Macdonald,2024,613,1.20131877127562,0.0511979895204912
Nick Sorensen,2024,553,0.927850451456504,0.05508767878963
Todd Bowles,2024,712,1.27547135560898,0.0393379698513927
Dennard Wilson,2024,504,0.986666564899069,0.0553116886602697
Joe Whitt Jr.,2024,633,1.28313387093855,0.0474084745735203
Joe Woods,2024,306,1.09543085549151,0.0752303082786054
Nick Rallis,2025,601,1.14606758172606,0.0504057086107211
Jeff Ulbrich,2025,584,1.3674583332327,0.0465323003158339
Zach Orr,2025,655,1.24053004701083,0.0456057615646781
Sean McDermott,2025,577,1.23024140784536,0.053621369403521
Ejiro Evero,2025,580,1.11423898489716,0.0493243595155516
Dennis Allen,2025,660,1.30216245682917,0.0491721253874193
Al Golden,2025,568,1.05473587601958,0.0600423750026012
Jim Schwartz,2025,539,1.13192512821138,0.0467686747422986
Matt Eberflus,2025,591,1.1600216830195,0.0517076913105846
Vance Joseph,2025,728,1.40708826865161,0.0402528792997943
Kelvin Sheppard,2025,603,1.41927050865768,0.0516344861762079
Jeff Hafley,2025,634,1.00528183870311,0.0538110740117
Lou Anarumo,2025,664,1.47550319802388,0.0473592527626024
Anthony Campanile,2025,703,1.32710706536073,0.0431162628541149
Steve Spagnuolo,2025,543,1.47014755109585,0.046311778579447
Chris Shula,2025,758,1.04468223481011,0.0456804395993899
Jesse Minter,2025,583,1.19559384852924,0.0537599279628632
Patrick Graham,2025,561,1.28115001084238,0.0568305834480099
Anthony Weaver,2025,553,1.28256263923543,0.0466213718950377
Brian Flores,2025,496,1.55363747111894,0.0368873691567561
Brandon Staley,2025,534,1.08013542798271,0.0499176613734842
Shane Bowen,2025,449,1.15474152168732,0.0573623407834637
Steve Wilks,2025,431,1.20199016134158,0.0558311179737708
Vic Fangio,2025,618,0.997309666060971,0.0525689341955526
Teryl Austin,2025,695,1.28175641412003,0.0434937329321397
Mike Macdonald,2025,764,1.0299453548899,0.0478249672545453
Robert Saleh,2025,659,1.07186254993616,0.045133704701593
Todd Bowles,2025,605,1.39687473829687,0.0435866401884869
Dennard Wilson,2025,556,0.907863796522828,0.0547318967705699
Joe Whitt Jr.,2025,330,1.22333656708587,0.0685974400275095
Zak Kuhr,2025,646,1.34727140406434,0.0437483412336539
Matt Burke,2025,469,0.987926636785516,0.0641573994604802
Dan Quinn,2025,251,1.24074799544931,0.0738936974622946
