off_play_caller,n_games,n_script,script_epa,v_script,n_rest,rest_epa,v_rest,gap,se_gap,gap_lo,gap_hi,rank_gap,rank_script
Adam Gase,87,1305,-0.0924604071734123,1.77691087171738,1707,-0.0580008343784815,1.89255014853151,-0.0344595727949308,0.0497022845148252,-0.131876050443988,0.0629569048541265,37,55
Andy Reid,188,2820,0.110364376097353,1.77252751093002,3869,0.152220748375525,1.86746187776032,-0.0418563722781715,0.0333350996019935,-0.107193167498079,0.0234804229417357,42,3
Arthur Smith,123,1845,-0.011842163370956,1.74734281949638,2928,-0.000778133302212901,1.81668511459915,-0.0110640300687431,0.0395919416715231,-0.0886642357449283,0.0665361756074421,29,31
Ben Johnson,74,1110,0.0766327831257884,1.80875040655568,1703,0.0644467233535843,2.08882095802905,0.0121860597722041,0.0534421048878093,-0.0925604658079021,0.11693258535231,19,7
Ben McAdoo,55,825,-0.0805005864627596,1.4635646896817,1418,0.0158957930761856,2.03116305784197,-0.0963963795389451,0.0566253636614782,-0.207382092315442,0.0145893332375521,59,52
Bill Lazor,62,930,-0.0234169585930885,1.92540886600477,1161,-0.0371453696159399,1.85112707373561,0.0137284110228514,0.0605372349172831,-0.104924569415023,0.132381391460726,17,38
Bill Musgrave,55,825,-0.0744495539023217,1.76310164264315,1445,0.00433735019565393,1.9464423508708,-0.0787869040979756,0.0590263655336476,-0.194478580543925,0.0369047723479737,52,50
Bill O'Brien,103,1545,-0.129274469847109,1.78703940922185,2351,-0.0186945458621189,1.79895297686925,-0.110579923984991,0.0438388652414264,-0.196504099858186,-0.0246557481117947,60,59
Brian Daboll,88,1320,-0.00696722060736104,1.79316573451892,1622,0.0295475267110316,1.91195238941773,-0.0365147473183926,0.0503708363248696,-0.135241586515137,0.0622120918783518,39,27
Brian Schottenheimer,72,1080,0.0486418294033408,1.69767841906471,1765,0.0939778300251705,1.90217236129327,-0.0453360006218297,0.0514746783751116,-0.146226370237049,0.0555543689933891,45,11
Bruce Arians,50,750,-0.0411755052490246,1.89553779668668,1198,-0.0326029125189741,1.80585982016742,-0.00857259273005055,0.0635199121397165,-0.133071620523895,0.115926435063794,26,42
Byron Leftwich,82,1230,0.006366320150611,1.76317082029272,1807,0.0155103984965681,2.08506636264805,-0.00914407834595708,0.0508660504736055,-0.108841537274224,0.0905533805823096,27,23
Chan Gailey,48,720,-0.0217021689157143,1.58623442304739,1050,0.00424462721455868,1.73388889052134,-0.025946796130273,0.0620840246619134,-0.147631484467623,0.0957378922070772,34,37
Chip Kelly,42,630,-0.109427792297105,1.85303353869887,827,-0.0832657085805492,1.98750263523079,-0.0261620837165559,0.0731067102007037,-0.169451235709935,0.117127068276823,35,57
Darrell Bevell,97,1455,-0.0475703854256936,1.8344524537898,1989,-0.00862787570883143,1.84184094252854,-0.0389425097168622,0.0467632934065419,-0.130598564793684,0.0527135453599599,41,44
Dave Canales,54,810,-0.0799163713537295,1.96205762003098,1151,-0.000635357846566755,1.80763951166036,-0.0792810135071627,0.0631885128431995,-0.203130498679834,0.0445684716655082,53,51
Dirk Koetter,88,1320,-0.0113237081777,1.73833820654175,2163,-0.0174573617888548,1.94210950444656,0.00613365361115481,0.0470616680742883,-0.0861072158144503,0.0983745230367599,21,30
Doug Pederson,117,1755,-0.0179073028241536,1.93638596127613,2916,0.0326209708291411,1.73677445485798,-0.0505282736532946,0.0412183877534317,-0.131316313650021,0.0302597663434316,48,34
Dowell Loggains,42,630,-0.054852599384636,1.65546524658196,771,-0.0549236265561759,1.86544327495677,7.10271715398947e-05,0.0710438878080939,-0.139174992932324,0.139317047275404,22,46
Drew Petzing,51,765,-0.0018918624166353,1.70278217343437,990,-0.055212841700672,1.90247714059051,0.0533209792840367,0.0644014994518416,-0.0729059596415729,0.179547918209646,6,25
Frank Reich,101,1515,0.0249387817373858,1.90102494200942,2462,-0.0147034990502547,1.99578162001846,0.0396422807876405,0.0454470706550344,-0.0494339776962268,0.128718539271508,9,14
Gary Kubiak,51,765,-0.0161135830710799,1.76017047997947,1318,-0.00583436495140636,2.02720355954952,-0.0102792181196735,0.0619593992649835,-0.131719640679041,0.111161204439694,28,33
Greg Olson,42,630,-0.153775630131634,1.88977814898937,926,-0.103121290017521,2.04547835700983,-0.0506543401141127,0.0721705463878199,-0.19210861103424,0.0907999308060143,49,61
Greg Roman,124,1860,0.0128311323959725,1.78857589127579,2668,-0.0141154660034914,1.88150387358648,0.026946598399464,0.0408266002560536,-0.053073538102401,0.106966734901329,12,21
Hue Jackson,49,735,0.0200569966002934,1.673876900291,905,-0.126545549887405,2.08129932155008,0.146602546487698,0.0676547248436303,0.013999285794183,0.279205807181214,2,17
Jay Gruden,53,795,-0.0853875509225954,1.88406710583511,964,-0.00118893258328561,1.74960956809325,-0.0841986183393098,0.0646903657073775,-0.21099173512577,0.0425944984471501,54,53
Jim Bob Cooter,58,870,-0.00800090843628655,1.67915928753902,1329,0.035004988490245,1.81237522140142,-0.0430058969265315,0.0573914769933087,-0.155493191833417,0.0694813979803536,43,28
Joe Brady,76,1140,0.0893793894369454,1.70588093656337,1655,0.0638053637890591,1.82211464783701,0.0255740256478863,0.0509643248212659,-0.0743160510017949,0.125464102297568,13,5
Joe Lombardi,42,630,-0.0592498587675918,1.91699067136144,1193,0.0360883845229252,2.11195043570019,-0.095338243290517,0.0693767086025067,-0.23131659215143,0.0406401055703962,58,48
John DeFilippo,45,675,-0.114752583605146,2.16539238443883,760,-0.0491256817619854,2.02282419768956,-0.0656269018431601,0.0766133115334457,-0.215788992448714,0.0845351887623934,50,58
Jon Gruden,53,795,-0.0123212732671216,2.39618982305286,1313,0.0731148795978482,1.92570532837518,-0.0854361528649698,0.0669381848185631,-0.216634995109353,0.0457626893794139,55,32
Josh McDaniels,172,2580,0.0527056265473648,1.77500647407839,3226,0.0406168876718635,1.99540808198515,0.0120887388755013,0.0361459043116721,-0.0587572335753759,0.0829347113263786,20,10
Kellen Moore,124,1860,-0.0589503301295657,1.7686097638057,2736,0.0327880552772229,1.99084049819492,-0.0917383854067886,0.04096964541378,-0.172038890417797,-0.0114378803957798,57,47
Ken Whisenhunt,65,975,-0.00671137140992249,1.98865157123176,1235,-0.00375417899987617,2.12540856281373,-0.00295719241004632,0.0613239042342561,-0.123152044709188,0.117237659889096,23,26
Kevin O'Connell,81,1215,-0.0663135334484479,2.2488694488338,1708,-0.0302031396719271,2.14828882220254,-0.0361103937765208,0.0557557324221722,-0.145391629323978,0.0731708417709366,38,49
Kevin Stefanski,104,1560,-0.0185029028335619,1.97042801739829,2189,-0.0438265065127806,1.94562486030331,0.0253236036792186,0.0463887261584905,-0.0655982995914228,0.11624550694986,14,35
Kliff Kingsbury,103,1545,-0.0470919876256494,1.87838900616356,2229,0.0394868026704319,1.95004325257392,-0.0865787902960814,0.0457234833767535,-0.176196817714518,0.00303923712235543,56,43
Klint Kubiak,62,930,0.0284457296206226,1.91925783367482,1333,0.00924434411473493,1.78684010009382,0.0192013855058877,0.0583453793551283,-0.0951555580301637,0.133558329041939,15,13
Kyle Shanahan,198,2970,0.0552500652411753,1.88726178133563,4192,0.0392011445984486,1.99404621408271,0.0160489206427267,0.0333334762738673,-0.0492846928540532,0.0813825341395066,16,9
Luke Getsy,43,645,0.139803819428434,1.53560666156603,935,-0.179056509533511,2.18577431429256,0.318860328961945,0.0686914264021219,0.184225133213786,0.453495524710104,1,1
Marty Mornhinweg,44,660,0.00536785969464737,1.65708445792902,910,-0.0694636021696503,2.10068447883594,0.0748314618642976,0.0694203032937949,-0.0612323325915404,0.210895256320136,5,24
Matt Canada,45,675,-0.164963099968321,1.57279497147459,1152,-0.0017662037822617,1.4369754227191,-0.163196896186059,0.0598117139304243,-0.280427855489691,-0.0459659368824275,62,63
Matt LaFleur,142,2130,0.0821904263301576,1.77231862017715,2971,0.0892675685019683,1.99535795230713,-0.00707714217181066,0.0387773907336092,-0.0830808280096848,0.0689265436660635,24,6
Matt Nagy,52,780,-0.0380584348869952,1.80270667119442,1085,0.0108613486971716,1.63141194785134,-0.0489197835841668,0.0617638072082497,-0.169976845712336,0.0721372785440027,47,41
Mike Kafka,53,795,-0.0857243405122419,1.48616321828892,1182,-0.0197697837533453,1.87072369843777,-0.0659545567588966,0.0587542701408421,-0.181112926234947,0.0492038127171539,51,54
Mike McCarthy,89,1335,0.0386401445474747,1.91892768495658,1783,0.011347939681206,1.79645224711665,0.0272922048662687,0.0494463723777403,-0.0696226849941022,0.12420709472664,11,12
Mike McDaniel,70,1050,0.116298250082187,1.96207197289691,1250,-0.0255545386408228,1.89089952855989,0.14185278872301,0.0581494591293457,0.0278798488294923,0.255825728616528,3,2
Mike Shula,53,795,0.0184080789807614,1.99719133103948,1049,0.0320340275595991,1.89346064087538,-0.0136259485788377,0.0657054431822877,-0.142408617216122,0.115156720058446,31,18
Nathaniel Hackett,70,1050,-0.0953251780526454,1.82296689679955,1741,-0.136603207690955,1.70308538601234,0.0412780296383099,0.0520997260750396,-0.0608374334687677,0.143393492745387,8,56
Norv Turner,52,780,0.00726469306856081,1.70459128295052,1092,-0.0200525709050872,1.91984536237225,0.027317263973648,0.062797082642211,-0.0957650180050856,0.150399545952382,10,22
Pat Shurmur,92,1380,-0.0324575352344167,1.666959106338,1873,-0.020649088595971,2.00973873358413,-0.0118084466384456,0.0477592564660764,-0.105416589311955,0.0817996960350641,30,40
Randy Fichtner,49,735,-0.166650295915331,1.91441715405505,1158,0.0802604236436557,1.96407772591682,-0.246910719558986,0.0655800575165063,-0.375447632291339,-0.118373806826634,64,64
Rob Chudzinski,40,600,-0.0518466265033878,1.70035473293855,1040,-0.00489787104250511,1.76240191818287,-0.0469487554608827,0.0672944409585188,-0.178845859739579,0.084948348817814,46,45
Scott Linehan,67,1005,0.0141571143161015,1.59666866427141,1764,0.0222262686959907,1.89241683410823,-0.00806915437988923,0.0515899573353917,-0.109185470757257,0.0930471619974786,25,20
Scott Turner,63,945,-0.162918386110909,1.77937697810871,1380,-0.0493997761955487,1.79044703686175,-0.11351860991536,0.0563947159776826,-0.224052253231618,-0.00298496659910218,61,62
Sean McVay,197,2955,0.0242379908190151,1.791456751907,4518,0.046892050750403,2.04914822177551,-0.0226540599313879,0.0325545388998877,-0.0864609561751677,0.0411528363123919,32,15
Sean Payton,174,2610,0.0175718990014936,1.628640535455,3777,0.0509084473902294,1.84526329660752,-0.0333365483887358,0.0333549522353559,-0.0987122547700335,0.0320391579925618,36,19
Shane Steichen,104,1560,0.070423734382259,1.95831906357018,2502,-0.0141308699583405,2.07851645028483,0.0845546043405995,0.0456735669680234,-0.00496558691672634,0.174074795597925,4,8
Shane Waldron,61,915,-0.0185848996363429,1.88073337814603,1406,0.00631860615138231,1.94498286283642,-0.0249035057877252,0.0586412070780537,-0.139840271660711,0.09003326008526,33,36
Tim Kelly,50,750,-0.143321668279501,1.8411399283566,944,0.0458409436843466,1.68002279664307,-0.189162611963847,0.0650733309716374,-0.316706340668256,-0.0616188832594378,63,60
Todd Downing,63,945,-0.0304948411505758,1.89735299938863,1354,0.00767902740339569,1.91252261265006,-0.0381738685539715,0.058483153031885,-0.152800848496466,0.0764531113885231,40,39
Todd Haley,62,930,0.0214962370666199,1.85327707952698,1585,0.00823981288241422,1.915148176201,0.0132564241842057,0.0565779677309237,-0.0976363925684047,0.124149240936816,18,16
Todd Monken,63,945,0.0988420089860079,1.93551836578044,1091,0.0551442927784691,2.22711500456768,0.0436977162075388,0.0639493515032971,-0.0816430127389235,0.169038445154001,7,4
Zac Taylor,128,1920,-0.00993496722121682,1.81251711283678,3086,0.0343045581430796,1.98996754039671,-0.0442395253642964,0.0398604629996646,-0.122366032843639,0.0338869821150463,44,29
