coach,first_season,last_season,games,actual_wins,expected_wins,wins_above_expectation,rate_per17,sd_wae,sd_rate_per17,z,outside_cone,eligible
Bill Belichick,2000,2023,387,266,243.04168112153204,22.9583188784685,1.008504963653655,8.785142224199953,0.3859106403395328,2.6133121459578046,TRUE,TRUE
Andy Reid,1999,2025,437,279.5,261.35173814195133,18.148261858049302,0.7059964567204534,9.520041874788465,0.3703448784242652,1.9063216419363236,FALSE,TRUE
Mike Tomlin,2007,2025,309,194,176.6117636864033,17.38823631359716,0.9566343602949895,8.137520820323859,0.4476953202119922,2.136797766485486,TRUE,TRUE
Sean Payton,2006,2025,292,184,171.40620089771497,12.593799102285434,0.7332006326673027,7.842003590169232,0.4565550035372498,1.6059415119463951,FALSE,TRUE
Tony Dungy,1999,2008,160,115,102.43419401982374,12.56580598017619,1.3351168853937203,5.692915659805332,0.6048722888543165,2.2072707082061136,TRUE,TRUE
Sean McDermott,2017,2025,148,98,87.12344681056992,10.876553189430057,1.2493338122993984,5.436134683212325,0.6244208757743887,2.0007880273861933,TRUE,TRUE
Mike Vrabel,2018,2025,116,68,58.91486037211583,9.08513962788415,1.3314428765002635,5.02151436259454,0.7359115876216136,1.809242983662402,FALSE,TRUE
Jeff Fisher,1999,2016,272,141.5,133.30552097261142,8.194479027388546,0.5121549392117841,7.606212956856571,0.4753883098035357,1.0773402051544831,FALSE,TRUE
Kevin O'Connell,2022,2025,68,43,35.33590767228462,7.664092327715377,1.9160230819288442,3.926910102894002,0.9817275257235005,1.9516851995331381,FALSE,TRUE
Chuck Pagano,2012,2017,96,53,45.465618472221024,7.534381527778961,1.334213395544191,4.53945554846684,0.8038619200410029,1.6597544457338347,FALSE,TRUE
Jim Harbaugh,2011,2025,98,66.5,59.064641974282964,7.435358025717041,1.2898070044611194,4.530169629552548,0.785845752065238,1.6412979278331004,FALSE,TRUE
Mike McCarthy,2006,2024,288,175,167.61245914450555,7.3875408554946125,0.4360701199423903,7.713522619831593,0.45531209908728154,0.9577389241720927,FALSE,TRUE
Bruce Arians,2013,2021,129,80.5,73.26583716825793,7.234162831742083,0.9533392879039954,5.207835362616738,0.6863038849960043,1.3890920753123026,FALSE,TRUE
Marty Schottenheimer,2001,2006,96,55,47.810887575334384,7.189112424665618,1.27307199186787,4.508857687841696,0.7984435488886338,1.5944420787667193,FALSE,TRUE
Mike Smith,2008,2014,112,66,59.00969520214965,6.990304797850348,1.0610284068165705,4.911162174078426,0.7454442585654754,1.42335043113539,FALSE,TRUE
Matt LaFleur,2019,2025,117,76.5,69.54388506214188,6.956114937858077,1.0107175550733958,4.994034582497018,0.7256289564311906,1.3928848154631759,FALSE,TRUE
Pete Carroll,1999,2025,260,148.5,141.84917587217996,6.650824127820138,0.4348615775882398,7.381271648991139,0.4826216078186514,0.9010404228557504,FALSE,TRUE
Bill Cowher,1999,2006,128,78.5,72.43017984133954,6.069820158660484,0.8061479898220956,5.257599841881684,0.6982749789999112,1.15448500099013,FALSE,TRUE
Nick Sirianni,2021,2025,85,59,53.314783580911254,5.685216419088763,1.1370432838177527,4.228202001286744,0.8456404002573487,1.344594325757997,FALSE,TRUE
Marvin Lewis,2003,2018,256,132.5,127.12872371073472,5.371276289265188,0.35668631608401635,7.416088818013675,0.4924746480712206,0.7242734574885836,FALSE,TRUE
John Harbaugh,2008,2025,293,180,174.65618431124165,5.343815688758542,0.31005073962080276,7.840081712216676,0.45488528705694026,0.68160203999298,FALSE,TRUE
Jim Caldwell,2009,2017,112,62,56.76239613910381,5.237603860896219,0.7949934431717476,4.909574108316199,0.745203212869423,1.0668142990293963,FALSE,TRUE
Brian Flores,2019,2021,49,24,18.79338800790034,5.206611992099656,1.806375589095799,3.0649337229612286,1.0633443528640998,1.698768215799856,FALSE,TRUE
DeMeco Ryans,2023,2025,51,32,26.95411279116611,5.045887208833884,1.6819624029446278,3.381005093326204,1.1270016977754014,1.4924222441409525,FALSE,TRUE
Dan Campbell,2021,2025,85,48.5,43.57712092616628,4.922879073833709,0.9845758147667418,4.198415833161671,0.8396831666323342,1.172556333022037,FALSE,TRUE
Mike Macdonald,2024,2025,34,24,19.265054823338605,4.734945176661393,2.3674725883306964,2.7324472454629,1.36622362273145,1.7328587713902057,FALSE,TRUE
Mike Zimmer,2014,2021,129,72.5,68.28328150141057,4.216718498589393,0.5556915850854238,5.313523875618749,0.7002318285699127,0.793582300050993,FALSE,TRUE
Sean McVay,2017,2025,149,92,87.83858863741,4.161411362589907,0.4747919004297209,5.600511183010848,0.6389844973904995,0.7430413450853467,FALSE,TRUE
John Fox,2002,2017,256,133,129.10313478854314,3.896865211456837,0.2587762054483056,7.298031098037536,0.48463487760405516,0.5339611683080819,FALSE,TRUE
Liam Coen,2025,2025,17,13,9.151283166247417,3.8487168337525826,3.8487168337525826,1.9452825572534904,1.9452825572534904,1.9784872996478808,TRUE,TRUE
Dick Jauron,1999,2009,142,60,56.215181949269464,3.7848180507305256,0.4531120201578798,5.460404800012657,0.6537104338043321,0.6931387304329072,FALSE,TRUE
Adam Gase,2016,2020,80,32,28.324558580180447,3.675441419819573,0.7810313017116592,3.9777195070307485,0.8452653952440341,0.9240071888737028,FALSE,TRUE
Bill O'Brien,2014,2020,100,52,48.35264376600033,3.6473562339996537,0.6200505597799412,4.690645719747514,0.7974097723570773,0.7775808389545101,FALSE,TRUE
Mike Sherman,2000,2005,96,57,53.7939097057784,3.2060902942216134,0.5677451562684107,4.575344785490331,0.8102173057639127,0.7007319545379405,FALSE,TRUE
Tom Cable,2008,2010,44,17,13.794067312631704,3.205932687368299,1.238655811028661,2.89075443375208,1.1168823948587583,1.1090297570545038,FALSE,TRUE
Jack Del Rio,2003,2017,187,93,89.9905017132901,3.0094982867099067,0.27359075333726424,6.398624295338265,0.5816931177580241,0.4703352076636981,FALSE,TRUE
Ron Rivera,2011,2023,211,103,100.06923260017913,2.930767399820808,0.23612817913248216,6.7729780209748265,0.5456901723060287,0.43271473652279563,FALSE,TRUE
Ben Johnson,2025,2025,17,11,8.132190296650618,2.8678097033493812,2.8678097033493812,1.9749747879122654,1.9749747879122654,1.452074082616987,FALSE,TRUE
Matt Nagy,2018,2021,65,34,31.219788527996062,2.7802114720039355,0.7271322311394909,3.744801092932442,0.9794095166131003,0.7424189971667721,FALSE,TRUE
Bobby Ross,1999,2000,23,13,10.285922148767174,2.714077851232825,2.0060575422155664,2.275787949468301,1.6821041365635268,1.1925881986794609,FALSE,TRUE
Brian Billick,1999,2007,144,80,77.40817978868716,2.5918202113127897,0.3059787749466488,5.516666799897339,0.6512731638767691,0.4698163411574941,FALSE,TRUE
Dick Vermeil,1999,2005,96,57,54.48408257155773,2.5159174284422887,0.4455270446199886,4.567697962320777,0.8088631808276375,0.5508064344876231,FALSE,TRUE
Jason Garrett,2010,2019,152,85,82.55752358561024,2.44247641438975,0.2731717042409589,5.78879796210223,0.6474313510245915,0.4219315357661495,FALSE,TRUE
Dave Canales,2024,2025,34,13,10.886825545551948,2.1131744544480524,1.0565872272240262,2.621884325868119,1.3109421629340594,0.8059754709996102,FALSE,TRUE
Dave Wannstedt,2000,2004,73,42,39.97651022728915,2.0234897727108705,0.4712236456997918,4.036798303389162,0.9400763172276131,0.5012610540913118,FALSE,TRUE
Rich Bisaccia,2021,2021,12,7,5.009172208798083,1.9908277912019172,2.820339370869383,1.6434070099889797,2.3281599308177214,1.211402762128456,FALSE,FALSE
Lovie Smith,2004,2022,193,92.5,90.51097582459076,1.989024175409205,0.1751990206318989,6.394571930154297,0.563252449806337,0.3110488390989467,FALSE,TRUE
Todd Haley,2009,2011,45,19,17.42871742919118,1.5712825708088238,0.5935956378611111,2.9959992357660457,1.1318219335116173,0.5244602709009247,FALSE,TRUE
Tony Sparano,2008,2014,73,32,30.72533983132478,1.2746601686752204,0.2968386694175171,3.9554266740950212,0.9211267597207584,0.32225604813338,FALSE,TRUE
Mike Nolan,2005,2008,55,18,16.819152800915262,1.1808471990847398,0.36498913426255597,3.2515478948669085,1.0050238947770445,0.3631646333578223,FALSE,TRUE
Al Groh,2000,2000,16,9,8.062814381894654,0.9371856181053468,0.995759719236931,1.8920450095335588,2.0102978226294064,0.4953294521975399,FALSE,TRUE
Mike Holmgren,1999,2008,160,86,85.21105923359492,0.7889407664049908,0.08382495643053027,5.863321500858892,0.6229779094662573,0.13455526296646403,FALSE,TRUE
Jim Tomsula,2010,2015,17,6,5.2848911440470125,0.715108855952987,0.715108855952987,1.8394208131463579,1.8394208131463579,0.38876849214823345,FALSE,TRUE
Ben McAdoo,2016,2017,28,13,12.310948098236535,0.6890519017634653,0.41835294035638965,2.4568498638446123,1.4916588459056574,0.28046154219826824,FALSE,TRUE
Jim Bates,2004,2004,7,3,2.34378553326043,0.6562144667395702,1.5936637049389561,1.113042239285781,2.7031025811226113,0.589568341234427,FALSE,FALSE
Shane Steichen,2023,2025,51,25,24.534166251117412,0.46583374888258844,0.15527791629419616,3.3877873619642673,1.129262453988089,0.13750383336116295,FALSE,TRUE
David Culley,2021,2021,17,4,3.598944364709212,0.4010556352907886,0.4010556352907886,1.5923432826526758,1.5923432826526758,0.25186505928713576,FALSE,TRUE
Steve Wilks,2018,2022,28,9,8.696422308543017,0.30357769145698477,0.18431502695602647,2.3008780054679687,1.3969616461769812,0.13193993368424634,FALSE,TRUE
Mel Tucker,2011,2011,5,2,1.7278444455736066,0.2721555544263933,0.9253288850497371,0.9997900175794376,3.399286059770088,0.27221271431105215,FALSE,FALSE
Nick Saban,2005,2006,32,15,14.746526483299029,0.2534735167009702,0.13465780574739042,2.647237512292384,1.406344928405329,0.09575019828178316,FALSE,TRUE
Jay Rosburg,2022,2022,2,1,0.8260693726665801,0.1739306273334199,1.4784103323340692,0.5685970796640343,4.833075177144291,0.3058943381070299,FALSE,FALSE
Perry Fewell,2009,2009,7,3,2.850297509152672,0.149702490847328,0.3635631920577966,1.191135675533769,2.892758069153439,0.12568046942279995,FALSE,FALSE
Jimmy Johnson,1999,1999,16,9,8.89615201452927,0.10384798547073038,0.11033848456265102,1.9046483146826398,2.0236888343503048,0.0545234438663465,FALSE,TRUE
Bill Parcells,1999,2006,80,42,42.00895836912007,-0.008958369120061094,-0.0019036534380129826,4.172255240341916,0.8866042385726571,-0.002147128735903261,FALSE,TRUE
Eric Mangini,2006,2010,80,33,33.00936668117694,-0.009366681176929625,-0.0019904197500975455,4.035671941087755,0.857580287481148,-0.0023209719010026807,FALSE,TRUE
Mike Munchak,2011,2013,48,22,22.044971506781305,-0.044971506781300796,-0.0159274086517107,3.2183991130101006,1.1398496858577438,-0.01397325353450023,FALSE,TRUE
Emmitt Thomas,2007,2007,4,1,1.0876387167220753,-0.08763871672207535,-0.37246454606882023,0.8573484554490354,3.6437309356584002,-0.10222065038441652,FALSE,FALSE
Kellen Moore,2025,2025,17,6,6.233260537294564,-0.2332605372945632,-0.2332605372945632,1.8861548037559397,1.8861548037559397,-0.12366987949773083,FALSE,TRUE
Antonio Pierce,2023,2024,26,9,9.31127347531979,-0.31127347531979366,-0.20352496463217276,2.309709851948271,1.5101949031969464,-0.13476734969859108,FALSE,TRUE
Leslie Frazier,2010,2013,54,21.5,21.81760708437831,-0.3176070843783153,-0.09998741545243259,3.401315045152508,1.0707843660665302,-0.09337773189548058,FALSE,TRUE
Gary Moeller,2000,2000,9,4,4.363721939425997,-0.36372193942599784,-0.6870303300268847,1.3485601864106251,2.5472803521089586,-0.2697113136597135,FALSE,FALSE
Gary Kubiak,2006,2016,157,82,82.37584973668136,-0.3758497366813529,-0.04069710524575159,5.79064260786195,0.6270122569022494,-0.06490639504690932,FALSE,TRUE
Gunther Cunningham,1999,2000,32,16,16.384979149654463,-0.38497914965446656,-0.20452017325393534,2.7141840115229723,1.441910256121579,-0.14183973821231396,FALSE,TRUE
Joe Judge,2020,2021,33,10,10.38833634399896,-0.38833634399895745,-0.2000520559994629,2.5567880217983228,1.317133223350651,-0.15188445060291708,FALSE,TRUE
Butch Davis,2001,2004,59,24,24.407271435292284,-0.4072714352922905,-0.11734939660964303,3.6098682620450173,1.0401315331316152,-0.11282168924955953,FALSE,TRUE
Wade Phillips,1999,2013,94,55,55.41565954461627,-0.4156595446162672,-0.07517247083485684,4.427394455131664,0.8006989972046626,-0.09388355811271532,FALSE,TRUE
Jay Gruden,2014,2019,85,35.5,36.07012011426717,-0.5701201142671707,-0.11402402285343415,4.303216310822634,0.8606432621645268,-0.1324869755752953,FALSE,TRUE
Jim Fassel,1999,2003,80,40,40.577227192305585,-0.5772271923055745,-0.1226607783649346,4.186159625706388,0.8895589204626075,-0.13788943659982175,FALSE,TRUE
Eric Studesville,2010,2010,4,1,1.6099172815918443,-0.6099172815918443,-2.5921484467653384,0.9286726037095328,3.946858565765514,-0.6567624361433325,FALSE,FALSE
Darrell Bevell,2020,2021,9,2,2.650041567931591,-0.6500415679315912,-1.2278562949818943,1.24693870512182,2.355328665230104,-0.5213099611564991,FALSE,FALSE
Dirk Koetter,2016,2018,48,19,19.730076601733725,-0.7300766017337307,-0.25856879644736297,3.280076345151532,1.161693705574501,-0.22257914905331352,FALSE,TRUE
Mike McDaniel,2022,2025,68,35,35.79367208174268,-0.7936720817426817,-0.19841802043567042,3.8285556065272064,0.9571389016318016,-0.2073032661167492,FALSE,TRUE
Joe Gibbs,2004,2007,64,30,30.85340245877235,-0.8534024587723539,-0.2266850281114065,3.727534733065649,0.990126413470563,-0.2289455417281886,FALSE,TRUE
Vince Tobin,1999,2000,25,9,9.970561477364823,-0.9705614773648212,-0.6599818046080784,2.343371572632264,1.5934926693899396,-0.41417310370229005,FALSE,TRUE
Joe Vitt,2005,2012,21,9,10.038475837559277,-1.0384758375592762,-0.8406709161194141,2.1206500131597625,1.7167166773198077,-0.48969694721664614,FALSE,TRUE
Bobby Petrino,2007,2007,12,3,4.043740643358404,-1.043740643358404,-1.4786325780910723,1.5787020868661015,2.2364946230603104,-0.6611384453353988,FALSE,FALSE
Terry Robiskie,2000,2004,18,8,9.069721358158397,-1.0697213581583953,-1.0102923938162622,1.9112060203144323,1.8050279080747418,-0.5597101237586121,FALSE,TRUE
Brian Daboll,2022,2025,68,22.5,23.589346388422644,-1.0893463884226517,-0.27233659710566294,3.735504617979148,0.933876154494787,-0.29161960694134326,FALSE,TRUE
Dave McGinnis,2000,2003,55,16,17.094863712315636,-1.0948637123156353,-0.3384124201702873,3.2831930212278215,1.0148051156522357,-0.33347528008151867,FALSE,TRUE
Giff Smith,2023,2023,3,0,1.1307038892130854,-1.1307038892130854,-6.407322038874151,0.7657815703350558,4.339428898565316,-1.4765357812389812,FALSE,FALSE
Jerod Mayo,2024,2024,17,4,5.14651333495228,-1.1465133349522802,-1.1465133349522802,1.8667926185320936,1.8667926185320933,-0.6141621321889589,FALSE,TRUE
Chris Tabor,2023,2023,6,1,2.1476364791358327,-1.1476364791358327,-3.2516366908848595,1.1722940295321536,3.3214997503411015,-0.9789664113480461,FALSE,FALSE
Brian Schottenheimer,2025,2025,17,7.5,8.707348927249345,-1.2073489272493445,-1.2073489272493445,1.966508982004862,1.966508982004862,-0.6139554603093897,FALSE,TRUE
Mike Singletary,2008,2010,40,18,19.493939850616563,-1.4939398506165644,-0.6349244365120399,2.921889077186006,1.2418028578040525,-0.5112924588004341,FALSE,TRUE
Jon Gruden,1999,2021,213,109,110.51308296793644,-1.5130829679365694,-0.12076249039869333,6.7429545434710265,0.5381700809343073,-0.22439465640497847,FALSE,TRUE
Chris Palmer,1999,2000,32,5,6.522364815536743,-1.522364815536743,-0.8087563082538948,2.205379580522883,1.1716079021527814,-0.6902960510660932,FALSE,TRUE
Rex Ryan,2009,2016,127,61,62.53842441810609,-1.5384244181061026,-0.20593082762050194,5.284094688041788,0.7073197613914204,-0.2911424773646934,FALSE,TRUE
Vic Fangio,2019,2021,49,19,20.539262349806233,-1.5392623498062254,-0.5340297948307312,3.2085619955708813,1.1131745698919384,-0.4797358916333961,FALSE,TRUE
Aaron Kromer,2012,2012,6,2,3.603126717920234,-1.6031267179202335,-4.542192367440662,1.1181788078718151,3.168173288970143,-1.4336944204580306,FALSE,FALSE
Marc Trestman,2013,2014,32,13,14.70436380445498,-1.7043638044549783,-0.9054432711167072,2.6803963515405873,1.423960561755937,-0.6358626042284293,FALSE,TRUE
Lane Kiffin,2007,2008,20,5,6.765127676502333,-1.7651276765023338,-1.5003585250269837,2.0119591100703915,1.7101652435598327,-0.8773178677774311,FALSE,TRUE
Steve Spurrier,2002,2003,32,12,13.776222328833569,-1.7762223288335683,-0.9436181121928332,2.687903458212648,1.4279487121754693,-0.6608207312678884,FALSE,TRUE
Brad Childress,2006,2010,74,39,40.86080433276256,-1.8608043327625747,-0.4274820764454564,3.9797224441618053,0.914260561496631,-0.467571384404545,FALSE,TRUE
Dom Capers,2002,2005,64,18,19.879497552319343,-1.879497552319342,-0.49924153733482524,3.503201360199488,0.930537861302989,-0.53650857003901,FALSE,TRUE
Urban Meyer,2021,2021,13,2,3.9039600550803955,-1.9039600550803955,-2.489793918182056,1.5786932702020984,2.0644450456488976,-1.2060354541428162,FALSE,FALSE
Arthur Smith,2021,2023,51,21,22.926201526505164,-1.9262015265051522,-0.6420671755017173,3.356992795168924,1.1189975983896414,-0.573787804751075,FALSE,TRUE
Bill Callahan,2002,2019,43,18,19.970665285559217,-1.9706652855592144,-0.7791002291745731,2.9542903944542163,1.1679752722260857,-0.6670519896278783,FALSE,TRUE
Joe Philbin,2012,2018,68,31,32.995879779608174,-1.9958797796081664,-0.4989699449020416,3.8915094051872403,0.9728773512968101,-0.512880625946254,FALSE,TRUE
Jeff Saturday,2022,2022,8,1,3.055028210622718,-2.055028210622718,-4.3669349475732755,1.3197409701900347,2.804449561653824,-1.557145119414461,FALSE,FALSE
Kliff Kingsbury,2019,2022,66,28.5,30.69902694293949,-2.19902694293948,-0.5664160307571389,3.7476888326020252,0.9653137902156731,-0.5867688170398856,FALSE,TRUE
Ray Rhodes,1999,1999,16,8,10.210438174750331,-2.2104381747503314,-2.348590560672227,1.8553572430950072,1.971317070788445,-1.1913814350184104,FALSE,TRUE
Jim Mora,1999,2009,112,60,62.23957321727709,-2.23957321727709,-0.3399352204795583,4.910622623275172,0.7453623624614101,-0.4560670589228443,FALSE,TRUE
Kyle Shanahan,2017,2025,149,82,84.24392065042193,-2.243920650421983,-0.2560177923300249,5.5783466177948995,0.6364556543792838,-0.402255507620105,FALSE,TRUE
Aaron Glenn,2025,2025,17,3,5.244626548252715,-2.2446265482527155,-2.2446265482527155,1.8188712474147992,1.8188712474147992,-1.2340766568513584,FALSE,TRUE
Raheem Morris,2009,2025,93,37,39.249700124518476,-2.2497001245184833,-0.41123550663241093,4.457916748757754,0.8148880078374389,-0.5046527899260089,FALSE,TRUE
Bruce Coslet,1999,2000,19,4,6.264935913407843,-2.2649359134078444,-2.0265216067333345,1.8626087279829548,1.66654465135317,-1.2160019865581622,FALSE,TRUE
Greg Schiano,2012,2013,32,11,13.267638905381569,-2.2676389053815664,-1.2046831684839572,2.6402965825323506,1.4026575594703112,-0.8588576451538781,FALSE,TRUE
Mike Tice,2001,2005,65,32,34.27703807576246,-2.277038075762475,-0.5955330351994166,3.760648615399454,0.9835542532583187,-0.6054907832755891,FALSE,TRUE
Jim Haslett,2000,2008,108,47,49.317365043110904,-2.317365043110911,-0.3647704234526434,4.817326472791005,0.7582828707171027,-0.4810479539221065,FALSE,TRUE
Dan Quinn,2015,2025,119,60,62.348772934088856,-2.3487729340888577,-0.3355389905841225,5.113162669512598,0.7304518099303712,-0.4593581479606534,FALSE,TRUE
Gregg Williams,2001,2018,56,22,24.3555768803071,-2.3555768803070976,-0.7150858386646546,3.5145072827020463,1.0669039965345497,-0.6702438466697578,FALSE,TRUE
Kevin Stefanski,2020,2025,101,45,47.39004718457389,-2.3900471845739,-0.40228516968075545,4.671523242586388,0.7862959913264217,-0.5116205272802306,FALSE,TRUE
Brandon Staley,2021,2023,48,24,26.412943089593295,-2.412943089593292,-0.8545840108976244,3.2877763433855196,1.1644207882823716,-0.7339133923898893,FALSE,TRUE
Freddie Kitchens,2019,2019,16,6,8.421743114010384,-2.4217431140103844,-2.5731020586360334,1.848749261955691,1.9642960908279217,-1.3099359463427478,FALSE,TRUE
Rob Chudzinski,2013,2013,16,4,6.66013004021065,-2.6601300402106505,-2.8263881677238163,1.8721090053397325,1.9891158181734658,-1.4209268972176732,FALSE,TRUE
Todd Bowles,2011,2025,135,61,63.749626946677836,-2.749626946677857,-0.3462493192112857,5.386777698749314,0.6783349694721359,-0.5104400256420935,FALSE,TRUE
Frank Reich,2018,2023,85,41.5,44.25043863334207,-2.7504386333420663,-0.5500877266684132,4.263932711837525,0.8527865423675051,-0.6450473821283111,FALSE,TRUE
Dave Campo,2000,2002,48,15,17.776812776372786,-2.7768127763727866,-0.9834545249653619,3.115401454557445,1.1033713484890952,-0.8913178018552488,FALSE,TRUE
Art Shell,2006,2006,16,2,4.777606433728792,-2.777606433728791,-2.9512068358368406,1.727806870577739,1.8357947999888475,-1.607590802553079,FALSE,TRUE
Jim Zorn,2008,2009,32,12,14.801713325464258,-2.801713325464254,-1.488410204152885,2.5675536187802614,1.3640128599770138,-1.0911995391142921,FALSE,TRUE
Zac Taylor,2019,2025,116,52.5,55.31028977379904,-2.8102897737990506,-0.4118528116774471,4.955939001724626,0.7263014054251606,-0.567054956249682,FALSE,TRUE
Mike Ditka,1999,1999,16,3,5.839941652314472,-2.8399416523144714,-3.017438005584126,1.7696267397469305,1.8802284109811136,-1.604825237168717,FALSE,TRUE
Mike Pettine,2014,2015,32,10,12.869531094736368,-2.8695310947363644,-1.5244383940786936,2.5731436252782585,1.3669825509290747,-1.1151849692906493,FALSE,TRUE
Doug Pederson,2016,2024,131,64.5,67.40860100649303,-2.908601006493035,-0.3774520390105465,5.35371147823684,0.6947564513742465,-0.5432868428410222,FALSE,TRUE
Dick LeBeau,2000,2002,45,12,15.007218347842949,-3.0072183478429535,-1.1360602647406712,3.040715771129223,1.1487148468710398,-0.9889837045591966,FALSE,TRUE
Mike Mularkey,2004,2017,80,34,37.058788625327416,-3.0587886253274266,-0.6499925828820782,4.180267029951363,0.8883067438646646,-0.7317208693634616,FALSE,TRUE
Scott Linehan,2006,2008,36,11,14.1271872891812,-3.127187289181201,-1.4767273310022337,2.7555687319880477,1.301240790105467,-1.134860928301013,FALSE,TRUE
Steve Mariucci,1999,2005,107,47,50.13374234175709,-3.133742341757104,-0.4978842972885119,4.803190031325139,0.7631236498367043,-0.6524293899095525,FALSE,TRUE
Herm Edwards,2001,2008,128,54,57.34229566852574,-3.3422956685257397,-0.4438986434760748,5.2678006817559995,0.6996297780457187,-0.6344764865726847,FALSE,TRUE
Nathaniel Hackett,2022,2022,15,4,7.424689683888645,-3.424689683888646,-3.881314975073799,1.8364373918432473,2.0812957107556804,-1.8648551260717126,FALSE,FALSE
Mike McCoy,2013,2016,64,27,30.52918681716649,-3.5291868171664884,-0.9374402483098485,3.733554771772612,0.9917254862521,-0.9452618303201981,FALSE,TRUE
Chip Kelly,2013,2016,63,28,31.532880935021794,-3.5328809350218005,-0.9533170777042954,3.688514256632933,0.9953133708374582,-0.9578059590440073,FALSE,TRUE
Anthony Lynn,2016,2020,65,33,36.56564379939084,-3.5656437993908656,-0.9325529936868417,3.715946718718418,0.9718629879725093,-0.9595519175314252,FALSE,TRUE
Mike Martz,2000,2005,85,53,56.64838025929247,-3.648380259292476,-0.7296760518584952,4.059120272688816,0.8118240545377631,-0.8988105831305511,FALSE,TRUE
Robert Saleh,2021,2024,68,23,26.910263754306587,-3.9102637543065852,-0.9775659385766464,3.787761554466978,0.9469403886167445,-1.032341581717344,FALSE,TRUE
Matt Patricia,2018,2020,43,13.5,17.439707044226747,-3.939707044226751,-1.5575585988803435,3.0583939405932465,1.2091324881415162,-1.2881620617723801,FALSE,TRUE
Jonathan Gannon,2023,2025,51,15,19.05141014394035,-4.051410143940348,-1.350470047980116,3.239899467933388,1.0799664893111294,-1.2504740298391397,FALSE,TRUE
Dan Reeves,1999,2003,77,28.5,32.721965495982104,-4.221965495982097,-0.9321222523596837,4.04892945215111,0.8939194894359593,-1.0427362456856484,FALSE,TRUE
Cam Cameron,2007,2007,16,1,5.248163211185191,-4.248163211185191,-4.513673411884265,1.7690305625659142,1.8795949727262837,-2.4014074720243306,TRUE,TRUE
George Seifert,1999,2001,48,16,20.285641477891076,-4.285641477891078,-1.5178313567530901,3.118924358477189,1.1046190436273378,-1.3740767602275346,FALSE,TRUE
Matt Eberflus,2022,2024,51,15,19.299877149616453,-4.299877149616462,-1.4332923832054871,3.304498610445706,1.1014995368152354,-1.301219233690796,FALSE,TRUE
Dennis Erickson,2003,2004,32,9,13.306546280083442,-4.306546280083444,-2.2878527112943297,2.580668188519478,1.3709799751509726,-1.6687717929960215,FALSE,TRUE
Tom Coughlin,1999,2015,256,135,139.35116571092365,-4.351165710923672,-0.28894459799102507,7.3954821040369145,0.49110623347120136,-0.58835457238799,FALSE,TRUE
Vance Joseph,2017,2018,32,11,15.414476947301445,-4.414476947301446,-2.3451908782538933,2.6828691916891896,1.425274258084882,-1.6454313020464484,FALSE,TRUE
Josh McDaniels,2009,2023,53,20,24.483187536014473,-4.483187536014471,-1.4380035492876606,3.408957274778895,1.0934391258724756,-1.3151198958060424,FALSE,TRUE
Chan Gailey,1999,2012,64,24,28.562625826079387,-4.562625826079399,-1.2119474850523404,3.7152369160722123,0.9868598058316814,-1.2280847572173286,FALSE,TRUE
Matt Rhule,2020,2022,38,11,15.704177370337757,-4.70417737033775,-2.1045004025195198,2.878319630008688,1.2876693081617816,-1.6343485001780538,FALSE,TRUE
Doug Marrone,2013,2020,98,38,42.744570083744605,-4.744570083744607,-0.8230376675883503,4.589530372654342,0.796143023827794,-1.0337811711660159,FALSE,TRUE
Romeo Crennel,2005,2020,95,32,36.94323959013981,-4.943239590139825,-0.8845797161302845,4.458253085637293,0.7977926574298313,-1.1087839777568853,FALSE,TRUE
Dennis Green,1999,2006,95,42,47.13155739383207,-5.13155739383208,-0.9182786915278458,4.512009265366728,0.8074121843287828,-1.1373109167174984,FALSE,TRUE
Steve Spagnuolo,2009,2017,52,11,16.190919942722456,-5.190919942722462,-1.6970315197361896,3.1610175566334617,1.0334095858224779,-1.642167387469648,FALSE,TRUE
Brian Callahan,2024,2025,34,6,11.242210090428289,-5.242210090428289,-2.6211050452141444,2.614394552699623,1.3071972763498114,-2.005133496401752,TRUE,TRUE
Marty Mornhinweg,2001,2002,32,5,10.328368813364019,-5.328368813364017,-2.8306959320996343,2.5539266280341746,1.3567735211431553,-2.0863437323825567,TRUE,TRUE
Mike Riley,1999,2001,48,14,19.403107203747684,-5.403107203747682,-1.9136004679939709,3.1871969634508224,1.1287989245554997,-1.695253624331288,FALSE,TRUE
Mike Shanahan,1999,2013,224,115,120.99643419512199,-5.99643419512215,-0.4550865237369489,6.954375169313471,0.5277874012425402,-0.8622534805976123,FALSE,TRUE
Ken Whisenhunt,2007,2015,128,50,56.26401083658911,-6.264010836589115,-0.8319389392344918,5.198495983608293,0.6904252478229764,-1.204965985612101,FALSE,TRUE
Pat Shurmur,2011,2019,65,19,25.317248905572118,-6.31724890557212,-1.652203559918862,3.7160844010976195,0.9718989972101466,-1.6999745494763774,FALSE,TRUE
Gus Bradley,2013,2016,62,14,20.526880997020584,-6.52688099702058,-1.7896286604733849,3.524707564154697,0.9664520740424168,-1.8517510682012768,FALSE,TRUE
Rod Marinelli,2006,2008,48,10,16.539310782534066,-6.539310782534068,-2.3160059021474826,3.100141886955574,1.097966918296766,-2.1093585458296085,TRUE,TRUE
Jim Schwartz,2009,2013,80,29,35.72833305873936,-6.728333058739361,-1.4297707749821142,4.0316844759590165,0.856732951141291,-1.6688639944074226,FALSE,TRUE
Dennis Allen,2012,2024,87,29,36.51327481794308,-7.5132748179430715,-1.4681111713222095,4.313158643234317,0.8428011141952113,-1.7419426085169631,FALSE,TRUE
Hue Jackson,2011,2018,56,11.5,19.508999346980556,-8.008999346980554,-2.4313033731905254,3.4129515126999297,1.036074566355336,-2.3466490271479907,TRUE,TRUE
Norv Turner,1999,2012,147,76,85.48391425951678,-9.483914259516812,-1.0967792000801755,5.536100081104885,0.6402292610801567,-1.713103831320916,FALSE,TRUE
