coach,spell,team,last,first,seasons,next_first,next_team,coach_after,replacement,moved_on,ended,key
Aaron Glenn,1,NYJ,2026,2025,2,NA,NA,Aaron Glenn,NA,NA,FALSE,Aaron Glenn 2025
Aaron Kromer,1,NO,2012,2012,1,NA,NA,Aaron Kromer,Sean Payton,1,TRUE,Aaron Kromer 2012
Adam Gase,1,MIA,2018,2016,3,2019,NYJ,Adam Gase,Brian Flores,1,TRUE,Adam Gase 2016
Adam Gase,2,NYJ,2020,2019,2,NA,NA,Adam Gase,Robert Saleh,1,TRUE,Adam Gase 2019
Al Groh,1,NYJ,2000,2000,1,NA,NA,Al Groh,Herm Edwards,1,TRUE,Al Groh 2000
Andy Reid,1,PHI,2012,1999,14,2013,KC,Andy Reid,Chip Kelly,1,TRUE,Andy Reid 1999
Andy Reid,2,KC,2026,2013,14,NA,NA,Andy Reid,NA,NA,FALSE,Andy Reid 2013
Anthony Lynn,1,LAC,2020,2017,4,NA,NA,Anthony Lynn,Brandon Staley,1,TRUE,Anthony Lynn 2017
Antonio Pierce,1,LV,2024,2024,1,NA,NA,Antonio Pierce,Pete Carroll,1,TRUE,Antonio Pierce 2024
Art Shell,1,LV,2006,2006,1,NA,NA,Art Shell,Lane Kiffin,1,TRUE,Art Shell 2006
Arthur Smith,1,ATL,2023,2021,3,NA,NA,Arthur Smith,Raheem Morris,1,TRUE,Arthur Smith 2021
Ben Johnson,1,CHI,2026,2025,2,NA,NA,Ben Johnson,NA,NA,FALSE,Ben Johnson 2025
Ben McAdoo,1,NYG,2017,2016,2,NA,NA,Ben McAdoo,Pat Shurmur,1,TRUE,Ben McAdoo 2016
Bill Belichick,1,NE,2023,2000,24,NA,NA,Bill Belichick,Jerod Mayo,1,TRUE,Bill Belichick 2000
Bill Callahan,1,LV,2003,2002,2,NA,NA,Bill Callahan,Norv Turner,1,TRUE,Bill Callahan 2002
Bill Cowher,1,PIT,2006,1999,8,NA,NA,Bill Cowher,Mike Tomlin,1,TRUE,Bill Cowher 1999
Bill O'Brien,1,HOU,2020,2014,7,NA,NA,Bill O'Brien,David Culley,1,TRUE,Bill O'Brien 2014
Bill Parcells,1,NYJ,1999,1999,1,2003,DAL,Bill Parcells,Al Groh,1,TRUE,Bill Parcells 1999
Bill Parcells,2,DAL,2006,2003,4,NA,NA,Bill Parcells,Wade Phillips,1,TRUE,Bill Parcells 2003
Bobby Petrino,1,ATL,2007,2007,1,NA,NA,Bobby Petrino,Mike Smith,1,TRUE,Bobby Petrino 2007
Bobby Ross,1,DET,2000,1999,2,NA,NA,Bobby Ross,Marty Mornhinweg,1,TRUE,Bobby Ross 1999
Brad Childress,1,MIN,2010,2006,5,NA,NA,Brad Childress,Leslie Frazier,1,TRUE,Brad Childress 2006
Brandon Staley,1,LAC,2023,2021,3,NA,NA,Brandon Staley,Jim Harbaugh,1,TRUE,Brandon Staley 2021
Brian Billick,1,BAL,2007,1999,9,NA,NA,Brian Billick,John Harbaugh,1,TRUE,Brian Billick 1999
Brian Callahan,1,TEN,2025,2024,2,NA,NA,Brian Callahan,Robert Saleh,1,TRUE,Brian Callahan 2024
Brian Daboll,1,NYG,2025,2022,4,NA,NA,Brian Daboll,John Harbaugh,1,TRUE,Brian Daboll 2022
Brian Flores,1,MIA,2021,2019,3,NA,NA,Brian Flores,Mike McDaniel,1,TRUE,Brian Flores 2019
Brian Schottenheimer,1,DAL,2026,2025,2,NA,NA,Brian Schottenheimer,NA,NA,FALSE,Brian Schottenheimer 2025
Bruce Arians,1,ARI,2017,2013,5,2019,TB,Bruce Arians,Steve Wilks,1,TRUE,Bruce Arians 2013
Bruce Arians,2,TB,2021,2019,3,NA,NA,Bruce Arians,Todd Bowles,1,TRUE,Bruce Arians 2019
Bruce Coslet,1,CIN,2000,1999,2,NA,NA,Bruce Coslet,Dick LeBeau,1,TRUE,Bruce Coslet 1999
Butch Davis,1,CLE,2004,2001,4,NA,NA,Butch Davis,Romeo Crennel,1,TRUE,Butch Davis 2001
Cam Cameron,1,MIA,2007,2007,1,NA,NA,Cam Cameron,Tony Sparano,1,TRUE,Cam Cameron 2007
Chan Gailey,1,DAL,1999,1999,1,2010,BUF,Chan Gailey,Dave Campo,1,TRUE,Chan Gailey 1999
Chan Gailey,2,BUF,2012,2010,3,NA,NA,Chan Gailey,Doug Marrone,1,TRUE,Chan Gailey 2010
Chip Kelly,1,PHI,2015,2013,3,2016,SF,Chip Kelly,Doug Pederson,1,TRUE,Chip Kelly 2013
Chip Kelly,2,SF,2016,2016,1,NA,NA,Chip Kelly,Kyle Shanahan,1,TRUE,Chip Kelly 2016
Chris Palmer,1,CLE,2000,1999,2,NA,NA,Chris Palmer,Butch Davis,1,TRUE,Chris Palmer 1999
Chuck Pagano,1,IND,2017,2012,6,NA,NA,Chuck Pagano,Frank Reich,1,TRUE,Chuck Pagano 2012
Dan Campbell,1,DET,2026,2021,6,NA,NA,Dan Campbell,NA,NA,FALSE,Dan Campbell 2021
Dan Quinn,1,ATL,2020,2015,6,2024,WAS,Dan Quinn,Arthur Smith,1,TRUE,Dan Quinn 2015
Dan Quinn,2,WAS,2026,2024,3,NA,NA,Dan Quinn,NA,NA,FALSE,Dan Quinn 2024
Dan Reeves,1,ATL,2003,1999,5,NA,NA,Dan Reeves,Jim Mora,1,TRUE,Dan Reeves 1999
Dave Campo,1,DAL,2002,2000,3,NA,NA,Dave Campo,Bill Parcells,1,TRUE,Dave Campo 2000
Dave Canales,1,CAR,2026,2024,3,NA,NA,Dave Canales,NA,NA,FALSE,Dave Canales 2024
Dave McGinnis,1,ARI,2003,2001,3,NA,NA,Dave McGinnis,Dennis Green,1,TRUE,Dave McGinnis 2001
Dave Wannstedt,1,MIA,2004,2000,5,NA,NA,Dave Wannstedt,Nick Saban,1,TRUE,Dave Wannstedt 2000
David Culley,1,HOU,2021,2021,1,NA,NA,David Culley,Lovie Smith,1,TRUE,David Culley 2021
DeMeco Ryans,1,HOU,2026,2023,4,NA,NA,DeMeco Ryans,NA,NA,FALSE,DeMeco Ryans 2023
Dennis Allen,1,LV,2014,2012,3,2022,NO,Dennis Allen,Jack Del Rio,1,TRUE,Dennis Allen 2012
Dennis Allen,2,NO,2024,2022,3,NA,NA,Dennis Allen,Kellen Moore,1,TRUE,Dennis Allen 2022
Dennis Erickson,1,SF,2004,2003,2,NA,NA,Dennis Erickson,Mike Nolan,1,TRUE,Dennis Erickson 2003
Dennis Green,1,MIN,2001,1999,3,2004,ARI,Dennis Green,Mike Tice,1,TRUE,Dennis Green 1999
Dennis Green,2,ARI,2006,2004,3,NA,NA,Dennis Green,Ken Whisenhunt,1,TRUE,Dennis Green 2004
Dick Jauron,1,CHI,2003,1999,5,2006,BUF,Dick Jauron,Lovie Smith,1,TRUE,Dick Jauron 1999
Dick Jauron,2,BUF,2009,2006,4,NA,NA,Dick Jauron,Chan Gailey,1,TRUE,Dick Jauron 2006
Dick LeBeau,1,CIN,2002,2001,2,NA,NA,Dick LeBeau,Marvin Lewis,1,TRUE,Dick LeBeau 2001
Dick Vermeil,1,LA,1999,1999,1,2001,KC,Dick Vermeil,Mike Martz,1,TRUE,Dick Vermeil 1999
Dick Vermeil,2,KC,2005,2001,5,NA,NA,Dick Vermeil,Herm Edwards,1,TRUE,Dick Vermeil 2001
Dirk Koetter,1,TB,2018,2016,3,NA,NA,Dirk Koetter,Bruce Arians,1,TRUE,Dirk Koetter 2016
Dom Capers,1,HOU,2005,2002,4,NA,NA,Dom Capers,Gary Kubiak,1,TRUE,Dom Capers 2002
Doug Marrone,1,BUF,2014,2013,2,2017,JAX,Doug Marrone,Rex Ryan,1,TRUE,Doug Marrone 2013
Doug Marrone,2,JAX,2020,2017,4,NA,NA,Doug Marrone,Urban Meyer,1,TRUE,Doug Marrone 2017
Doug Pederson,1,PHI,2020,2016,5,2022,JAX,Doug Pederson,Nick Sirianni,1,TRUE,Doug Pederson 2016
Doug Pederson,2,JAX,2024,2022,3,NA,NA,Doug Pederson,Liam Coen,1,TRUE,Doug Pederson 2022
Eric Mangini,1,NYJ,2008,2006,3,2009,CLE,Eric Mangini,Rex Ryan,1,TRUE,Eric Mangini 2006
Eric Mangini,2,CLE,2010,2009,2,NA,NA,Eric Mangini,Pat Shurmur,1,TRUE,Eric Mangini 2009
Frank Reich,1,IND,2022,2018,5,2023,CAR,Frank Reich,Shane Steichen,1,TRUE,Frank Reich 2018
Frank Reich,2,CAR,2023,2023,1,NA,NA,Frank Reich,Dave Canales,1,TRUE,Frank Reich 2023
Freddie Kitchens,1,CLE,2019,2019,1,NA,NA,Freddie Kitchens,Kevin Stefanski,1,TRUE,Freddie Kitchens 2019
Gary Kubiak,1,HOU,2013,2006,8,2015,DEN,Gary Kubiak,Bill O'Brien,1,TRUE,Gary Kubiak 2006
Gary Kubiak,2,DEN,2016,2015,2,NA,NA,Gary Kubiak,Vance Joseph,1,TRUE,Gary Kubiak 2015
George Seifert,1,CAR,2001,1999,3,NA,NA,George Seifert,John Fox,1,TRUE,George Seifert 1999
Greg Schiano,1,TB,2013,2012,2,NA,NA,Greg Schiano,Lovie Smith,1,TRUE,Greg Schiano 2012
Gregg Williams,1,BUF,2003,2001,3,NA,NA,Gregg Williams,Mike Mularkey,1,TRUE,Gregg Williams 2001
Gunther Cunningham,1,KC,2000,1999,2,NA,NA,Gunther Cunningham,Dick Vermeil,1,TRUE,Gunther Cunningham 1999
Gus Bradley,1,JAX,2016,2013,4,NA,NA,Gus Bradley,Doug Marrone,1,TRUE,Gus Bradley 2013
Herm Edwards,1,NYJ,2005,2001,5,2006,KC,Herm Edwards,Eric Mangini,1,TRUE,Herm Edwards 2001
Herm Edwards,2,KC,2008,2006,3,NA,NA,Herm Edwards,Todd Haley,1,TRUE,Herm Edwards 2006
Hue Jackson,1,LV,2011,2011,1,2016,CLE,Hue Jackson,Dennis Allen,1,TRUE,Hue Jackson 2011
Hue Jackson,2,CLE,2018,2016,3,NA,NA,Hue Jackson,Freddie Kitchens,1,TRUE,Hue Jackson 2016
Jack Del Rio,1,JAX,2011,2003,9,2015,LV,Jack Del Rio,Mike Mularkey,1,TRUE,Jack Del Rio 2003
Jack Del Rio,2,LV,2017,2015,3,NA,NA,Jack Del Rio,Jon Gruden,1,TRUE,Jack Del Rio 2015
Jason Garrett,1,DAL,2019,2011,9,NA,NA,Jason Garrett,Mike McCarthy,1,TRUE,Jason Garrett 2011
Jay Gruden,1,WAS,2019,2014,6,NA,NA,Jay Gruden,Ron Rivera,1,TRUE,Jay Gruden 2014
Jeff Fisher,1,TEN,2010,1999,12,2012,LA,Jeff Fisher,Mike Munchak,1,TRUE,Jeff Fisher 1999
Jeff Fisher,2,LA,2016,2012,5,NA,NA,Jeff Fisher,Sean McVay,1,TRUE,Jeff Fisher 2012
Jeff Hafley,1,MIA,2026,2026,1,NA,NA,Jeff Hafley,NA,NA,FALSE,Jeff Hafley 2026
Jerod Mayo,1,NE,2024,2024,1,NA,NA,Jerod Mayo,Mike Vrabel,1,TRUE,Jerod Mayo 2024
Jesse Minter,1,BAL,2026,2026,1,NA,NA,Jesse Minter,NA,NA,FALSE,Jesse Minter 2026
Jim Caldwell,1,IND,2011,2009,3,2014,DET,Jim Caldwell,Chuck Pagano,1,TRUE,Jim Caldwell 2009
Jim Caldwell,2,DET,2017,2014,4,NA,NA,Jim Caldwell,Matt Patricia,1,TRUE,Jim Caldwell 2014
Jim Fassel,1,NYG,2003,1999,5,NA,NA,Jim Fassel,Tom Coughlin,1,TRUE,Jim Fassel 1999
Jim Harbaugh,1,SF,2014,2011,4,2024,LAC,Jim Harbaugh,Jim Tomsula,1,TRUE,Jim Harbaugh 2011
Jim Harbaugh,2,LAC,2026,2024,3,NA,NA,Jim Harbaugh,NA,NA,FALSE,Jim Harbaugh 2024
Jim Haslett,1,NO,2005,2000,6,NA,NA,Jim Haslett,Sean Payton,1,TRUE,Jim Haslett 2000
Jim Mora,1,IND,2001,1999,3,2004,ATL,Jim Mora,Tony Dungy,1,TRUE,Jim Mora 1999
Jim Mora,2,ATL,2006,2004,3,2009,SEA,Jim Mora,Bobby Petrino,1,TRUE,Jim Mora 2004
Jim Mora,3,SEA,2009,2009,1,NA,NA,Jim Mora,Pete Carroll,1,TRUE,Jim Mora 2009
Jim Schwartz,1,DET,2013,2009,5,NA,NA,Jim Schwartz,Jim Caldwell,1,TRUE,Jim Schwartz 2009
Jim Tomsula,1,SF,2015,2015,1,NA,NA,Jim Tomsula,Chip Kelly,1,TRUE,Jim Tomsula 2015
Jim Zorn,1,WAS,2009,2008,2,NA,NA,Jim Zorn,Mike Shanahan,1,TRUE,Jim Zorn 2008
Jimmy Johnson,1,MIA,1999,1999,1,NA,NA,Jimmy Johnson,Dave Wannstedt,1,TRUE,Jimmy Johnson 1999
Joe Brady,1,BUF,2026,2026,1,NA,NA,Joe Brady,NA,NA,FALSE,Joe Brady 2026
Joe Gibbs,1,WAS,2007,2004,4,NA,NA,Joe Gibbs,Jim Zorn,1,TRUE,Joe Gibbs 2004
Joe Judge,1,NYG,2021,2020,2,NA,NA,Joe Judge,Brian Daboll,1,TRUE,Joe Judge 2020
Joe Philbin,1,MIA,2015,2012,4,NA,NA,Joe Philbin,Adam Gase,1,TRUE,Joe Philbin 2012
John Fox,1,CAR,2010,2002,9,2011,DEN,John Fox,Ron Rivera,1,TRUE,John Fox 2002
John Fox,2,DEN,2014,2011,4,2015,CHI,John Fox,Gary Kubiak,1,TRUE,John Fox 2011
John Fox,3,CHI,2017,2015,3,NA,NA,John Fox,Matt Nagy,1,TRUE,John Fox 2015
John Harbaugh,1,BAL,2025,2008,18,2026,NYG,John Harbaugh,Jesse Minter,1,TRUE,John Harbaugh 2008
John Harbaugh,2,NYG,2026,2026,1,NA,NA,John Harbaugh,NA,NA,FALSE,John Harbaugh 2026
Jon Gruden,1,LV,2001,1999,3,2002,TB,Jon Gruden,Bill Callahan,1,TRUE,Jon Gruden 1999
Jon Gruden,2,TB,2008,2002,7,2018,LV,Jon Gruden,Raheem Morris,1,TRUE,Jon Gruden 2002
Jon Gruden,3,LV,2021,2018,4,NA,NA,Jon Gruden,Josh McDaniels,1,TRUE,Jon Gruden 2018
Jonathan Gannon,1,ARI,2025,2023,3,NA,NA,Jonathan Gannon,Mike LaFleur,1,TRUE,Jonathan Gannon 2023
Josh McDaniels,1,DEN,2010,2009,2,2022,LV,Josh McDaniels,John Fox,1,TRUE,Josh McDaniels 2009
Josh McDaniels,2,LV,2023,2022,2,NA,NA,Josh McDaniels,Antonio Pierce,1,TRUE,Josh McDaniels 2022
Kellen Moore,1,NO,2026,2025,2,NA,NA,Kellen Moore,NA,NA,FALSE,Kellen Moore 2025
Ken Whisenhunt,1,ARI,2012,2007,6,2014,TEN,Ken Whisenhunt,Bruce Arians,1,TRUE,Ken Whisenhunt 2007
Ken Whisenhunt,2,TEN,2015,2014,2,NA,NA,Ken Whisenhunt,Mike Mularkey,1,TRUE,Ken Whisenhunt 2014
Kevin O'Connell,1,MIN,2026,2022,5,NA,NA,Kevin O'Connell,NA,NA,FALSE,Kevin O'Connell 2022
Kevin Stefanski,1,CLE,2025,2020,6,2026,ATL,Kevin Stefanski,Todd Monken,1,TRUE,Kevin Stefanski 2020
Kevin Stefanski,2,ATL,2026,2026,1,NA,NA,Kevin Stefanski,NA,NA,FALSE,Kevin Stefanski 2026
Kliff Kingsbury,1,ARI,2022,2019,4,NA,NA,Kliff Kingsbury,Jonathan Gannon,1,TRUE,Kliff Kingsbury 2019
Klint Kubiak,1,LV,2026,2026,1,NA,NA,Klint Kubiak,NA,NA,FALSE,Klint Kubiak 2026
Kyle Shanahan,1,SF,2026,2017,10,NA,NA,Kyle Shanahan,NA,NA,FALSE,Kyle Shanahan 2017
Lane Kiffin,1,LV,2008,2007,2,NA,NA,Lane Kiffin,Tom Cable,1,TRUE,Lane Kiffin 2007
Leslie Frazier,1,MIN,2013,2011,3,NA,NA,Leslie Frazier,Mike Zimmer,1,TRUE,Leslie Frazier 2011
Liam Coen,1,JAX,2026,2025,2,NA,NA,Liam Coen,NA,NA,FALSE,Liam Coen 2025
Lovie Smith,1,CHI,2012,2004,9,2014,TB,Lovie Smith,Marc Trestman,1,TRUE,Lovie Smith 2004
Lovie Smith,2,TB,2015,2014,2,2022,HOU,Lovie Smith,Dirk Koetter,1,TRUE,Lovie Smith 2014
Lovie Smith,3,HOU,2022,2022,1,NA,NA,Lovie Smith,DeMeco Ryans,1,TRUE,Lovie Smith 2022
Marc Trestman,1,CHI,2014,2013,2,NA,NA,Marc Trestman,John Fox,1,TRUE,Marc Trestman 2013
Marty Mornhinweg,1,DET,2002,2001,2,NA,NA,Marty Mornhinweg,Steve Mariucci,1,TRUE,Marty Mornhinweg 2001
Marty Schottenheimer,1,WAS,2001,2001,1,2002,LAC,Marty Schottenheimer,Steve Spurrier,1,TRUE,Marty Schottenheimer 2001
Marty Schottenheimer,2,LAC,2006,2002,5,NA,NA,Marty Schottenheimer,Norv Turner,1,TRUE,Marty Schottenheimer 2002
Marvin Lewis,1,CIN,2018,2003,16,NA,NA,Marvin Lewis,Zac Taylor,1,TRUE,Marvin Lewis 2003
Matt Eberflus,1,CHI,2024,2022,3,NA,NA,Matt Eberflus,Ben Johnson,1,TRUE,Matt Eberflus 2022
Matt LaFleur,1,GB,2026,2019,8,NA,NA,Matt LaFleur,NA,NA,FALSE,Matt LaFleur 2019
Matt Nagy,1,CHI,2021,2018,4,NA,NA,Matt Nagy,Matt Eberflus,1,TRUE,Matt Nagy 2018
Matt Patricia,1,DET,2020,2018,3,NA,NA,Matt Patricia,Dan Campbell,1,TRUE,Matt Patricia 2018
Matt Rhule,1,CAR,2022,2020,3,NA,NA,Matt Rhule,Frank Reich,1,TRUE,Matt Rhule 2020
Mike Ditka,1,NO,1999,1999,1,NA,NA,Mike Ditka,Jim Haslett,1,TRUE,Mike Ditka 1999
Mike Holmgren,1,SEA,2008,1999,10,NA,NA,Mike Holmgren,Jim Mora,1,TRUE,Mike Holmgren 1999
Mike LaFleur,1,ARI,2026,2026,1,NA,NA,Mike LaFleur,NA,NA,FALSE,Mike LaFleur 2026
Mike Macdonald,1,SEA,2026,2024,3,NA,NA,Mike Macdonald,NA,NA,FALSE,Mike Macdonald 2024
Mike Martz,1,LA,2005,2000,6,NA,NA,Mike Martz,Scott Linehan,1,TRUE,Mike Martz 2000
Mike McCarthy,1,GB,2018,2006,13,2020,DAL,Mike McCarthy,Matt LaFleur,1,TRUE,Mike McCarthy 2006
Mike McCarthy,2,DAL,2024,2020,5,2026,PIT,Mike McCarthy,Brian Schottenheimer,1,TRUE,Mike McCarthy 2020
Mike McCarthy,3,PIT,2026,2026,1,NA,NA,Mike McCarthy,NA,NA,FALSE,Mike McCarthy 2026
Mike McCoy,1,LAC,2016,2013,4,NA,NA,Mike McCoy,Anthony Lynn,1,TRUE,Mike McCoy 2013
Mike McDaniel,1,MIA,2025,2022,4,NA,NA,Mike McDaniel,Jeff Hafley,1,TRUE,Mike McDaniel 2022
Mike Mularkey,1,BUF,2005,2004,2,2012,JAX,Mike Mularkey,Dick Jauron,1,TRUE,Mike Mularkey 2004
Mike Mularkey,2,JAX,2012,2012,1,2016,TEN,Mike Mularkey,Gus Bradley,1,TRUE,Mike Mularkey 2012
Mike Mularkey,3,TEN,2017,2016,2,NA,NA,Mike Mularkey,Mike Vrabel,1,TRUE,Mike Mularkey 2016
Mike Munchak,1,TEN,2013,2011,3,NA,NA,Mike Munchak,Ken Whisenhunt,1,TRUE,Mike Munchak 2011
Mike Nolan,1,SF,2008,2005,4,NA,NA,Mike Nolan,Mike Singletary,1,TRUE,Mike Nolan 2005
Mike Pettine,1,CLE,2015,2014,2,NA,NA,Mike Pettine,Hue Jackson,1,TRUE,Mike Pettine 2014
Mike Riley,1,LAC,2001,1999,3,NA,NA,Mike Riley,Marty Schottenheimer,1,TRUE,Mike Riley 1999
Mike Shanahan,1,DEN,2008,1999,10,2010,WAS,Mike Shanahan,Josh McDaniels,1,TRUE,Mike Shanahan 1999
Mike Shanahan,2,WAS,2013,2010,4,NA,NA,Mike Shanahan,Jay Gruden,1,TRUE,Mike Shanahan 2010
Mike Sherman,1,GB,2005,2000,6,NA,NA,Mike Sherman,Mike McCarthy,1,TRUE,Mike Sherman 2000
Mike Singletary,1,SF,2010,2009,2,NA,NA,Mike Singletary,Jim Harbaugh,1,TRUE,Mike Singletary 2009
Mike Smith,1,ATL,2014,2008,7,NA,NA,Mike Smith,Dan Quinn,1,TRUE,Mike Smith 2008
Mike Tice,1,MIN,2005,2002,4,NA,NA,Mike Tice,Brad Childress,1,TRUE,Mike Tice 2002
Mike Tomlin,1,PIT,2025,2007,19,NA,NA,Mike Tomlin,Mike McCarthy,1,TRUE,Mike Tomlin 2007
Mike Vrabel,1,TEN,2023,2018,6,2025,NE,Mike Vrabel,Brian Callahan,1,TRUE,Mike Vrabel 2018
Mike Vrabel,2,NE,2026,2025,2,NA,NA,Mike Vrabel,NA,NA,FALSE,Mike Vrabel 2025
Mike Zimmer,1,MIN,2021,2014,8,NA,NA,Mike Zimmer,Kevin O'Connell,1,TRUE,Mike Zimmer 2014
Nathaniel Hackett,1,DEN,2022,2022,1,NA,NA,Nathaniel Hackett,Sean Payton,1,TRUE,Nathaniel Hackett 2022
Nick Saban,1,MIA,2006,2005,2,NA,NA,Nick Saban,Cam Cameron,1,TRUE,Nick Saban 2005
Nick Sirianni,1,PHI,2026,2021,6,NA,NA,Nick Sirianni,NA,NA,FALSE,Nick Sirianni 2021
Norv Turner,1,WAS,2000,1999,2,2004,LV,Norv Turner,Marty Schottenheimer,1,TRUE,Norv Turner 1999
Norv Turner,2,LV,2005,2004,2,2007,LAC,Norv Turner,Art Shell,1,TRUE,Norv Turner 2004
Norv Turner,3,LAC,2012,2007,6,NA,NA,Norv Turner,Mike McCoy,1,TRUE,Norv Turner 2007
Pat Shurmur,1,CLE,2012,2011,2,2018,NYG,Pat Shurmur,Rob Chudzinski,1,TRUE,Pat Shurmur 2011
Pat Shurmur,2,NYG,2019,2018,2,NA,NA,Pat Shurmur,Joe Judge,1,TRUE,Pat Shurmur 2018
Pete Carroll,1,NE,1999,1999,1,2010,SEA,Pete Carroll,Bill Belichick,1,TRUE,Pete Carroll 1999
Pete Carroll,2,SEA,2023,2010,14,2025,LV,Pete Carroll,Mike Macdonald,1,TRUE,Pete Carroll 2010
Pete Carroll,3,LV,2025,2025,1,NA,NA,Pete Carroll,Klint Kubiak,1,TRUE,Pete Carroll 2025
Raheem Morris,1,TB,2011,2009,3,2024,ATL,Raheem Morris,Greg Schiano,1,TRUE,Raheem Morris 2009
Raheem Morris,2,ATL,2025,2024,2,NA,NA,Raheem Morris,Kevin Stefanski,1,TRUE,Raheem Morris 2024
Ray Rhodes,1,GB,1999,1999,1,NA,NA,Ray Rhodes,Mike Sherman,1,TRUE,Ray Rhodes 1999
Rex Ryan,1,NYJ,2014,2009,6,2015,BUF,Rex Ryan,Todd Bowles,1,TRUE,Rex Ryan 2009
Rex Ryan,2,BUF,2016,2015,2,NA,NA,Rex Ryan,Sean McDermott,1,TRUE,Rex Ryan 2015
Rob Chudzinski,1,CLE,2013,2013,1,NA,NA,Rob Chudzinski,Mike Pettine,1,TRUE,Rob Chudzinski 2013
Robert Saleh,1,NYJ,2024,2021,4,2026,TEN,Robert Saleh,Aaron Glenn,1,TRUE,Robert Saleh 2021
Robert Saleh,2,TEN,2026,2026,1,NA,NA,Robert Saleh,NA,NA,FALSE,Robert Saleh 2026
Rod Marinelli,1,DET,2008,2006,3,NA,NA,Rod Marinelli,Jim Schwartz,1,TRUE,Rod Marinelli 2006
Romeo Crennel,1,CLE,2008,2005,4,2012,KC,Romeo Crennel,Eric Mangini,1,TRUE,Romeo Crennel 2005
Romeo Crennel,2,KC,2012,2012,1,NA,NA,Romeo Crennel,Andy Reid,1,TRUE,Romeo Crennel 2012
Ron Rivera,1,CAR,2019,2011,9,2020,WAS,Ron Rivera,Matt Rhule,1,TRUE,Ron Rivera 2011
Ron Rivera,2,WAS,2023,2020,4,NA,NA,Ron Rivera,Dan Quinn,1,TRUE,Ron Rivera 2020
Scott Linehan,1,LA,2008,2006,3,NA,NA,Scott Linehan,Steve Spagnuolo,1,TRUE,Scott Linehan 2006
Sean McDermott,1,BUF,2025,2017,9,NA,NA,Sean McDermott,Joe Brady,1,TRUE,Sean McDermott 2017
Sean McVay,1,LA,2026,2017,10,NA,NA,Sean McVay,NA,NA,FALSE,Sean McVay 2017
Sean Payton,1,NO,2011,2006,6,2013,NO,Sean Payton,Aaron Kromer,1,TRUE,Sean Payton 2006
Sean Payton,2,NO,2021,2013,9,2023,DEN,Sean Payton,Dennis Allen,1,TRUE,Sean Payton 2013
Sean Payton,3,DEN,2026,2023,4,NA,NA,Sean Payton,NA,NA,FALSE,Sean Payton 2023
Shane Steichen,1,IND,2026,2023,4,NA,NA,Shane Steichen,NA,NA,FALSE,Shane Steichen 2023
Steve Mariucci,1,SF,2002,1999,4,2003,DET,Steve Mariucci,Dennis Erickson,1,TRUE,Steve Mariucci 1999
Steve Mariucci,2,DET,2005,2003,3,NA,NA,Steve Mariucci,Rod Marinelli,1,TRUE,Steve Mariucci 2003
Steve Spagnuolo,1,LA,2011,2009,3,NA,NA,Steve Spagnuolo,Jeff Fisher,1,TRUE,Steve Spagnuolo 2009
Steve Spurrier,1,WAS,2003,2002,2,NA,NA,Steve Spurrier,Joe Gibbs,1,TRUE,Steve Spurrier 2002
Steve Wilks,1,ARI,2018,2018,1,NA,NA,Steve Wilks,Kliff Kingsbury,1,TRUE,Steve Wilks 2018
Todd Bowles,1,NYJ,2018,2015,4,2022,TB,Todd Bowles,Adam Gase,1,TRUE,Todd Bowles 2015
Todd Bowles,2,TB,2026,2022,5,NA,NA,Todd Bowles,NA,NA,FALSE,Todd Bowles 2022
Todd Haley,1,KC,2011,2009,3,NA,NA,Todd Haley,Romeo Crennel,1,TRUE,Todd Haley 2009
Todd Monken,1,CLE,2026,2026,1,NA,NA,Todd Monken,NA,NA,FALSE,Todd Monken 2026
Tom Cable,1,LV,2010,2009,2,NA,NA,Tom Cable,Hue Jackson,1,TRUE,Tom Cable 2009
Tom Coughlin,1,JAX,2002,1999,4,2004,NYG,Tom Coughlin,Jack Del Rio,1,TRUE,Tom Coughlin 1999
Tom Coughlin,2,NYG,2015,2004,12,NA,NA,Tom Coughlin,Ben McAdoo,1,TRUE,Tom Coughlin 2004
Tony Dungy,1,TB,2001,1999,3,2002,IND,Tony Dungy,Jon Gruden,1,TRUE,Tony Dungy 1999
Tony Dungy,2,IND,2008,2002,7,NA,NA,Tony Dungy,Jim Caldwell,1,TRUE,Tony Dungy 2002
Tony Sparano,1,MIA,2011,2008,4,NA,NA,Tony Sparano,Joe Philbin,1,TRUE,Tony Sparano 2008
Urban Meyer,1,JAX,2021,2021,1,NA,NA,Urban Meyer,Doug Pederson,1,TRUE,Urban Meyer 2021
Vance Joseph,1,DEN,2018,2017,2,NA,NA,Vance Joseph,Vic Fangio,1,TRUE,Vance Joseph 2017
Vic Fangio,1,DEN,2021,2019,3,NA,NA,Vic Fangio,Nathaniel Hackett,1,TRUE,Vic Fangio 2019
Vince Tobin,1,ARI,2000,1999,2,NA,NA,Vince Tobin,Dave McGinnis,1,TRUE,Vince Tobin 1999
Wade Phillips,1,BUF,2000,1999,2,2007,DAL,Wade Phillips,Gregg Williams,1,TRUE,Wade Phillips 1999
Wade Phillips,2,DAL,2010,2007,4,NA,NA,Wade Phillips,Jason Garrett,1,TRUE,Wade Phillips 2007
Zac Taylor,1,CIN,2026,2019,8,NA,NA,Zac Taylor,NA,NA,FALSE,Zac Taylor 2019
