off_play_caller,H_situ_m,n_look,H_look,presnap_tip
Adam Gase,0.8607824088216406,2971,0.8458578487806132,0.01492456004102738
Alex Van Pelt,0.8375335239662169,865,0.8183795327611271,0.01915399120508987
Andy Reid,0.809357525951726,9255,0.7711031976733715,0.03825432827835451
Anthony Lynn,0.8361947584994813,1110,0.8210422941827907,0.015152464316690595
Arthur Smith,0.8349431293492121,6341,0.8040177350445201,0.03092539430469199
Ben Johnson,0.8823883709085386,3878,0.8582469945280069,0.02414137638053171
Ben McAdoo,0.8583862439969432,2038,0.8423778479146402,0.016008396082302978
Bill Lazor,0.8432772440695484,2351,0.8221418039878327,0.02113544008171575
Bill Musgrave,0.8405423294439189,2101,0.8207243812795908,0.019817948164328136
Bill O'Brien,0.8418644930110714,4484,0.8206590998161798,0.021205393194891564
Bo Hardegree,0.848659984897396,968,0.8298329810567232,0.018827003840672818
Bobby Slowik,0.8323374975693991,1992,0.7956797819853633,0.036657715584035855
Brian Callahan,0.8242413355496037,931,0.8071303164734923,0.017111019076111345
Brian Daboll,0.8311714825179758,4100,0.7946515023345875,0.03651998018338831
Brian Johnson,0.8538845947650485,951,0.8394430611593897,0.014441533605658807
Brian Schottenheimer,0.8458060705405223,3772,0.8309874510628608,0.014818619477661499
Bruce Arians,0.8238267146848577,1726,0.7986467243579366,0.025179990326921087
Byron Leftwich,0.798612021117091,4118,0.7548194841058754,0.04379253701121555
Chad O'Shea,0.8276537052250785,670,0.812725112371253,0.014928592853825529
Chan Gailey,0.8442039282612119,1580,0.8288775630578972,0.015326365203314762
Chip Kelly,0.8511948012371555,1225,0.8340784580103636,0.017116343226791897
Dan Campbell,0.8559862320359306,924,0.8506338199456548,0.0053524120902758154
Darrell Bevell,0.83504580066896394,3918,0.8068514814675414,0.02819431920142257
Dave Canales,0.8428888141576073,2532,0.8033266794467143,0.03956213471089298
Dirk Koetter,0.8270276578673603,3888,0.7920666687876485,0.03496098907971179
Doug Pederson,0.8460422002698323,5771,0.8263395439991981,0.019702656270634278
Dowell Loggains,0.831133853693224,1832,0.8057562114964844,0.025377642196739658
Drew Petzing,0.8470912740843232,2415,0.8281676439940787,0.018923630090244448
Eric Bieniemy,0.8226510231868973,848,0.7855077603099448,0.037143262876952465
Frank Reich,0.8436675132887178,4455,0.8143131683274757,0.029354344961242118
Freddie Kitchens,0.8412047356127298,1379,0.8285579400180705,0.01264679559465931
Gary Kubiak,0.8435637214200383,1725,0.8297951339856305,0.013768587434407786
George Godsey,0.8382769231756608,923,0.824082289291201,0.01419463388445985
Greg Olson,0.8431756940782237,1208,0.817308267383545,0.025867426694678675
Greg Roman,0.8337980116668448,5350,0.7917881732934411,0.04200983837340366
Hue Jackson,0.8301537727452489,1448,0.8131385256000977,0.017015247145151235
Jason Garrett,0.8398305489469379,1252,0.8260019467515706,0.013828602195367301
Jay Gruden,0.803640006748348,2472,0.7685267302744594,0.03511327647388862
Jeff Nixon,0.798093825809424,211,0.7865908765180195,0.011502949291404496
Jeremy Bates,0.8353284613089693,742,0.823733549631634,0.011594911677335284
Jim Bob Cooter,0.8367263518965191,2521,0.8028797753737502,0.0338465765227689
Joe Brady,0.8148421922772918,3948,0.7699887777985476,0.04485341447874425
Joe Lombardi,0.8178236928384303,2006,0.7884660229709598,0.02935766986747046
Joe Philbin,0.8213840878095117,201,0.8030366597390101,0.018347428070501604
John DeFilippo,0.8288145982275655,1406,0.7986380551467417,0.030176543080823848
John Morton,0.839346622511093,1144,0.8262403743223676,0.013106248188725411
Jon Gruden,0.8326304847401116,2729,0.8064315695636821,0.02619891517642947
Josh Grizzard,0.8391972589818638,916,0.8039285903671792,0.035268668614684584
Josh McDaniels,0.842610939910358,7318,0.7878841812868034,0.05472675862355458
Kellen Moore,0.847261607612661,6489,0.8066774685712634,0.04058413904139757
Ken Dorsey,0.8331382682251965,1876,0.8124349364855403,0.020703331739656217
Ken Whisenhunt,0.8226589749870792,2849,0.7892280278949073,0.03343094709217187
Ken Zampese,0.8407236258457104,949,0.8156166485525085,0.025106977293201882
Kevin O'Connell,0.823422807787812,4049,0.7793221577623903,0.04410065002542163
Kevin Patullo,0.851431632935098,903,0.8369164727310905,0.01451516020400756
Kevin Stefanski,0.841446034718828,5287,0.8160419919683733,0.025404042750454603
Kliff Kingsbury,0.8139936497730345,5265,0.7874880855415755,0.026505564231459
Klint Kubiak,0.8538357620757638,2998,0.8318082062195676,0.0220275558561962
Kyle Shanahan,0.8479198681534531,8775,0.8051010561820791,0.04281881197137405
Liam Coen,0.8419244866133585,1816,0.7988460183874698,0.04307846822588868
Luke Getsy,0.8549119062542185,2103,0.834969134696571,0.019942771557647565
Marc Trestman,0.8449580208442253,344,0.8359124821345817,0.009045538709643641
Marty Mornhinweg,0.8408385671044664,2381,0.8159847135792246,0.02485385352524172
Matt Canada,0.8368562388373622,2350,0.8102893579013827,0.026566880935979476
Matt LaFleur,0.8490607946352111,6980,0.821595438087383,0.027465356547828113
Matt Nagy,0.8292238990677026,2608,0.8121330702225661,0.017090828845136463
Matt Patricia,0.8467387898530395,816,0.830994357317349,0.015744432535690467
Mike Kafka,0.8337911787227269,2625,0.8154258185167791,0.01836536020594781
Mike LaFleur,0.8114419957112806,1635,0.7938042498371513,0.017637745874129362
Mike McCarthy,0.8425055803053192,4000,0.8130513734593612,0.02945420684595801
Mike McCoy,0.8258574675913165,725,0.81274406389088,0.013113403700436455
Mike McDaniel,0.8341332815042404,3307,0.7905404085446,0.04359287295964043
Mike Shula,0.8411168491527238,1801,0.8270023133884863,0.01411453576423749
Mike Sullivan,0.8411910475528673,965,0.8281937972044293,0.012997250348438016
Nathaniel Hackett,0.8394727286675014,3726,0.8113106650993188,0.028162063568182627
Nick Caley,0.8326525704146764,1045,0.8073427509145187,0.02530981950015776
Nick Sirianni,0.8525052692494194,369,0.8387459870701939,0.013759282179225507
Norv Turner,0.8372441005428773,1818,0.8141067961562705,0.023137304386606883
Parks Frazier,0.847064435929071,407,0.8357083663916538,0.01135606953741719
Pat Shurmur,0.8295042237529049,4498,0.7932145991251164,0.03628962462778851
Pep Hamilton,0.8463413880747518,764,0.8382282440034652,0.008113144071286604
Pete Carmichael,0.8335806989273853,1785,0.8021984644664254,0.03138223446095989
Press Taylor,0.827041543814979,1706,0.7912767750530065,0.03576476876197243
Randy Fichtner,0.8244944281028134,2632,0.790236558855089,0.03425786924772434
Rich Scangarello,0.8385875030250118,811,0.8282433338872425,0.010344169137769366
Rick Dennison,0.8469518442159953,864,0.8341414426637503,0.012810401552244999
Rob Boras,0.8275560293204963,747,0.8033098042162802,0.024246225104216146
Rob Chudzinski,0.8408039753047383,1682,0.811939769932039,0.028864205372699292
Ryan Grubb,0.8384899668790557,893,0.810895954678196,0.027594012200859774
Scott Linehan,0.838513919017023,2682,0.7912814849717964,0.04723243404522659
Scott Milanovich,0.8145078165166347,214,0.8030573102738152,0.011450506242819514
Scott Turner,0.8503584400130724,3220,0.8235135410862657,0.026844898926806637
Sean McVay,0.8467571917751291,9146,0.792641012672615,0.054116179102514095
Sean Payton,0.8443504710649082,7870,0.7872090450461133,0.057141426018794905
Sean Ryan,0.8684813018133212,54,0.8615324478734302,0.0069488539398909754
Shane Steichen,0.8307411172934793,5489,0.8076898950520126,0.023051222241466718
Shane Waldron,0.8293441806553304,3073,0.7956452323547405,0.03369894830058995
Spencer Whipple,0.8294668721096646,52,0.823186787543238,0.006280084566426591
Steve Sarkisian,0.8382250099957798,1741,0.8166561052228299,0.021568904772949815
Tanner Engstrand,0.8263469263938553,644,0.8206652047687039,0.005681721625151459
Terry Robiskie,0.8459236966744248,1784,0.823890868661825,0.02203282801259976
Thomas Brown,0.8177910346486823,834,0.786647129711261,0.031143904937421252
Tim Kelly,0.8445993836604166,2325,0.8181728576856213,0.026426525974795334
Todd Downing,0.8418623803214782,3267,0.8148659499164339,0.02699643040504429
Todd Haley,0.8523542841502251,2305,0.8259413765052921,0.02641290764493298
Todd Monken,0.8379830982580372,2974,0.7974460736484114,0.04053702460962583
Tommy Rees,0.8170422553719436,449,0.8003409972834691,0.016701258088474558
Zac Robinson,0.8164252789214902,1882,0.7565771152239108,0.05984816369757939
Zac Taylor,0.8250596239992225,6277,0.786310310585994,0.038749313413228514
