game,coach,qtr,time,ydstogo,yfog,score_differential,si,peer_go
CLE-LV wk12,Kevin Stefanski,4,00:59,2,71,14,95.5,37
CLE-CIN wk1,Kevin Stefanski,4,09:30,7,58,-1,51,36
LAC-DEN wk3,Jim Harbaugh,4,07:51,10,59,-7,35.8,36
PIT-CLE wk17,Mike Tomlin,4,09:51,5,54,-4,35.7,53
DET-NYG wk12,Dan Campbell,4,09:54,9,56,-3,34.1,36
LV-HOU wk16,Pete Carroll,4,13:46,3,54,-2,33.1,53
TB-LA wk12,Todd Bowles,4,05:33,7,55,-27,32.2,63
CAR-JAX wk1,Dave Canales,2,03:51,8,61,-7,30.8,8
WAS-DEN wk13,Dan Quinn,1,04:43,8,61,-3,30.8,8
TEN-IND wk8,Brian Callahan,3,11:30,3,58,-10,27,72
GB-PHI wk10,Matt LaFleur,4,12:53,11,60,-3,26.8,36
CHI-NYG wk10,Ben Johnson,2,11:29,8,64,0,26.6,2
HOU-SEA wk7,DeMeco Ryans,3,08:58,6,58,-11,21,14
KC-DAL wk13,Andy Reid,3,07:12,4,56,-3,20.5,60
PIT-CLE wk17,Mike Tomlin,4,05:01,6,47,-4,20.4,36
TEN-DEN wk1,Brian Callahan,4,04:16,10,54,-8,20.1,36
CLE-BAL wk2,Kevin Stefanski,2,08:12,8,60,-10,19.3,14
DEN-LV wk14,Sean Payton,2,10:10,6,60,0,19.3,4
SEA-TB wk5,Mike Macdonald,2,11:29,5,56,-6,18.6,60
BUF-NE wk15,Sean McDermott,1,09:17,5,56,-7,18.6,60
HOU-TEN wk11,DeMeco Ryans,2,02:59,15,62,-3,18.5,8
KC-LAC wk1,Andy Reid,1,06:10,9,58,-7,17.8,8
LAC-JAX wk11,Jim Harbaugh,2,00:29,7,58,-8,17.8,8
LAC-PHI wk14,Jim Harbaugh,4,12:02,3,49,-3,17,53
NYJ-CIN wk8,Aaron Glenn,3,12:32,6,57,-11,16.8,14
PIT-CIN wk7,Mike Tomlin,4,05:26,4,45,-6,16.2,53
LV-KC wk7,Pete Carroll,4,02:44,1,13,-31,16.1,56
BUF-NE wk15,Sean McDermott,2,10:39,8,59,-14,16.1,14
LAC-NYG wk4,Jim Harbaugh,1,05:47,5,55,-7,15.5,12
TB-BUF wk11,Todd Bowles,1,10:46,8,61,0,15.4,4
CIN-DEN wk4,Zac Taylor,4,03:00,3,42,-25,15.3,88
DET-NYG wk12,Dan Campbell,3,10:56,8,57,-3,15.1,8
WAS-GB wk2,Dan Quinn,2,12:30,9,57,-7,14.9,8
ATL-CAR wk3,Raheem Morris,2,10:52,8,57,-7,14.9,8
playoffs DEN-NE,Sean Payton,4,08:28,6,47,-3,14.8,36
CLE-MIA wk7,Kevin Stefanski,3,10:33,4,62,18,13.9,32
JAX-DEN wk16,Liam Coen,4,01:44,5,62,14,13.9,15
NYJ-JAX wk15,Aaron Glenn,2,10:50,9,58,-14,13.4,14
ATL-TB wk15,Raheem Morris,3,04:34,20,59,-6,13.3,8
DEN-JAX wk16,Sean Payton,2,01:55,4,54,-4,12.9,12
CHI-LV wk4,Ben Johnson,2,10:30,26,60,-4,12.8,8
JAX-SF wk4,Liam Coen,1,01:48,13,60,-3,12.8,8
CHI-WAS wk6,Ben Johnson,4,06:12,2,17,-2,12.5,25
NYG-WAS wk1,Brian Daboll,4,12:14,4,49,-8,12.5,53
NYJ-DEN wk6,Aaron Glenn,3,05:13,8,55,-1,12.4,3
BUF-PHI wk17,Sean McDermott,2,11:07,8,56,-7,12.4,8
CHI-DET wk18,Ben Johnson,1,03:49,9,56,-3,12.4,8
SUPER BOWL NE-SEA,Mike Vrabel,1,07:18,9,56,-3,12.4,8
CAR-BUF wk8,Dave Canales,4,03:26,3,26,-31,12.1,58
NE-LV wk1,Mike Vrabel,4,13:40,5,50,-7,12.1,53
KC-JAX wk5,Andy Reid,4,13:58,10,56,-7,11.7,36
DAL-DEN wk8,Brian Schottenheimer,4,00:35,6,33,-20,11.7,37
MIA-TB wk17,Mike McDaniel,4,02:00,4,61,10,11.6,15
NYG-CHI wk10,Brian Daboll,4,06:20,6,61,10,11.6,2
HOU-LA wk1,DeMeco Ryans,4,09:26,1,26,-5,11.5,78
TEN-HOU wk4,Brian Callahan,4,04:04,2,22,-26,11.4,73
WAS-DAL wk17,Dan Quinn,2,09:20,7,57,-11,11.2,14
NYJ-DAL wk5,Aaron Glenn,1,02:58,5,57,0,11.2,55
TB-BUF wk11,Todd Bowles,4,07:28,2,39,-5,11.1,35
PHI-DEN wk5,Nick Sirianni,4,05:13,8,45,-1,11,36
NYG-KC wk3,Brian Daboll,1,00:20,6,53,-3,10.8,3
PIT-CLE wk17,Mike Tomlin,2,08:38,6,53,-7,10.8,3
CAR-NE wk4,Dave Canales,1,03:05,11,59,-1,10.7,8
NYG-DEN wk7,Brian Daboll,1,12:53,8,59,0,10.7,4
JAX-SEA wk6,Liam Coen,4,05:52,6,41,-8,10.7,36
ATL-IND wk10,Raheem Morris,1,02:52,9,55,-6,10.3,3
CIN-CLE wk18,Zac Taylor,4,03:56,15,50,-5,10,36
NO-BUF wk4,Kellen Moore,3,12:59,3,51,-4,10,12
ATL-NYJ wk13,Raheem Morris,2,05:47,3,51,-7,10,12
NO-MIA wk13,Kellen Moore,1,02:08,3,51,-7,10,12
WAS-PHI wk16,Dan Quinn,4,06:44,6,44,-11,9.8,63
WAS-DEN wk13,Dan Quinn,4,08:48,2,35,-3,9.8,35
WAS-DAL wk17,Dan Quinn,4,11:38,8,50,-7,9.7,36
NO-SEA wk3,Kellen Moore,4,02:46,4,40,-31,9.7,58
CLE-CHI wk15,Kevin Stefanski,2,02:00,17,60,-14,9.6,14
SF-CLE wk13,Kyle Shanahan,2,06:28,4,60,7,9.6,46
CLE-BAL wk11,Kevin Stefanski,4,11:01,6,60,3,9.6,2
CLE-GB wk3,Kevin Stefanski,1,10:34,5,56,0,9.3,55
NYJ-ATL wk13,Aaron Glenn,2,14:11,6,56,0,9.3,4
KC-LV wk7,Andy Reid,4,13:23,7,62,31,9.3,2
BUF-ATL wk6,Sean McDermott,4,10:24,5,44,-7,9.2,53
LV-DEN wk10,Pete Carroll,4,08:42,16,52,-3,9.2,36
PIT-CHI wk12,Mike Tomlin,4,02:01,9,23,-3,9.2,28
TEN-DEN wk1,Brian Callahan,4,11:53,1,34,-1,9.1,78
CIN-CLE wk18,Zac Taylor,3,02:02,10,56,-5,9.1,8
playoffs LAC-NE,Jim Harbaugh,3,05:18,4,51,-3,8.9,12
BAL-CLE wk11,John Harbaugh,3,05:13,14,57,-6,8.9,8
CIN-CLE wk1,Zac Taylor,2,09:36,7,58,0,8.9,4
SF-ATL wk7,Kyle Shanahan,1,08:41,9,58,0,8.9,4
LV-DEN wk10,Pete Carroll,1,09:20,8,58,0,8.9,4
CIN-MIN wk3,Zac Taylor,4,03:53,4,15,-38,8.7,46
KC-JAX wk5,Andy Reid,1,09:38,2,54,0,8.6,14
NO-TB wk8,Kellen Moore,2,04:05,7,54,-7,8.6,3
ARI-SEA wk10,Jonathan Gannon,4,04:09,5,25,-22,8.5,58
MIN-ATL wk2,Kevin O'Connell,4,09:47,1,28,-9,8.4,91
NYG-KC wk3,Brian Daboll,3,04:46,4,52,-10,8.3,29
playoffs SF-SEA,Kyle Shanahan,4,04:30,6,35,-35,8.2,37
CLE-CIN wk18,Kevin Stefanski,4,10:42,5,59,5,8,15
LA-ATL wk17,Sean McVay,2,04:22,11,59,-14,8,14
NYJ-BUF wk18,Aaron Glenn,2,00:36,14,59,-21,8,14
DET-CIN wk5,Dan Campbell,2,03:54,6,59,14,8,7
GB-ARI wk7,Matt LaFleur,4,08:05,6,20,-3,7.9,17
SEA-LA wk11,Mike Macdonald,4,08:11,3,20,-9,7.8,46
playoffs NE-LAC,Mike Vrabel,2,03:32,6,55,0,7.7,1
NO-NE wk6,Kellen Moore,4,03:55,7,38,-6,7.7,28
DEN-LV wk10,Sean Payton,3,03:05,16,61,0,7.7,4
GB-MIN wk12,Matt LaFleur,4,05:53,9,61,17,7.7,2
LAC-NYG wk4,Jim Harbaugh,4,11:31,2,17,-3,7.6,25
LAC-PIT wk10,Jim Harbaugh,1,06:54,3,49,-3,7.5,12
KC-DAL wk13,Andy Reid,3,12:26,5,51,-3,7.5,12
CIN-DET wk5,Zac Taylor,1,08:19,15,57,-7,7.4,8
TB-LA wk12,Todd Bowles,1,10:17,9,57,0,7.4,4
PIT-NE wk3,Mike Tomlin,4,12:35,8,57,0,7.4,5
SF-CHI wk17,Kyle Shanahan,4,11:30,7,57,0,7.4,5
BUF-MIA wk10,Sean McDermott,4,01:15,8,37,-17,7.4,37
DEN-PHI wk5,Sean Payton,3,07:25,15,58,-14,7.3,14
BAL-DET wk3,John Harbaugh,4,04:32,9,32,-7,7.3,28
NO-BUF wk4,Kellen Moore,2,11:24,8,53,-7,7.2,3
TEN-DEN wk1,Brian Callahan,4,09:30,35,51,-1,7.1,36
DAL-PHI wk1,Brian Schottenheimer,4,04:50,7,27,-4,7.1,28
NYJ-CAR wk7,Aaron Glenn,3,07:16,7,54,-10,7.1,8
CHI-DET wk2,Ben Johnson,4,06:10,4,23,-31,7.1,58
JAX-SEA wk6,Liam Coen,4,09:17,5,17,-8,7,26
MIA-NE wk2,Mike McDaniel,4,12:16,9,47,-3,6.9,36
DEN-TEN wk1,Sean Payton,2,00:54,2,48,-3,6.9,44
WAS-DET wk10,Dan Quinn,4,02:15,7,31,-22,6.7,37
TEN-IND wk8,Brian Callahan,2,01:53,4,52,-10,6.7,29
BUF-PHI wk17,Sean McDermott,4,12:56,27,54,-13,6.7,63
SUPER BOWL SEA-NE,Mike Macdonald,2,05:05,5,58,6,6.7,46
GB-CIN wk6,Matt LaFleur,2,01:13,5,58,10,6.7,32
HOU-KC wk14,DeMeco Ryans,2,05:39,6,58,10,6.7,7
MIA-NYJ wk14,Mike McDaniel,3,02:47,6,58,17,6.7,7
NO-ATL wk18,Kellen Moore,4,09:53,5,30,-6,6.6,36
HOU-JAX wk3,DeMeco Ryans,4,09:55,4,14,-7,6.6,26
CLE-DET wk4,Kevin Stefanski,4,02:36,7,38,-24,6.5,37
CIN-BAL wk15,Zac Taylor,1,03:02,19,60,0,6.4,4
playoffs DEN-BUF,Sean Payton,3,02:38,9,60,6,6.4,5
playoffs PIT-HOU,Mike Tomlin,4,09:36,13,52,-11,6.4,63
TB-DET wk7,Todd Bowles,2,13:22,3,47,-7,6.2,12
MIN-PHI wk7,Kevin O'Connell,2,01:06,4,50,-8,6.2,12
TB-DET wk7,Todd Bowles,2,07:42,6,50,-7,6.2,3
NYG-SF wk9,Brian Daboll,2,09:36,6,50,-7,6.2,3
HOU-TEN wk11,DeMeco Ryans,2,13:42,6,50,-3,6.2,3
CIN-NE wk12,Zac Taylor,2,04:26,6,50,-4,6.2,3
CIN-CLE wk18,Zac Taylor,2,09:51,6,50,-8,6.2,3
CHI-PHI wk13,Ben Johnson,3,10:06,3,56,7,6.2,46
NYJ-BAL wk12,Aaron Glenn,2,14:20,8,56,0,6.2,4
ARI-HOU wk15,Jonathan Gannon,4,07:43,4,10,-13,6.1,46
NYJ-ATL wk13,Aaron Glenn,1,07:19,2,52,0,6,14
HOU-JAX wk3,DeMeco Ryans,2,04:25,1,44,-4,5.9,87
LV-KC wk7,Pete Carroll,1,03:07,2,46,-7,5.7,44
ATL-SF wk7,Raheem Morris,3,01:06,14,53,-3,5.7,3
BUF-ATL wk6,Sean McDermott,2,08:21,3,49,-14,5.7,29
TEN-HOU wk11,Brian Callahan,4,07:23,7,15,-7,5.6,17
MIN-CHI wk11,Kevin O'Connell,4,07:25,8,37,-6,5.6,28
TB-BUF wk11,Todd Bowles,2,01:17,5,57,3,5.6,46
SF-ARI wk11,Kyle Shanahan,2,05:23,5,57,9,5.6,32
TEN-HOU wk4,Brian Callahan,3,07:54,12,55,-6,5.6,3
NE-TEN wk7,Mike Vrabel,4,08:52,12,63,18,5.6,8
ATL-NE wk9,Raheem Morris,4,02:03,20,42,-1,5.5,36
DEN-HOU wk9,Sean Payton,3,03:02,1,21,-8,5.5,38
HOU-IND wk18,DeMeco Ryans,4,14:56,7,47,-1,5.4,36
NYJ-JAX wk15,Aaron Glenn,4,10:43,9,46,-28,5.4,63
CAR-MIA wk5,Dave Canales,3,00:15,2,28,-4,5.4,6
ARI-JAX wk12,Jonathan Gannon,3,01:43,18,53,-3,5.4,3
SF-LA wk10,Kyle Shanahan,2,00:19,7,53,-14,5.4,8
SF-ARI wk3,Kyle Shanahan,1,06:58,4,53,0,5.4,6
LV-DAL wk11,Pete Carroll,1,10:36,6,53,0,5.4,1
NO-SF wk2,Kellen Moore,1,11:28,10,59,0,5.4,4
NO-TB wk8,Kellen Moore,1,02:49,10,59,0,5.4,4
CHI-GB wk14,Ben Johnson,1,05:31,15,59,0,5.4,4
TB-SEA wk5,Todd Bowles,4,07:28,17,59,0,5.4,5
ATL-TB wk1,Raheem Morris,1,06:34,8,59,7,5.4,5
MIA-NE wk18,Mike McDaniel,4,04:58,9,18,-28,5.3,21
playoffs LAC-NE,Jim Harbaugh,4,14:10,7,46,-6,5.3,36
SEA-LA wk11,Mike Macdonald,3,03:39,1,40,-2,5.3,38
WAS-PHI wk16,Dan Quinn,4,09:17,4,40,-11,5.3,58
TB-NE wk10,Todd Bowles,4,08:10,8,26,-5,5.2,28
CAR-ARI wk2,Dave Canales,2,07:30,13,55,-7,5.2,3
DET-PHI wk11,Dan Campbell,1,01:25,11,55,-3,5.2,3
BAL-CIN wk13,John Harbaugh,2,01:42,19,55,-2,5.2,3
CHI-GB wk16,Ben Johnson,2,09:41,13,55,-3,5.2,3
CAR-SF wk12,Dave Canales,3,12:33,6,48,-7,5.2,3
CAR-MIA wk5,Dave Canales,4,12:33,6,29,-4,5.2,28
HOU-SEA wk7,DeMeco Ryans,1,05:17,2,45,-7,5.2,44
CAR-NO wk10,Dave Canales,2,07:51,3,45,-3,5.2,12
HOU-TEN wk11,DeMeco Ryans,2,01:00,3,45,-3,5.2,12
HOU-JAX wk3,DeMeco Ryans,2,01:01,4,48,-4,5.1,12
SEA-PIT wk2,Mike Macdonald,2,00:27,6,48,-7,5.1,3
DEN-KC wk11,Sean Payton,4,08:18,7,31,-3,5.1,28
KC-DAL wk13,Andy Reid,4,09:35,8,41,-7,5,36
DET-CLE wk4,Dan Campbell,1,12:53,3,51,0,5,6
CLE-TEN wk14,Kevin Stefanski,2,06:54,8,51,-4,5,3
NO-CAR wk15,Kellen Moore,1,02:52,9,51,-7,5,3
SF-SEA wk18,Kyle Shanahan,3,04:37,1,18,-7,5,17
CLE-GB wk3,Kevin Stefanski,3,01:19,4,46,-10,5,29
SF-TB wk6,Kyle Shanahan,4,13:25,21,51,-8,4.9,36
MIA-CAR wk5,Mike McDaniel,4,01:10,17,15,-3,4.9,17
CIN-NE wk12,Zac Taylor,4,13:10,6,40,-7,4.9,28
KC-IND wk12,Andy Reid,3,06:27,3,43,-8,4.8,12
DET-MIN wk17,Dan Campbell,4,09:01,8,29,-6,4.8,28
GB-MIN wk18,Matt LaFleur,3,10:42,15,56,-13,4.7,14
SF-HOU wk8,Kyle Shanahan,3,13:45,3,47,-9,4.7,29
MIN-LAC wk8,Kevin O'Connell,2,04:12,2,47,-11,4.7,56
WAS-LAC wk5,Dan Quinn,1,08:29,5,47,-7,4.7,12
CIN-PIT wk7,Zac Taylor,1,07:35,4,47,-7,4.7,12
MIN-SEA wk13,Kevin O'Connell,2,05:33,5,47,-3,4.7,12
GB-MIN wk18,Matt LaFleur,2,09:13,4,47,-3,4.7,12
CLE-BUF wk16,Kevin Stefanski,4,01:49,32,1,-3,4.7,17
SF-NYG wk9,Kyle Shanahan,2,05:50,5,56,7,4.6,46
MIN-NYG wk16,Kevin O'Connell,3,05:35,6,56,3,4.6,5
CHI-DAL wk3,Ben Johnson,4,09:06,6,56,17,4.6,2
DEN-NYJ wk6,Sean Payton,4,13:42,6,29,-1,4.6,28
NYJ-CAR wk7,Aaron Glenn,4,01:55,10,14,-7,4.6,17
WAS-NYG wk15,Dan Quinn,1,02:20,13,62,3,4.6,5
WAS-DEN wk13,Dan Quinn,3,00:55,9,46,-6,4.5,3
PHI-NYG wk6,Nick Sirianni,4,14:09,2,20,-10,4.5,45
BUF-NE wk5,Sean McDermott,1,06:24,10,58,0,4.5,4
PIT-MIA wk15,Mike Tomlin,2,15:00,20,58,0,4.5,4
BAL-PIT wk18,John Harbaugh,2,03:19,8,58,7,4.5,5
CLE-MIN wk5,Kevin Stefanski,4,07:02,8,58,3,4.5,2
IND-SEA wk15,Shane Steichen,4,08:16,8,58,1,4.5,2
NYG-PHI wk6,Brian Daboll,3,01:21,9,58,10,4.5,7
NYJ-MIA wk14,Aaron Glenn,1,02:14,1,44,-21,4.4,86
TB-NE wk10,Todd Bowles,4,12:43,13,50,-5,4.4,36
WAS-KC wk8,Dan Quinn,4,06:59,9,36,-21,4.4,37
JAX-SEA wk6,Liam Coen,2,06:47,15,54,-4,4.3,3
ARI-JAX wk12,Jonathan Gannon,1,03:29,22,54,-7,4.3,3
LA-HOU wk1,Sean McVay,1,08:23,9,54,0,4.3,1
LV-KC wk7,Pete Carroll,1,11:52,7,54,0,4.3,1
PIT-BUF wk13,Mike Tomlin,2,14:01,9,54,0,4.3,1
CHI-CLE wk15,Ben Johnson,1,14:02,9,54,0,4.3,1
KC-PHI wk2,Andy Reid,4,07:09,7,29,-10,4.3,37
TB-LA wk12,Todd Bowles,3,02:25,1,17,-24,4.3,14
PIT-SEA wk2,Mike Tomlin,3,01:41,1,48,0,4.3,68
SF-LA wk10,Kyle Shanahan,1,09:03,2,43,-7,4.3,44
CAR-TB wk16,Dave Canales,2,07:34,2,43,-7,4.3,44
SF-SEA wk18,Kyle Shanahan,1,02:33,2,43,-7,4.3,44
DEN-GB wk15,Sean Payton,1,05:07,4,46,-3,4.3,12
MIA-CIN wk16,Mike McDaniel,4,11:34,5,36,-31,4.2,58
JAX-SEA wk6,Liam Coen,4,03:00,18,28,-8,4.2,28
CLE-GB wk3,Kevin Stefanski,4,11:42,5,40,-10,4.2,58
LAC-NYG wk4,Jim Harbaugh,4,03:03,25,30,-3,4.2,28
TEN-CLE wk14,Brian Callahan,3,03:22,7,47,-3,4.2,3
KC-LV wk18,Andy Reid,4,10:28,8,29,-3,4.2,28
MIN-CLE wk5,Kevin O'Connell,2,11:04,3,50,0,4.1,6
NE-BUF wk5,Mike Vrabel,1,02:24,3,50,0,4.1,6
CLE-PIT wk6,Kevin Stefanski,1,00:12,8,50,-3,4.1,3
CHI-GB wk16,Ben Johnson,2,00:51,9,50,-6,4.1,3
KC-DEN wk17,Andy Reid,4,15:00,6,39,-3,4.1,28
NO-SF wk2,Kellen Moore,4,03:12,11,10,-5,4.1,17
KC-HOU wk14,Andy Reid,3,05:43,4,44,-3,4.1,12
TEN-LA wk2,Brian Callahan,3,00:11,5,19,-4,4.1,0
LAC-HOU wk17,Jim Harbaugh,4,10:42,8,21,-7,4.1,28
TB-BUF wk11,Todd Bowles,3,11:22,1,13,-1,4,17
TEN-ARI wk5,Brian Callahan,3,03:22,1,35,-15,4,52
playoffs HOU-NE,DeMeco Ryans,4,12:09,6,27,-12,4,37
NYG-NE wk13,Brian Daboll,4,07:52,8,27,-15,4,37
CLE-DET wk4,Kevin Stefanski,2,07:44,1,17,-3,4,17
NO-LA wk9,Kellen Moore,1,02:29,1,13,-7,4,17
DEN-LV wk10,Sean Payton,2,07:46,1,10,-7,4,17
NYG-WAS wk15,Brian Daboll,1,00:43,1,18,-3,4,17
MIN-CHI wk1,Kevin O'Connell,2,06:58,1,34,-4,4,38
NYG-WAS wk1,Brian Daboll,2,11:47,1,24,-4,4,38
ARI-SEA wk4,Jonathan Gannon,2,03:58,1,29,-4,4,38
WAS-DAL wk7,Dan Quinn,1,04:48,1,22,-2,4,38
NO-ATL wk12,Kellen Moore,1,00:28,1,38,-3,4,38
CLE-CHI wk15,Kevin Stefanski,1,06:02,1,39,-7,4,38
LV-HOU wk16,Pete Carroll,1,08:17,1,34,-7,4,38
MIN-CLE wk5,Kevin O'Connell,4,03:38,23,18,-3,4,17
NYJ-MIA wk4,Aaron Glenn,3,02:43,7,49,-14,4,8
NO-SEA wk3,Kellen Moore,4,08:01,7,16,-31,4,21
WAS-DEN wk13,Dan Quinn,4,03:42,21,25,-3,3.9,28
NYJ-DEN wk6,Aaron Glenn,4,03:43,17,26,-2,3.9,28
NE-LV wk1,Mike Vrabel,4,04:53,10,44,-10,3.9,63
WAS-KC wk8,Dan Quinn,4,15:00,21,52,-14,3.9,63
JAX-LA wk7,Liam Coen,2,11:18,12,55,-14,3.9,8
ARI-SEA wk10,Jonathan Gannon,2,00:51,25,55,-31,3.9,8
DEN-IND wk2,Sean Payton,3,02:50,4,55,5,3.9,6
GB-DAL wk4,Matt LaFleur,2,05:59,5,55,11,3.9,3
CIN-ARI wk17,Zac Taylor,4,06:28,4,55,30,3.9,6
SF-NO wk2,Kyle Shanahan,4,02:47,6,55,5,3.9,0
PIT-MIN wk4,Mike Tomlin,4,01:08,6,55,3,3.9,0
LA-ARI wk14,Sean McVay,3,04:23,6,55,21,3.9,4
DET-TB wk7,Dan Campbell,4,13:12,6,55,12,3.9,2
LA-SEA wk11,Sean McVay,4,09:38,6,55,9,3.9,2
BAL-CLE wk11,John Harbaugh,2,00:35,2,42,-6,3.9,44
TEN-LA wk2,Brian Callahan,1,06:45,3,42,-7,3.9,12
CAR-SF wk12,Dave Canales,1,03:50,3,42,-7,3.9,12
MIN-GB wk12,Kevin O'Connell,1,05:12,4,45,-4,3.9,12
LA-DET wk15,Sean McVay,2,03:21,5,45,-3,3.9,12
MIA-CIN wk16,Mike McDaniel,2,00:48,5,45,-3,3.9,12
CIN-PIT wk11,Zac Taylor,2,10:58,6,45,-1,3.9,3
LA-HOU wk1,Sean McVay,4,12:13,10,61,5,3.9,2
WAS-CHI wk6,Dan Quinn,4,08:04,10,61,2,3.9,2
CAR-LA wk13,Dave Canales,4,13:41,20,61,3,3.9,2
LV-NE wk1,Pete Carroll,4,01:55,10,61,10,3.9,2
WAS-LV wk3,Dan Quinn,4,06:55,20,61,18,3.9,2
TEN-ARI wk5,Brian Callahan,3,00:55,4,43,-15,3.8,29
PHI-CHI wk13,Nick Sirianni,4,11:22,8,23,-8,3.8,28
WAS-DET wk10,Dan Quinn,3,01:03,3,28,-19,3.8,7
ATL-NYJ wk13,Raheem Morris,1,11:52,2,49,0,3.8,14
NE-LV wk1,Mike Vrabel,1,10:41,8,49,-7,3.8,3
MIN-CHI wk11,Kevin O'Connell,3,01:14,2,29,-13,3.8,20
CIN-CLE wk1,Zac Taylor,3,05:47,2,28,-2,3.7,6
JAX-TEN wk13,Liam Coen,1,11:13,5,51,0,3.7,6
TEN-NO wk17,Brian Callahan,1,12:19,5,51,0,3.7,6
CAR-NE wk4,Dave Canales,1,05:55,8,57,6,3.7,5
JAX-SF wk4,Liam Coen,3,06:22,7,57,3,3.7,5
TEN-HOU wk11,Brian Callahan,3,06:01,3,37,-1,3.7,2
NYJ-BUF wk2,Aaron Glenn,4,08:30,18,47,-27,3.7,63
CHI-MIN wk1,Ben Johnson,4,07:38,14,43,-3,3.6,36
playoffs DEN-BUF,Sean Payton,4,11:57,7,35,-1,3.6,28
PIT-CHI wk12,Mike Tomlin,3,06:30,3,34,-3,3.6,2
MIA-BAL wk9,Mike McDaniel,3,02:38,9,48,-22,3.6,8
JAX-CIN wk2,Liam Coen,4,06:09,2,53,3,3.6,21
IND-HOU wk13,Shane Steichen,2,02:00,15,53,-4,3.6,3
LAC-KC wk15,Jim Harbaugh,2,02:57,14,53,-7,3.6,3
PIT-BAL wk18,Mike Tomlin,1,09:31,11,53,-7,3.6,3
SUPER BOWL NE-SEA,Mike Vrabel,3,07:41,1,41,-12,3.6,86
BAL-HOU wk5,John Harbaugh,4,09:06,7,38,-34,3.6,37
SEA-LA wk16,Mike Macdonald,3,03:39,14,53,-9,3.5,8
DAL-DEN wk8,Brian Schottenheimer,3,03:25,6,44,-13,3.5,8
GB-PIT wk8,Matt LaFleur,2,04:13,3,41,-2,3.5,12
NYJ-NE wk11,Aaron Glenn,2,06:14,4,44,-7,3.5,12
WAS-DAL wk7,Dan Quinn,1,02:14,4,47,-9,3.5,29
TEN-NO wk17,Brian Callahan,4,05:03,17,28,-1,3.5,28
LAC-DEN wk3,Jim Harbaugh,3,02:18,5,19,-4,3.5,0
HOU-IND wk18,DeMeco Ryans,3,11:35,7,48,-1,3.5,3
KC-TEN wk16,Andy Reid,4,02:00,29,16,-17,3.4,21
MIN-CHI wk11,Kevin O'Connell,1,10:26,3,48,0,3.4,6
ATL-NE wk9,Raheem Morris,1,04:56,9,48,-7,3.4,3
DET-NYG wk12,Dan Campbell,1,05:10,9,48,-7,3.4,3
DEN-KC wk17,Sean Payton,2,10:41,8,48,-4,3.4,3
CHI-BAL wk8,Ben Johnson,3,08:07,3,35,-7,3.4,2
NE-BUF wk15,Mike Vrabel,4,05:19,17,20,-4,3.4,17
NO-NE wk6,Kellen Moore,3,04:23,17,53,-9,3.4,8
PIT-NYJ wk1,Mike Tomlin,4,05:29,24,23,-1,3.3,28
NYJ-BUF wk2,Aaron Glenn,3,07:04,1,28,-20,3.3,52
TEN-JAX wk18,Brian Callahan,3,07:05,1,24,-24,3.3,52
TB-DET wk7,Todd Bowles,3,02:59,3,28,-12,3.3,7
DAL-PHI wk1,Brian Schottenheimer,4,14:53,10,49,-4,3.3,36
PIT-BUF wk13,Mike Tomlin,3,07:30,1,34,-9,3.3,52
DET-MIN wk9,Dan Campbell,3,11:31,2,16,-3,3.2,7
GB-DET wk1,Matt LaFleur,3,00:03,5,54,11,3.2,3
DET-CHI wk18,Dan Campbell,4,11:27,6,54,8,3.2,0
KC-IND wk12,Andy Reid,4,05:55,11,11,-3,3.2,17
PIT-CLE wk17,Mike Tomlin,3,12:02,6,43,-4,3.2,3
NYG-LAC wk4,Brian Daboll,4,12:24,12,60,3,3.2,2
GB-ARI wk7,Matt LaFleur,3,13:28,3,37,-7,3.2,2
KC-IND wk12,Andy Reid,3,13:29,3,36,-5,3.2,2
MIN-ATL wk2,Kevin O'Connell,3,14:11,2,30,-3,3.2,6
NYJ-NE wk11,Aaron Glenn,2,01:55,2,15,-7,3.2,7
MIA-NE wk18,Mike McDaniel,2,07:45,2,19,-7,3.2,7
DEN-CIN wk4,Sean Payton,1,06:55,2,38,-3,3.2,6
TB-PHI wk4,Todd Bowles,1,11:28,2,33,-7,3.2,6
DET-KC wk6,Dan Campbell,2,00:17,2,40,-3,3.2,6
BAL-CHI wk8,John Harbaugh,1,04:44,2,36,-3,3.2,6
NE-CLE wk8,Mike Vrabel,1,03:22,2,40,-4,3.2,6
CAR-SF wk12,Dave Canales,2,08:13,2,28,-7,3.2,6
NO-MIA wk13,Kellen Moore,1,09:08,2,35,-7,3.2,6
MIN-DAL wk15,Kevin O'Connell,1,04:43,2,32,-7,3.2,6
IND-SF wk16,Shane Steichen,2,07:16,2,28,-7,3.2,6
NYJ-NE wk17,Aaron Glenn,1,09:20,2,37,-7,3.2,6
PIT-CLE wk17,Mike Tomlin,1,08:40,2,34,-3,3.2,6
NO-CAR wk10,Kellen Moore,2,15:00,3,9,-4,3.2,0
DEN-LAC wk3,Sean Payton,1,10:23,3,40,-3,3.2,2
TB-DET wk7,Todd Bowles,1,09:44,3,22,-7,3.2,2
SF-HOU wk8,Kyle Shanahan,2,13:32,3,32,-6,3.2,2
BAL-MIA wk9,John Harbaugh,1,10:37,3,40,-3,3.2,2
IND-PIT wk9,Shane Steichen,2,03:33,3,37,-7,3.2,2
PHI-CHI wk13,Nick Sirianni,2,05:07,3,37,-7,3.2,2
LV-HOU wk16,Pete Carroll,2,00:25,3,38,-6,3.2,2
GB-MIN wk18,Matt LaFleur,2,13:42,3,22,-3,3.2,2
playoffs NE-DEN,Mike Vrabel,2,05:57,3,38,-7,3.2,2
NYJ-CAR wk7,Aaron Glenn,1,02:54,5,43,-3,3.2,12
CHI-MIN wk11,Ben Johnson,2,14:56,4,43,-3,3.2,12
CLE-BAL wk2,Kevin Stefanski,2,03:53,4,46,-10,3.2,29
CHI-LV wk4,Ben Johnson,3,03:43,6,36,-5,3.1,1
JAX-LA wk7,Liam Coen,3,02:43,23,52,-21,3.1,8
CLE-MIN wk5,Kevin Stefanski,1,13:08,3,47,0,3.1,6
MIA-CIN wk16,Mike McDaniel,1,08:05,3,47,0,3.1,6
DET-PHI wk11,Dan Campbell,4,05:12,10,42,-10,3.1,63
DEN-PHI wk5,Sean Payton,3,03:52,2,28,-14,3.1,20
SEA-PIT wk2,Mike Macdonald,2,07:11,1,51,1,3.1,63
ATL-LA wk17,Raheem Morris,4,07:34,1,51,7,3.1,69
PHI-KC wk2,Nick Sirianni,1,10:31,5,50,0,3.1,6
DET-CHI wk2,Dan Campbell,1,06:59,6,50,0,3.1,1
BAL-CLE wk11,John Harbaugh,2,12:51,6,50,0,3.1,1
MIA-BUF wk3,Mike McDaniel,3,05:40,5,41,-7,3.1,12
TB-ATL wk15,Todd Bowles,1,12:43,10,56,0,3.1,4
LAC-KC wk15,Jim Harbaugh,4,05:29,7,56,3,3.1,2
TB-CAR wk18,Todd Bowles,4,00:26,9,56,2,3.1,2
playoffs DEN-NE,Sean Payton,3,03:59,4,29,-3,3.1,2
NYJ-BUF wk18,Aaron Glenn,3,00:05,6,7,-29,3.1,0
HOU-LA wk1,DeMeco Ryans,3,02:07,10,50,-5,3,3
CHI-GB wk16,Ben Johnson,3,04:25,4,21,-3,3,2
TEN-JAX wk13,Brian Callahan,3,13:28,1,28,-15,3,52
BUF-PHI wk17,Sean McDermott,3,13:32,1,29,-13,3,52
DAL-DEN wk8,Brian Schottenheimer,2,02:25,1,29,-10,3,52
WAS-MIN wk14,Dan Quinn,2,04:25,1,33,-14,3,52
LAC-DEN wk18,Jim Harbaugh,2,14:19,1,30,-10,3,52
HOU-DEN wk9,DeMeco Ryans,3,05:34,2,52,8,3,24
DEN-LAC wk18,Sean Payton,3,03:40,3,52,10,3,3
TEN-LA wk2,Brian Callahan,2,04:37,13,52,-7,3,3
HOU-TB wk2,DeMeco Ryans,2,00:38,14,52,-4,3,3
DEN-LAC wk3,Sean Payton,1,01:47,12,52,-3,3,3
DET-NYG wk12,Dan Campbell,1,08:02,19,52,-7,3,3
CAR-LA wk13,Dave Canales,2,00:21,10,52,-4,3,3
TEN-LAC wk9,Brian Callahan,1,12:09,8,52,0,3,1
TEN-DEN wk1,Brian Callahan,4,06:48,13,27,-8,3,28
MIN-ATL wk2,Kevin O'Connell,3,01:35,9,42,-6,2.9,3
playoffs DEN-NE,Sean Payton,4,14:18,7,40,-3,2.9,28
TEN-LV wk6,Brian Callahan,1,12:59,1,44,0,2.9,68
BUF-ATL wk6,Sean McDermott,4,06:55,10,33,-7,2.9,28
TB-MIA wk17,Todd Bowles,3,13:34,3,42,-10,2.9,29
CIN-NE wk12,Zac Taylor,3,05:05,4,37,-4,2.9,2
ARI-SEA wk10,Jonathan Gannon,1,06:21,3,42,-14,2.9,29
CIN-GB wk6,Zac Taylor,2,08:22,5,42,-3,2.9,12
LV-HOU wk16,Pete Carroll,2,05:27,4,42,-3,2.9,12
WAS-GB wk2,Dan Quinn,3,05:12,3,34,-14,2.9,7
TEN-NE wk7,Brian Callahan,3,01:07,6,40,-18,2.8,1
NE-TEN wk7,Mike Vrabel,1,02:18,8,46,-7,2.8,3
playoffs DEN-NE,Sean Payton,2,01:42,6,49,0,2.8,1
playoffs CAR-LA,Dave Canales,4,07:21,13,32,-3,2.8,28
playoffs HOU-NE,DeMeco Ryans,4,04:17,18,21,-12,2.8,37
MIN-CHI wk1,Kevin O'Connell,3,05:53,2,31,-11,2.8,20
SEA-IND wk15,Mike Macdonald,3,05:55,4,26,-4,2.8,2
CLE-TEN wk14,Kevin Stefanski,4,08:30,15,44,-11,2.8,63
DAL-LAC wk16,Brian Schottenheimer,3,09:10,4,41,-7,2.8,12
DAL-NYG wk18,Brian Schottenheimer,4,04:29,10,40,-17,2.8,37
WAS-SEA wk9,Dan Quinn,4,15:00,14,50,-31,2.7,63
DEN-WAS wk13,Sean Payton,4,04:52,4,53,3,2.7,5
SEA-MIN wk13,Mike Macdonald,4,01:00,4,53,26,2.7,6
HOU-ARI wk15,DeMeco Ryans,4,08:54,4,53,13,2.7,6
WAS-DAL wk7,Dan Quinn,4,04:45,12,6,-22,2.7,21
LV-DEN wk10,Pete Carroll,2,09:06,12,59,7,2.7,5
MIA-BUF wk10,Mike McDaniel,3,02:10,10,59,16,2.7,7
LA-SF wk10,Sean McVay,2,01:15,10,59,14,2.7,7
HOU-IND wk18,DeMeco Ryans,2,04:07,10,59,10,2.7,7
LV-TEN wk6,Pete Carroll,4,02:45,10,59,10,2.7,2
LAC-LV wk13,Jim Harbaugh,2,00:29,1,43,0,2.7,68
CLE-SF wk13,Kevin Stefanski,3,12:21,6,41,-2,2.7,3
DEN-PHI wk5,Sean Payton,2,01:26,5,41,-7,2.6,12
ARI-IND wk6,Jonathan Gannon,1,10:13,4,41,-7,2.6,12
ARI-CIN wk17,Jonathan Gannon,1,07:58,4,41,-7,2.6,12
ATL-CAR wk3,Raheem Morris,2,02:44,5,44,-10,2.6,29
NYG-WAS wk15,Brian Daboll,3,07:32,4,25,-8,2.6,2
TEN-JAX wk13,Brian Callahan,3,03:14,7,45,-22,2.6,8
NYJ-MIA wk14,Aaron Glenn,3,12:19,7,48,-17,2.6,8
ATL-NYJ wk13,Raheem Morris,1,03:01,10,55,0,2.6,1
IND-SEA wk15,Shane Steichen,1,11:09,10,55,0,2.6,1
DEN-NYJ wk6,Sean Payton,2,03:29,7,55,4,2.6,2
NO-CAR wk10,Kellen Moore,2,00:27,9,55,3,2.6,2
SEA-SF wk18,Mike Macdonald,3,06:54,7,55,7,2.6,2
playoffs CHI-LA,Ben Johnson,4,15:00,2,45,0,2.6,25
CLE-BAL wk2,Kevin Stefanski,2,12:12,8,45,-3,2.6,3
LV-DEN wk14,Pete Carroll,2,04:50,7,45,-7,2.6,3
TB-PHI wk4,Todd Bowles,1,12:59,5,48,0,2.6,6
WAS-KC wk8,Dan Quinn,3,08:19,5,27,-7,2.6,2
CAR-NE wk4,Dave Canales,3,02:34,6,5,-29,2.5,0
TB-MIA wk17,Todd Bowles,4,12:47,7,38,-10,2.5,37
DET-KC wk6,Dan Campbell,3,06:50,10,52,-10,2.5,8
DEN-NYJ wk6,Sean Payton,3,01:15,7,21,-1,2.5,1
BAL-PIT wk18,John Harbaugh,3,01:15,8,36,-3,2.5,1
CLE-DET wk4,Kevin Stefanski,4,12:55,7,38,-17,2.5,37
LA-PHI wk3,Sean McVay,3,08:50,2,51,12,2.5,9
GB-NYG wk11,Matt LaFleur,1,08:20,11,51,-7,2.5,3
CLE-SF wk13,Kevin Stefanski,2,12:33,28,51,-7,2.5,3
KC-HOU wk14,Andy Reid,2,15:00,10,51,-3,2.5,3
TEN-LAC wk9,Brian Callahan,1,04:46,8,51,0,2.5,1
TEN-LV wk6,Brian Callahan,4,13:01,9,21,-14,2.5,37
DAL-CAR wk6,Brian Schottenheimer,3,09:53,6,35,-3,2.5,1
CIN-DET wk5,Zac Taylor,3,10:03,3,35,-18,2.5,7
KC-PHI wk2,Andy Reid,3,10:38,5,34,-3,2.4,2
CIN-DEN wk4,Zac Taylor,3,11:08,2,38,-18,2.4,20
CIN-BAL wk15,Zac Taylor,3,04:50,6,41,-17,2.4,8
NYG-MIN wk16,Brian Daboll,3,11:15,5,37,-3,2.4,2
PHI-WAS wk18,Nick Sirianni,3,11:45,6,24,-3,2.4,1
PHI-NYG wk6,Nick Sirianni,3,12:15,6,11,-3,2.4,0
DAL-NYG wk18,Brian Schottenheimer,3,12:47,4,18,-6,2.4,0
TEN-ARI wk5,Brian Callahan,3,12:51,2,36,-15,2.4,20
BAL-CLE wk11,John Harbaugh,3,12:54,5,40,-6,2.4,2
BAL-CIN wk13,John Harbaugh,3,12:57,4,28,-5,2.4,2
PIT-NYJ wk1,Mike Tomlin,3,13:15,6,34,-2,2.4,1
ATL-MIA wk8,Raheem Morris,3,13:33,3,36,-14,2.4,7
CIN-NE wk12,Zac Taylor,3,13:35,4,37,-4,2.4,2
CLE-PIT wk6,Kevin Stefanski,3,14:02,5,27,-6,2.4,2
SUPER BOWL NE-SEA,Mike Vrabel,3,14:08,3,39,-9,2.4,7
ARI-SF wk11,Jonathan Gannon,2,02:59,2,16,-9,2.4,0
NYJ-MIA wk14,Aaron Glenn,2,07:20,2,28,-14,2.4,20
playoffs CAR-LA,Dave Canales,2,03:55,2,32,-10,2.4,20
LAC-HOU wk17,Jim Harbaugh,2,09:48,3,15,-14,2.4,0
ARI-SEA wk10,Jonathan Gannon,2,12:24,3,36,-28,2.4,7
TEN-JAX wk13,Brian Callahan,2,09:20,3,35,-12,2.4,7
ARI-HOU wk15,Jonathan Gannon,2,07:37,3,36,-13,2.4,7
TB-ATL wk1,Todd Bowles,1,04:59,5,13,-7,2.4,0
PHI-LAC wk14,Nick Sirianni,2,14:55,5,15,-4,2.4,0
MIA-NE wk2,Mike McDaniel,1,08:04,5,30,-6,2.4,2
DAL-CHI wk3,Brian Schottenheimer,2,02:36,4,30,-3,2.4,2
NO-SEA wk3,Kellen Moore,1,07:51,5,34,-7,2.4,2
NYJ-TB wk3,Aaron Glenn,2,05:50,4,24,-4,2.4,2
DAL-GB wk4,Brian Schottenheimer,1,08:10,4,34,-7,2.4,2
CIN-DET wk5,Zac Taylor,1,03:31,4,34,-7,2.4,2
NYJ-DEN wk6,Aaron Glenn,2,13:35,5,31,-4,2.4,2
NE-CLE wk8,Mike Vrabel,2,04:23,5,39,-1,2.4,2
DET-MIN wk9,Dan Campbell,2,03:21,4,35,-3,2.4,2
BAL-MIN wk10,John Harbaugh,2,09:18,5,35,-7,2.4,2
LV-CLE wk12,Pete Carroll,1,03:17,4,32,-7,2.4,2
NO-MIA wk13,Kellen Moore,1,06:37,4,40,-7,2.4,2
BAL-PIT wk14,John Harbaugh,1,00:34,4,35,-4,2.4,2
NO-TEN wk17,Kellen Moore,1,02:15,4,26,-6,2.4,2
SUPER BOWL NE-SEA,Mike Vrabel,2,14:18,5,37,-3,2.4,2
TEN-HOU wk4,Brian Callahan,2,07:54,6,14,-6,2.4,0
ATL-MIA wk8,Raheem Morris,2,08:42,6,8,-4,2.4,0
BUF-BAL wk1,Sean McDermott,2,12:14,6,27,-3,2.4,1
MIN-CHI wk1,Kevin O'Connell,1,05:04,6,28,-7,2.4,1
LV-LAC wk2,Pete Carroll,2,04:42,6,37,-4,2.4,1
DAL-NYG wk2,Brian Schottenheimer,1,04:58,6,36,-3,2.4,1
ATL-CAR wk3,Raheem Morris,1,05:14,6,30,-7,2.4,1
LV-WAS wk3,Pete Carroll,1,05:33,6,28,-4,2.4,1
DAL-GB wk4,Brian Schottenheimer,1,01:31,6,26,-7,2.4,1
MIA-LAC wk6,Mike McDaniel,1,06:27,6,28,-3,2.4,1
NO-CHI wk7,Kellen Moore,1,08:11,6,37,-3,2.4,1
DEN-NYG wk7,Sean Payton,2,14:57,6,36,-7,2.4,1
NE-TB wk10,Mike Vrabel,1,01:55,6,39,-7,2.4,1
HOU-BUF wk12,DeMeco Ryans,1,01:52,6,38,-3,2.4,1
JAX-ARI wk12,Liam Coen,2,06:14,6,39,-4,2.4,1
NE-CIN wk12,Mike Vrabel,1,05:38,6,32,-3,2.4,1
DAL-PHI wk12,Brian Schottenheimer,1,07:13,6,28,-7,2.4,1
LAC-KC wk15,Jim Harbaugh,2,13:40,6,25,-4,2.4,1
LV-HOU wk16,Pete Carroll,1,03:25,6,39,-7,2.4,1
PHI-WAS wk16,Nick Sirianni,1,09:32,6,36,-3,2.4,1
CLE-CIN wk18,Kevin Stefanski,1,06:29,6,28,-6,2.4,1
NO-ATL wk18,Kellen Moore,2,00:53,6,37,-3,2.4,1
NYJ-BUF wk18,Aaron Glenn,1,03:11,6,37,-7,2.4,1
playoffs JAX-BUF,Liam Coen,2,04:41,6,30,-3,2.4,1
LV-KC wk7,Pete Carroll,2,06:44,4,43,-14,2.4,29
WAS-NYG wk1,Dan Quinn,4,14:19,1,49,8,2.4,69
SUPER BOWL NE-SEA,Mike Vrabel,3,03:45,4,33,-12,2.4,7
HOU-DEN wk9,DeMeco Ryans,4,07:24,2,44,0,2.3,25
ATL-IND wk10,Raheem Morris,2,09:03,9,44,-6,2.3,3
NYJ-MIA wk14,Aaron Glenn,1,11:55,7,44,-7,2.3,3
playoffs NE-DEN,Mike Vrabel,1,06:46,9,44,-7,2.3,3
LAC-IND wk7,Jim Harbaugh,2,13:38,7,47,-10,2.3,8
ATL-TB wk15,Raheem Morris,2,06:37,4,47,0,2.3,6
NYJ-BAL wk12,Aaron Glenn,1,14:09,6,47,0,2.3,1
DET-MIN wk17,Dan Campbell,3,11:11,6,47,0,2.3,1
CAR-ATL wk11,Dave Canales,4,10:22,14,41,-2,2.3,36
CLE-DET wk4,Kevin Stefanski,4,13:56,7,26,-10,2.3,37
IND-SF wk16,Shane Steichen,4,06:32,25,5,-14,2.3,21
NO-ARI wk1,Kellen Moore,4,13:59,7,40,-10,2.3,37
SF-JAX wk4,Kyle Shanahan,3,02:40,9,36,-6,2.2,1
CAR-TB wk18,Dave Canales,2,14:58,13,52,-10,2.2,8
NYG-NO wk5,Brian Daboll,2,05:34,4,52,8,2.2,6
SF-LA wk5,Kyle Shanahan,2,06:18,5,52,14,2.2,3
SEA-ATL wk14,Mike Macdonald,4,00:31,4,52,28,2.2,6
CIN-MIA wk16,Zac Taylor,4,09:20,4,52,31,2.2,6
SF-NO wk2,Kyle Shanahan,4,04:41,6,52,5,2.2,0
DET-LA wk15,Dan Campbell,4,14:08,7,38,-10,2.2,37
ARI-LA wk14,Jonathan Gannon,4,14:09,9,21,-28,2.2,37
ARI-GB wk7,Jonathan Gannon,2,13:35,10,58,3,2.2,5
NYG-DEN wk7,Brian Daboll,3,07:08,18,58,13,2.2,7
BUF-BAL wk1,Sean McDermott,3,02:50,8,29,-8,2.2,1
MIA-CLE wk7,Mike McDaniel,4,06:53,15,15,-25,2.2,21
MIN-LAC wk8,Kevin O'Connell,1,11:47,1,41,0,2.2,68
DEN-NYG wk7,Sean Payton,3,12:50,5,42,-13,2.2,29
MIN-DAL wk15,Kevin O'Connell,3,10:17,9,43,-3,2.2,3
JAX-LV wk9,Liam Coen,2,05:46,20,54,0,2.2,1
MIN-DET wk9,Kevin O'Connell,3,09:26,7,54,3,2.2,2
NYG-DET wk12,Brian Daboll,3,07:23,9,54,3,2.2,2
playoffs NE-HOU,Mike Vrabel,2,06:40,8,54,4,2.2,2
ARI-TEN wk5,Jonathan Gannon,2,00:14,8,54,15,2.2,4
CLE-LV wk12,Kevin Stefanski,3,09:14,8,54,11,2.2,4
BUF-TB wk11,Sean McDermott,4,00:50,1,48,12,2.1,43
NYJ-MIA wk4,Aaron Glenn,4,07:13,10,31,-11,2.1,37
KC-LAC wk1,Andy Reid,1,03:34,9,43,-7,2.1,3
ATL-NE wk9,Raheem Morris,3,05:34,6,20,-10,2.1,0
PIT-LAC wk10,Mike Tomlin,1,13:37,4,46,0,2.1,6
LV-PHI wk15,Pete Carroll,2,00:36,8,46,-17,2.1,8
TB-MIA wk17,Todd Bowles,2,14:06,6,46,0,2.1,1
DET-KC wk6,Dan Campbell,4,07:26,14,22,-10,2.1,37
MIN-DET wk9,Kevin O'Connell,3,12:37,3,50,3,2.1,6
LA-HOU wk1,Sean McVay,2,13:21,12,50,-3,2.1,3
CIN-PIT wk7,Zac Taylor,1,02:52,12,50,-7,2.1,3
ATL-NYJ wk13,Raheem Morris,2,10:59,14,50,-7,2.1,3
CAR-TB wk18,Dave Canales,1,07:32,10,50,-7,2.1,3
ATL-SEA wk14,Raheem Morris,1,11:40,7,50,0,2.1,1
MIA-PIT wk15,Mike McDaniel,1,12:46,7,50,0,2.1,1
DET-MIN wk17,Dan Campbell,1,10:42,8,50,0,2.1,1
PHI-WAS wk18,Nick Sirianni,1,12:31,9,50,0,2.1,1
playoffs PIT-HOU,Mike Tomlin,1,12:04,7,50,0,2.1,1
DEN-HOU wk9,Sean Payton,4,01:21,8,50,0,2.1,0
CHI-NYG wk10,Ben Johnson,3,09:21,5,41,-10,2.1,29
TEN-HOU wk11,Brian Callahan,4,10:38,11,19,-7,2.1,17
CIN-JAX wk2,Zac Taylor,4,10:54,12,35,-3,2,28
TEN-DEN wk1,Brian Callahan,2,09:42,1,17,0,2,3
DEN-LV wk10,Sean Payton,1,07:12,1,11,0,2,3
LA-ATL wk17,Sean McVay,1,11:53,1,15,0,2,3
JAX-CIN wk2,Liam Coen,3,09:30,1,28,0,2,22
ARI-SF wk3,Jonathan Gannon,2,02:19,1,37,0,2,22
IND-LV wk5,Shane Steichen,1,13:23,1,38,0,2,22
MIN-CLE wk5,Kevin O'Connell,2,06:26,1,23,0,2,22
TB-SF wk6,Todd Bowles,1,12:08,1,37,0,2,22
ATL-SF wk7,Raheem Morris,1,13:22,1,31,0,2,22
SEA-HOU wk7,Mike Macdonald,1,13:31,1,38,0,2,22
GB-PIT wk8,Matt LaFleur,1,13:37,1,29,0,2,22
NO-LA wk9,Kellen Moore,1,13:10,1,39,0,2,22
BUF-MIA wk10,Sean McDermott,1,12:23,1,34,0,2,22
DEN-KC wk11,Sean Payton,2,00:37,1,36,0,2,22
PIT-MIA wk15,Mike Tomlin,1,10:26,1,29,0,2,22
LV-NYG wk17,Pete Carroll,1,09:11,1,25,0,2,22
NO-ATL wk18,Kellen Moore,1,06:19,1,23,0,2,22
LA-SF wk5,Sean McVay,4,08:18,1,39,0,2,40
HOU-KC wk14,DeMeco Ryans,4,11:32,1,35,0,2,40
MIA-NE wk18,Mike McDaniel,4,07:54,11,20,-28,2,21
NYG-SF wk9,Brian Daboll,3,01:43,8,41,-10,2,8
NE-LV wk1,Mike Vrabel,3,04:39,7,28,-4,2,1
LAC-HOU wk17,Jim Harbaugh,3,13:32,4,41,-11,2,29
NYJ-NE wk17,Aaron Glenn,2,01:55,4,41,-25,2,29
CLE-SF wk13,Kevin Stefanski,3,00:38,9,6,-9,2,0
SF-HOU wk8,Kyle Shanahan,4,08:05,11,31,-11,2,37
LAC-DEN wk18,Jim Harbaugh,3,00:45,8,33,-10,2,1
WAS-PHI wk18,Dan Quinn,3,04:59,7,38,-4,1.9,1
CIN-DEN wk4,Zac Taylor,3,03:00,17,49,-18,1.9,8
CIN-MIN wk3,Zac Taylor,4,08:14,14,16,-38,1.9,21
HOU-JAX wk3,DeMeco Ryans,1,13:34,3,42,0,1.9,6
TB-ATL wk1,Todd Bowles,1,12:21,8,42,-7,1.9,3
HOU-TB wk2,DeMeco Ryans,2,07:40,8,42,-4,1.9,3
PIT-IND wk9,Mike Tomlin,1,13:32,4,45,0,1.9,6
playoffs LA-CHI,Sean McVay,3,12:08,4,45,0,1.9,6
CIN-DET wk5,Zac Taylor,2,08:43,7,45,-14,1.9,8
LV-CLE wk12,Pete Carroll,3,08:18,6,24,-11,1.9,1
PIT-LAC wk10,Mike Tomlin,3,08:48,5,27,-9,1.9,7
NE-CAR wk4,Mike Vrabel,4,08:47,2,49,36,1.9,0
SF-CLE wk13,Kyle Shanahan,1,13:19,9,49,0,1.9,1
DET-DAL wk14,Dan Campbell,1,07:19,8,49,0,1.9,1
ARI-LA wk14,Jonathan Gannon,3,09:21,5,40,-21,1.9,7
NO-ATL wk12,Kellen Moore,2,09:05,13,51,-10,1.9,8
DEN-NYJ wk6,Sean Payton,2,09:27,5,51,4,1.9,6
CAR-GB wk9,Dave Canales,3,07:48,4,51,1,1.9,6
JAX-HOU wk10,Liam Coen,4,06:16,4,51,5,1.9,5
SEA-HOU wk7,Mike Macdonald,4,13:21,6,51,15,1.9,2
NE-NO wk6,Mike Vrabel,4,05:58,13,57,6,1.9,2
HOU-KC wk14,DeMeco Ryans,4,03:53,12,57,7,1.9,2
MIA-NYJ wk4,Mike McDaniel,2,02:00,10,57,10,1.9,7
CAR-NYJ wk7,Dave Canales,4,09:00,19,57,10,1.9,2
CLE-MIA wk7,Kevin Stefanski,4,08:24,11,57,25,1.9,2
ATL-NO wk12,Raheem Morris,4,03:09,11,57,14,1.9,2
TEN-SF wk15,Brian Callahan,3,11:37,6,39,-14,1.8,1
DAL-PHI wk12,Brian Schottenheimer,3,11:38,6,12,-14,1.8,0
NO-ARI wk1,Kellen Moore,4,08:57,15,12,-10,1.8,21
NYG-WAS wk1,Brian Daboll,3,12:33,6,35,-11,1.8,1
LV-DAL wk11,Pete Carroll,3,13:35,6,36,-15,1.8,1
CHI-DET wk18,Ben Johnson,3,13:45,4,34,-13,1.8,7
NYJ-MIA wk14,Aaron Glenn,2,11:56,4,19,-14,1.8,0
SF-JAX wk4,Kyle Shanahan,2,03:33,4,31,-11,1.8,7
TB-PHI wk4,Todd Bowles,2,05:10,4,26,-18,1.8,7
TEN-ARI wk5,Brian Callahan,2,02:12,5,39,-15,1.8,7
WAS-LAC wk5,Dan Quinn,1,00:04,5,38,-10,1.8,7
SF-HOU wk8,Kyle Shanahan,2,06:04,5,40,-13,1.8,7
LAC-HOU wk17,Jim Harbaugh,1,00:43,4,24,-14,1.8,7
DAL-GB wk4,Brian Schottenheimer,2,08:42,6,16,-11,1.8,0
NO-SEA wk3,Kellen Moore,2,09:44,6,32,-25,1.8,1
BUF-ATL wk6,Sean McDermott,2,01:22,6,38,-14,1.8,1
WAS-SEA wk9,Dan Quinn,2,06:57,6,24,-21,1.8,1
NYG-NE wk13,Brian Daboll,2,01:13,6,35,-20,1.8,1
SEA-SF wk1,Mike Macdonald,1,12:14,10,53,0,1.8,1
DEN-PHI wk5,Sean Payton,2,11:59,21,53,0,1.8,1
NYJ-BAL wk12,Aaron Glenn,1,04:09,10,53,0,1.8,1
TB-ARI wk13,Todd Bowles,1,10:36,10,53,0,1.8,1
BUF-PIT wk13,Sean McDermott,1,03:27,15,53,0,1.8,1
TB-NO wk14,Todd Bowles,2,11:46,13,53,0,1.8,1
NYJ-NO wk16,Aaron Glenn,2,07:25,12,53,0,1.8,1
KC-LV wk18,Andy Reid,1,10:46,11,53,0,1.8,1
ATL-TB wk15,Raheem Morris,3,11:43,8,53,1,1.8,2
BAL-MIA wk9,John Harbaugh,3,00:26,7,53,22,1.8,4
DEN-JAX wk16,Sean Payton,3,06:12,13,47,-7,1.8,3
PIT-GB wk8,Mike Tomlin,4,09:08,19,16,-10,1.8,21
KC-NYG wk3,Andy Reid,3,01:19,1,46,10,1.8,44
LAC-NYG wk4,Jim Harbaugh,3,07:05,9,33,-3,1.8,1
CAR-MIA wk5,Dave Canales,3,07:08,7,28,-4,1.8,1
NE-PIT wk3,Mike Vrabel,1,05:21,9,41,-7,1.8,3
TB-DET wk7,Todd Bowles,1,06:15,9,41,-7,1.8,3
WAS-DAL wk7,Dan Quinn,1,11:46,8,41,-7,1.8,3
CIN-PIT wk11,Zac Taylor,2,02:03,7,41,-1,1.8,3
IND-HOU wk13,Shane Steichen,1,00:43,7,41,-3,1.8,3
KC-DEN wk17,Andy Reid,1,04:00,9,41,-3,1.8,3
ARI-SF wk3,Jonathan Gannon,4,03:36,5,44,0,1.8,7
JAX-LV wk9,Liam Coen,1,13:35,6,44,0,1.8,1
MIN-DET wk17,Kevin O'Connell,2,00:26,6,44,0,1.8,1
TEN-LA wk2,Brian Callahan,4,09:16,15,19,-11,1.8,21
DET-PHI wk11,Dan Campbell,4,09:16,10,39,-10,1.8,37
NYJ-NE wk11,Aaron Glenn,4,09:17,12,36,-10,1.8,37
playoffs SF-PHI,Kyle Shanahan,3,07:32,9,21,-3,1.7,1
TEN-CLE wk14,Brian Callahan,3,07:45,8,26,-3,1.7,1
KC-LV wk18,Andy Reid,4,12:30,10,20,-3,1.7,17
BUF-BAL wk1,Sean McDermott,4,09:27,16,37,-15,1.7,37
LV-CLE wk12,Pete Carroll,4,09:27,11,31,-14,1.7,37
ARI-LA wk18,Jonathan Gannon,4,09:27,12,33,-10,1.7,37
IND-LA wk4,Shane Steichen,3,07:57,9,20,-3,1.7,0
CAR-NYJ wk7,Dave Canales,4,02:56,2,48,7,1.7,21
LA-JAX wk7,Sean McVay,3,08:17,3,48,21,1.7,3
PHI-DAL wk12,Nick Sirianni,3,04:25,3,48,14,1.7,3
CLE-GB wk3,Kevin Stefanski,2,11:02,14,48,-3,1.7,3
KC-DAL wk13,Andy Reid,2,00:18,19,48,-3,1.7,3
NE-BUF wk5,Mike Vrabel,2,06:34,8,48,0,1.7,1
KC-TEN wk16,Andy Reid,1,08:31,7,48,0,1.7,1
playoffs LAC-NE,Jim Harbaugh,1,08:18,7,48,0,1.7,1
NO-ATL wk12,Kellen Moore,4,09:32,14,31,-14,1.7,37
NYG-PHI wk8,Brian Daboll,4,09:36,21,22,-18,1.7,37
ARI-JAX wk12,Jonathan Gannon,4,12:40,10,34,-3,1.7,28
PIT-NYJ wk1,Mike Tomlin,3,09:08,7,37,-2,1.7,1
GB-MIN wk18,Matt LaFleur,4,09:52,16,19,-13,1.7,21
TEN-CLE wk14,Brian Callahan,3,10:05,7,28,-3,1.6,1
PIT-GB wk8,Mike Tomlin,4,13:09,13,20,-3,1.6,17
PIT-MIA wk15,Mike Tomlin,4,07:36,1,45,19,1.6,43
LV-LAC wk13,Pete Carroll,3,12:03,9,36,-7,1.6,1
DEN-HOU wk9,Sean Payton,3,12:25,8,37,-5,1.6,1
CLE-NE wk8,Kevin Stefanski,3,13:20,9,32,-2,1.6,1
LAC-DEN wk18,Jim Harbaugh,3,13:21,8,14,-7,1.6,0
playoffs LAC-NE,Jim Harbaugh,3,13:22,7,35,-3,1.6,1
KC-BUF wk9,Andy Reid,3,13:31,7,34,-8,1.6,1
LV-DEN wk14,Pete Carroll,3,13:31,8,33,-7,1.6,1
KC-TEN wk16,Andy Reid,4,10:14,24,2,-14,1.6,21
PHI-CHI wk13,Nick Sirianni,3,14:01,9,28,-7,1.6,1
CHI-DET wk2,Ben Johnson,1,05:13,2,18,0,1.6,3
CLE-MIN wk5,Kevin Stefanski,2,08:49,2,19,0,1.6,3
MIN-CLE wk5,Kevin O'Connell,2,02:41,2,19,0,1.6,3
playoffs NE-DEN,Mike Vrabel,2,00:57,2,18,0,1.6,3
JAX-KC wk5,Liam Coen,1,13:33,2,38,0,1.6,2
JAX-KC wk5,Liam Coen,1,08:38,2,22,0,1.6,2
NYG-DEN wk7,Brian Daboll,1,11:16,2,40,0,1.6,2
DEN-NYG wk7,Sean Payton,1,08:33,2,36,0,1.6,2
NYG-SF wk9,Brian Daboll,1,02:21,2,40,0,1.6,2
BAL-MIN wk10,John Harbaugh,1,13:25,2,39,0,1.6,2
LV-DEN wk10,Pete Carroll,3,12:27,2,37,0,1.6,2
TB-NE wk10,Todd Bowles,2,13:22,2,38,0,1.6,2
PHI-GB wk10,Nick Sirianni,2,07:35,2,28,0,1.6,2
LAC-JAX wk11,Jim Harbaugh,1,13:37,2,31,0,1.6,2
CLE-LV wk12,Kevin Stefanski,1,12:59,2,40,0,1.6,2
MIN-SEA wk13,Kevin O'Connell,1,03:38,2,34,0,1.6,2
CIN-BAL wk15,Zac Taylor,2,07:47,2,35,0,1.6,2
PHI-BUF wk17,Nick Sirianni,1,13:58,2,36,0,1.6,2
KC-PHI wk2,Andy Reid,1,09:43,3,16,0,1.6,0
JAX-HOU wk3,Liam Coen,1,11:20,3,10,0,1.6,0
NYJ-CAR wk7,Aaron Glenn,2,03:56,3,11,0,1.6,0
BAL-NYJ wk12,John Harbaugh,1,02:24,3,13,0,1.6,0
SEA-IND wk15,Mike Macdonald,1,09:05,3,17,0,1.6,0
KC-LAC wk15,Andy Reid,3,03:38,3,19,0,1.6,0
DEN-JAX wk16,Sean Payton,1,12:02,3,15,0,1.6,0
SF-SEA wk18,Kyle Shanahan,1,06:04,3,12,0,1.6,0
MIN-CHI wk1,Kevin O'Connell,1,12:58,3,32,0,1.6,1
DEN-TEN wk1,Sean Payton,2,11:48,3,39,0,1.6,1
BAL-DET wk3,John Harbaugh,1,01:55,3,34,0,1.6,1
MIA-BUF wk3,Mike McDaniel,1,02:37,3,22,0,1.6,1
CHI-LV wk4,Ben Johnson,1,13:24,3,36,0,1.6,1
IND-ARI wk6,Shane Steichen,1,00:15,3,36,0,1.6,1
CLE-MIA wk7,Kevin Stefanski,1,12:47,3,40,0,1.6,1
NYJ-CLE wk10,Aaron Glenn,3,06:31,3,33,0,1.6,1
WAS-DET wk10,Dan Quinn,1,13:37,3,33,0,1.6,1
NE-TB wk10,Mike Vrabel,2,11:48,3,31,0,1.6,1
NYJ-NE wk11,Aaron Glenn,2,12:52,3,38,0,1.6,1
BAL-NYJ wk12,John Harbaugh,1,09:49,3,36,0,1.6,1
ARI-TB wk13,Jonathan Gannon,2,13:26,3,30,0,1.6,1
CAR-LA wk13,Dave Canales,1,02:44,3,27,0,1.6,1
CLE-SF wk13,Kevin Stefanski,1,10:40,3,34,0,1.6,1
PIT-DET wk16,Mike Tomlin,2,08:04,3,35,0,1.6,1
CHI-SF wk17,Ben Johnson,1,10:07,3,36,0,1.6,1
MIN-DET wk17,Kevin O'Connell,3,09:44,3,21,0,1.6,1
LV-KC wk18,Pete Carroll,2,04:23,3,39,0,1.6,1
playoffs LA-CHI,Sean McVay,3,05:42,3,31,0,1.6,1
playoffs LA-SEA,Sean McVay,1,13:40,3,38,0,1.6,1
HOU-DEN wk9,DeMeco Ryans,4,04:49,3,27,0,1.6,0
LA-SEA wk16,Sean McVay,4,04:54,3,33,0,1.6,0
PIT-SEA wk2,Mike Tomlin,2,06:25,9,14,-1,1.6,0
PHI-LA wk3,Nick Sirianni,2,07:55,7,12,-6,1.6,0
NYG-SF wk9,Brian Daboll,2,03:42,7,10,-7,1.6,0
BAL-MIN wk10,John Harbaugh,2,15:00,7,18,-4,1.6,0
CAR-NO wk10,Dave Canales,2,04:09,7,16,-3,1.6,0
PIT-NYJ wk1,Mike Tomlin,2,07:54,8,30,-6,1.6,1
DAL-NYG wk2,Brian Schottenheimer,2,14:17,8,33,-6,1.6,1
MIA-BUF wk3,Mike McDaniel,2,10:52,9,27,-7,1.6,1
NE-CAR wk4,Mike Vrabel,1,09:26,8,37,-6,1.6,1
TEN-HOU wk4,Brian Callahan,1,03:13,7,37,-3,1.6,1
DEN-PHI wk5,Sean Payton,2,04:58,8,36,-7,1.6,1
PIT-GB wk8,Mike Tomlin,1,03:30,8,37,-4,1.6,1
ATL-MIA wk8,Raheem Morris,2,04:50,8,30,-7,1.6,1
SF-HOU wk8,Kyle Shanahan,1,03:47,7,38,-3,1.6,1
ATL-NE wk9,Raheem Morris,2,07:52,7,33,-7,1.6,1
KC-BUF wk9,Andy Reid,1,07:08,7,36,-7,1.6,1
CLE-NYJ wk10,Kevin Stefanski,1,01:55,7,39,-7,1.6,1
DEN-LV wk10,Sean Payton,2,12:05,8,35,-7,1.6,1
LAC-PIT wk10,Jim Harbaugh,1,03:22,9,35,-1,1.6,1
PIT-LAC wk10,Mike Tomlin,2,05:55,8,30,-2,1.6,1
CIN-PIT wk11,Zac Taylor,2,08:27,8,28,-1,1.6,1
PHI-CHI wk13,Nick Sirianni,2,01:43,8,37,-7,1.6,1
CIN-BAL wk13,Zac Taylor,1,05:08,8,35,-4,1.6,1
DET-GB wk13,Dan Campbell,1,08:27,8,37,-3,1.6,1
NYG-NE wk13,Brian Daboll,1,05:37,7,40,-3,1.6,1
ARI-CIN wk17,Jonathan Gannon,2,09:17,8,35,-6,1.6,1
CHI-SF wk17,Ben Johnson,2,01:15,7,34,-7,1.6,1
CAR-SEA wk17,Dave Canales,1,02:00,9,36,-3,1.6,1
CIN-CLE wk18,Zac Taylor,2,06:26,8,24,-8,1.6,1
GB-MIN wk18,Matt LaFleur,1,09:14,9,36,-3,1.6,1
playoffs CAR-LA,Dave Canales,1,09:34,9,33,-7,1.6,1
playoffs NE-HOU,Mike Vrabel,2,10:49,9,39,-3,1.6,1
playoffs SEA-LA,Mike Macdonald,2,01:41,8,37,-3,1.6,1
TEN-JAX wk13,Brian Callahan,2,05:28,8,43,-12,1.6,8
playoffs PHI-SF,Nick Sirianni,4,13:25,13,32,-1,1.6,28
NO-MIA wk13,Kellen Moore,4,13:33,12,10,-8,1.6,17
MIN-GB wk12,Kevin O'Connell,4,10:29,27,2,-14,1.6,21
HOU-TEN wk4,DeMeco Ryans,2,08:56,3,47,6,1.6,6
NYG-PHI wk8,Brian Daboll,2,08:01,11,47,-7,1.6,3
LV-LAC wk13,Pete Carroll,1,01:54,18,47,-7,1.6,3
BAL-LA wk6,John Harbaugh,2,05:10,8,47,0,1.6,1
CAR-NYJ wk7,Dave Canales,2,08:59,9,47,0,1.6,1
BAL-CIN wk15,John Harbaugh,1,11:24,9,47,0,1.6,1
CAR-SEA wk17,Dave Canales,1,13:16,9,47,0,1.6,1
LA-IND wk4,Sean McVay,3,12:40,6,50,3,1.6,2
TEN-CLE wk14,Brian Callahan,2,11:48,6,50,4,1.6,2
KC-LV wk7,Andy Reid,4,07:15,6,50,31,1.6,2
ARI-LA wk18,Jonathan Gannon,4,13:40,16,14,-3,1.6,17
SEA-ARI wk4,Mike Macdonald,2,05:47,22,56,4,1.5,5
WAS-PHI wk16,Dan Quinn,3,14:09,10,56,3,1.5,5
BAL-CHI wk8,John Harbaugh,4,09:55,10,56,3,1.5,2
playoffs SEA-LA,Mike Macdonald,4,12:24,10,56,4,1.5,2
DET-CIN wk5,Dan Campbell,4,02:00,14,56,11,1.5,2
CLE-MIA wk7,Kevin Stefanski,4,03:48,14,56,25,1.5,2
LV-DEN wk10,Pete Carroll,4,13:56,11,30,-3,1.5,28
NO-CHI wk7,Kellen Moore,4,10:50,20,27,-9,1.5,37
CLE-TEN wk14,Kevin Stefanski,4,14:02,18,15,-4,1.5,17
ARI-ATL wk16,Jonathan Gannon,4,10:55,15,24,-10,1.5,37
ATL-SF wk7,Raheem Morris,2,08:05,7,52,3,1.5,2
BUF-KC wk9,Sean McDermott,3,08:49,9,52,8,1.5,2
LA-TB wk12,Sean McVay,3,04:35,8,52,24,1.5,4
TEN-LAC wk9,Brian Callahan,4,11:02,15,25,-10,1.5,37
MIA-NE wk18,Mike McDaniel,4,11:08,19,26,-28,1.5,37
SEA-LA wk16,Mike Macdonald,1,01:05,1,44,4,1.5,63
BUF-PHI wk17,Sean McDermott,3,06:36,15,48,-13,1.5,8
CIN-DEN wk4,Zac Taylor,4,11:21,16,22,-18,1.4,37
PIT-LAC wk10,Mike Tomlin,3,05:16,8,20,-12,1.4,0
DET-PIT wk16,Dan Campbell,4,14:33,15,9,-5,1.4,17
CLE-DET wk4,Kevin Stefanski,3,12:40,10,49,-13,1.4,8
PIT-CIN wk11,Mike Tomlin,1,00:18,3,46,1,1.4,6
HOU-SF wk8,DeMeco Ryans,4,04:23,3,46,11,1.4,6
CLE-MIN wk5,Kevin Stefanski,2,14:37,8,46,0,1.4,1
NE-BUF wk5,Mike Vrabel,1,12:26,9,46,0,1.4,1
DEN-KC wk11,Sean Payton,2,03:11,8,46,0,1.4,1
CHI-NYG wk10,Ben Johnson,1,00:48,4,49,7,1.4,6
playoffs PIT-HOU,Mike Tomlin,1,00:37,5,49,3,1.4,6
CHI-NO wk7,Ben Johnson,2,01:18,4,49,20,1.4,3
MIN-CIN wk3,Kevin O'Connell,4,06:05,4,49,38,1.4,6
HOU-JAX wk10,DeMeco Ryans,1,02:18,20,49,-10,1.4,8
playoffs HOU-PIT,DeMeco Ryans,2,00:13,6,49,1,1.4,2
LAC-JAX wk11,Jim Harbaugh,3,06:08,8,30,-15,1.4,1
LV-KC wk7,Pete Carroll,4,11:54,20,12,-31,1.4,21
ARI-CIN wk17,Jonathan Gannon,3,06:34,9,18,-23,1.4,0
MIN-LAC wk8,Kevin O'Connell,3,07:10,9,34,-21,1.3,1
ARI-SEA wk4,Jonathan Gannon,3,06:33,14,47,-14,1.3,8
CHI-NO wk7,Ben Johnson,1,13:43,4,41,0,1.3,6
GB-PHI wk10,Matt LaFleur,2,15:00,5,41,0,1.3,6
NE-CIN wk12,Mike Vrabel,1,12:01,4,41,0,1.3,6
playoffs NE-HOU,Mike Vrabel,1,13:48,4,41,0,1.3,6
playoffs LA-CHI,Sean McVay,2,14:05,4,41,0,1.3,6
PHI-WAS wk18,Nick Sirianni,4,08:44,4,41,0,1.3,7
MIN-CHI wk11,Kevin O'Connell,3,07:28,7,33,-10,1.3,1
WAS-SEA wk9,Dan Quinn,3,10:56,13,48,-24,1.3,8
TEN-NE wk7,Brian Callahan,2,12:25,11,55,7,1.3,2
CIN-NE wk12,Zac Taylor,1,00:04,15,55,3,1.3,2
MIA-NYJ wk4,Mike McDaniel,4,00:13,10,55,6,1.3,0
playoffs SEA-LA,Mike Macdonald,4,00:31,12,55,4,1.3,0
CLE-MIA wk7,Kevin Stefanski,4,12:36,20,55,18,1.3,2
NO-CAR wk10,Kellen Moore,3,12:57,2,45,3,1.3,24
HOU-BUF wk12,DeMeco Ryans,4,02:57,2,45,4,1.3,21
playoffs GB-CHI,Matt LaFleur,3,08:39,2,45,15,1.3,9
playoffs SEA-SF,Mike Macdonald,2,10:21,2,45,14,1.3,9
IND-LAC wk7,Shane Steichen,4,12:48,2,45,14,1.3,0
ATL-NO wk12,Raheem Morris,4,05:03,2,45,14,1.3,0
CIN-GB wk6,Zac Taylor,2,12:36,10,45,-3,1.3,3
TEN-IND wk8,Brian Callahan,1,05:17,12,45,-3,1.3,3
NE-TB wk10,Mike Vrabel,1,08:30,10,45,-7,1.3,3
ATL-SEA wk14,Raheem Morris,2,11:29,8,45,0,1.3,1
ATL-TB wk15,Raheem Morris,1,06:29,8,45,0,1.3,1
playoffs NE-LAC,Mike Vrabel,1,12:30,9,45,0,1.3,1
DAL-DEN wk8,Brian Schottenheimer,2,14:56,20,48,-11,1.3,8
PHI-DAL wk12,Nick Sirianni,3,09:24,5,48,14,1.3,3
MIN-GB wk12,Kevin O'Connell,3,08:55,8,36,-11,1.3,1
MIN-CLE wk5,Kevin O'Connell,3,01:10,15,21,-3,1.3,1
DET-GB wk1,Dan Campbell,4,12:51,17,1,-11,1.3,21
GB-PHI wk10,Matt LaFleur,1,09:42,20,51,0,1.2,1
NYG-DAL wk18,Brian Daboll,1,12:39,11,51,0,1.2,1
playoffs SF-PHI,Kyle Shanahan,1,00:18,7,51,1,1.2,2
playoffs NE-HOU,Mike Vrabel,2,01:10,7,51,11,1.2,4
HOU-SEA wk7,DeMeco Ryans,4,12:57,10,21,-15,1.2,37
BAL-HOU wk5,John Harbaugh,3,09:35,7,23,-28,1.2,1
TEN-IND wk8,Brian Callahan,3,09:45,9,31,-17,1.2,1
DET-LA wk15,Dan Campbell,3,01:28,22,10,-3,1.2,0
IND-PIT wk9,Shane Steichen,3,10:29,9,38,-10,1.2,1
playoffs PIT-HOU,Mike Tomlin,3,01:38,25,30,-1,1.2,1
CIN-MIN wk3,Zac Taylor,3,12:55,7,27,-31,1.2,1
WAS-DAL wk17,Dan Quinn,3,12:55,8,40,-14,1.2,1
DEN-GB wk15,Sean Payton,3,13:03,9,30,-9,1.2,1
LV-IND wk5,Pete Carroll,3,13:06,8,38,-17,1.2,1
CHI-DET wk2,Ben Johnson,3,13:52,9,25,-14,1.2,1
CAR-ARI wk2,Dave Canales,2,01:04,7,14,-10,1.2,0
PHI-LA wk3,Nick Sirianni,2,02:00,9,15,-9,1.2,0
WAS-DAL wk7,Dan Quinn,2,05:40,7,13,-12,1.2,0
playoffs HOU-NE,DeMeco Ryans,2,00:49,9,11,-11,1.2,0
NO-SF wk2,Kellen Moore,2,09:17,9,30,-9,1.2,1
CIN-DEN wk4,Zac Taylor,2,01:24,9,21,-11,1.2,1
CLE-DET wk4,Kevin Stefanski,2,01:03,7,36,-10,1.2,1
TB-PHI wk4,Todd Bowles,2,09:50,7,39,-11,1.2,1
NYJ-DAL wk5,Aaron Glenn,2,00:36,8,24,-14,1.2,1
BAL-HOU wk5,John Harbaugh,2,04:11,9,37,-14,1.2,1
HOU-SEA wk7,DeMeco Ryans,2,09:19,7,27,-14,1.2,1
CAR-BUF wk8,Dave Canales,2,05:51,7,30,-9,1.2,1
NYJ-CIN wk8,Aaron Glenn,1,03:02,9,37,-10,1.2,1
NO-LA wk9,Kellen Moore,2,05:35,7,38,-17,1.2,1
NYG-SF wk9,Brian Daboll,2,00:49,7,31,-10,1.2,1
CHI-GB wk14,Ben Johnson,2,00:10,9,38,-11,1.2,1
CLE-CHI wk15,Kevin Stefanski,2,14:16,9,24,-14,1.2,1
LV-PHI wk15,Pete Carroll,2,11:59,7,34,-10,1.2,1
NYG-WAS wk15,Brian Daboll,2,12:16,7,39,-10,1.2,1
ARI-CIN wk17,Jonathan Gannon,2,02:33,8,29,-9,1.2,1
IND-HOU wk18,Shane Steichen,2,07:15,7,38,-10,1.2,1
TEN-JAX wk18,Brian Callahan,2,07:10,8,37,-14,1.2,1
BUF-PIT wk13,Sean McDermott,1,00:15,4,19,0,1.2,0
CLE-CHI wk15,Kevin Stefanski,1,11:29,4,7,0,1.2,0
playoffs NE-DEN,Mike Vrabel,1,12:08,4,14,0,1.2,0
JAX-CAR wk1,Liam Coen,2,13:35,5,27,0,1.2,1
SF-SEA wk1,Kyle Shanahan,2,12:15,5,40,0,1.2,1
WAS-GB wk2,Dan Quinn,1,08:17,4,39,0,1.2,1
CLE-GB wk3,Kevin Stefanski,1,07:26,4,27,0,1.2,1
DEN-PHI wk5,Sean Payton,1,13:30,4,37,0,1.2,1
DAL-CAR wk6,Brian Schottenheimer,1,13:30,4,32,0,1.2,1
ATL-MIA wk8,Raheem Morris,1,11:15,5,37,0,1.2,1
BUF-KC wk9,Sean McDermott,2,12:57,5,35,0,1.2,1
CLE-BAL wk11,Kevin Stefanski,1,12:47,5,35,0,1.2,1
DAL-LV wk11,Brian Schottenheimer,1,13:33,4,32,0,1.2,1
HOU-BUF wk12,DeMeco Ryans,1,14:04,4,28,0,1.2,1
NYJ-ATL wk13,Aaron Glenn,3,13:55,5,40,0,1.2,1
PIT-BUF wk13,Mike Tomlin,1,01:48,4,26,0,1.2,1
PHI-CHI wk13,Nick Sirianni,1,07:05,5,40,0,1.2,1
KC-HOU wk14,Andy Reid,1,13:51,4,39,0,1.2,1
IND-SEA wk15,Shane Steichen,2,14:57,5,40,0,1.2,1
MIA-PIT wk15,Mike McDaniel,2,11:12,5,35,0,1.2,1
JAX-DEN wk16,Liam Coen,1,13:33,5,34,0,1.2,1
NYJ-NO wk16,Aaron Glenn,1,03:28,5,35,0,1.2,1
CHI-SF wk17,Ben Johnson,1,06:24,4,22,0,1.2,1
NYG-LV wk17,Brian Daboll,1,07:58,5,32,0,1.2,1
PHI-BUF wk17,Nick Sirianni,1,06:05,4,30,0,1.2,1
CAR-SEA wk17,Dave Canales,1,08:40,5,25,0,1.2,1
CIN-CLE wk18,Zac Taylor,1,12:52,5,39,0,1.2,1
LAC-DEN wk18,Jim Harbaugh,1,14:06,4,34,0,1.2,1
ATL-NO wk18,Raheem Morris,1,04:32,5,37,0,1.2,1
TEN-JAX wk18,Brian Callahan,2,15:00,4,37,0,1.2,1
playoffs CHI-LA,Ben Johnson,2,12:32,5,25,0,1.2,1
SEA-LA wk16,Mike Macdonald,4,03:25,4,29,0,1.2,0
CHI-DET wk18,Ben Johnson,4,01:55,5,31,0,1.2,0
CLE-BAL wk2,Kevin Stefanski,1,06:57,6,19,0,1.2,0
HOU-DEN wk9,DeMeco Ryans,4,01:00,6,17,0,1.2,0
KC-LAC wk1,Andy Reid,1,13:35,6,28,0,1.2,1
LV-NE wk1,Pete Carroll,2,07:49,6,34,0,1.2,1
SEA-JAX wk6,Mike Macdonald,1,05:50,6,24,0,1.2,1
CHI-PIT wk12,Ben Johnson,1,13:30,6,33,0,1.2,1
NO-CAR wk15,Kellen Moore,1,14:08,6,32,0,1.2,1
TEN-SF wk15,Brian Callahan,1,13:59,6,34,0,1.2,1
MIA-CIN wk16,Mike McDaniel,2,11:50,6,38,0,1.2,1
SF-CHI wk17,Kyle Shanahan,1,07:52,6,35,0,1.2,1
KC-LV wk18,Andy Reid,2,06:27,6,39,0,1.2,1
TEN-JAX wk18,Brian Callahan,1,03:15,6,39,0,1.2,1
playoffs CHI-LA,Ben Johnson,3,07:40,6,32,0,1.2,1
DEN-HOU wk9,Sean Payton,4,06:13,6,24,0,1.2,0
PHI-LAC wk14,Nick Sirianni,4,05:55,6,33,0,1.2,0
LV-PHI wk15,Pete Carroll,4,13:27,16,26,-31,1.2,37
NO-MIA wk13,Kellen Moore,3,04:57,13,42,-8,1.2,3
JAX-HOU wk3,Liam Coen,2,00:11,2,44,4,1.2,24
DET-CIN wk5,Dan Campbell,2,06:33,2,44,14,1.2,9
CIN-DEN wk4,Zac Taylor,2,12:01,15,44,-4,1.2,3
NO-BUF wk4,Kellen Moore,2,13:48,21,44,-7,1.2,3
DET-MIN wk9,Dan Campbell,1,00:38,16,44,-7,1.2,3
TEN-CLE wk14,Brian Callahan,2,00:33,13,44,-3,1.2,3
LV-KC wk18,Pete Carroll,1,02:14,13,44,-3,1.2,3
ARI-SEA wk4,Jonathan Gannon,1,12:25,7,44,0,1.2,1
IND-KC wk12,Shane Steichen,1,09:41,8,44,0,1.2,1
NYJ-BUF wk2,Aaron Glenn,2,00:17,10,47,-17,1.2,8
MIA-BAL wk9,Mike McDaniel,2,10:48,11,47,-11,1.2,8
CAR-NO wk10,Dave Canales,1,00:56,5,47,4,1.2,6
NYG-LAC wk4,Brian Daboll,4,00:31,4,47,3,1.2,5
SEA-MIN wk13,Mike Macdonald,4,13:34,5,47,19,1.2,6
TB-NE wk10,Todd Bowles,1,06:10,6,47,7,1.2,2
DEN-TEN wk1,Sean Payton,4,15:00,6,47,1,1.2,0
MIN-CIN wk3,Kevin O'Connell,1,01:45,6,47,14,1.2,4
TEN-DEN wk1,Brian Callahan,3,02:34,25,26,-1,1.1,1
NYJ-BUF wk2,Aaron Glenn,4,14:00,19,24,-27,1.1,37
PIT-BAL wk14,Mike Tomlin,1,03:14,1,41,4,1.1,63
DAL-CHI wk3,Brian Schottenheimer,3,10:12,15,46,-10,1.1,8
TB-NYJ wk3,Todd Bowles,2,07:47,13,54,4,1.1,2
playoffs LA-CAR,Sean McVay,2,00:15,10,54,3,1.1,2
NE-NYG wk13,Mike Vrabel,4,10:52,13,54,15,1.1,2
PIT-IND wk9,Mike Tomlin,3,07:12,2,43,10,1.1,9
WAS-NYG wk15,Dan Quinn,3,06:06,3,43,8,1.1,6
DAL-NYJ wk5,Brian Schottenheimer,3,13:33,3,43,20,1.1,3
BUF-ATL wk6,Sean McDermott,2,11:59,23,43,-7,1.1,3
LAC-MIA wk6,Jim Harbaugh,2,01:48,14,43,-1,1.1,3
TEN-LV wk6,Brian Callahan,2,15:00,17,43,-3,1.1,3
WAS-PHI wk16,Dan Quinn,2,15:00,11,43,-4,1.1,3
NYJ-CLE wk10,Aaron Glenn,1,11:46,8,43,0,1.1,1
GB-PHI wk10,Matt LaFleur,2,06:48,8,43,0,1.1,1
CAR-NO wk15,Dave Canales,4,01:04,7,43,0,1.1,0
LV-KC wk18,Pete Carroll,4,06:06,5,46,3,1.1,5
MIA-IND wk1,Mike McDaniel,2,06:53,14,46,-17,1.1,8
CAR-NE wk4,Dave Canales,2,00:36,10,46,-22,1.1,8
MIA-CLE wk7,Mike McDaniel,2,04:10,13,46,-14,1.1,8
LAC-DEN wk18,Jim Harbaugh,2,06:54,12,46,-10,1.1,8
JAX-HOU wk3,Liam Coen,2,14:00,6,46,7,1.1,2
LA-NO wk9,Sean McVay,1,04:05,6,46,7,1.1,2
JAX-DEN wk16,Liam Coen,4,04:21,6,46,14,1.1,2
playoffs HOU-PIT,DeMeco Ryans,1,09:01,11,50,0,1,1
playoffs LA-CHI,Sean McVay,3,03:49,10,50,0,1,1
HOU-BUF wk12,DeMeco Ryans,3,05:55,7,50,4,1,2
playoffs BUF-JAX,Sean McDermott,2,01:14,9,50,3,1,2
ARI-SF wk3,Jonathan Gannon,4,01:54,9,50,2,1,0
IND-KC wk12,Shane Steichen,4,04:52,9,50,3,1,0
JAX-TEN wk13,Liam Coen,4,05:25,8,50,22,1,2
CLE-CHI wk15,Kevin Stefanski,4,15:00,19,11,-25,1,21
HOU-SEA wk7,DeMeco Ryans,3,00:03,18,12,-15,1,0
HOU-JAX wk3,DeMeco Ryans,3,03:58,21,19,-7,1,0
HOU-TB wk2,DeMeco Ryans,3,04:17,15,28,-4,1,1
TEN-SF wk15,Brian Callahan,3,00:23,15,30,-21,1,1
CLE-MIN wk5,Kevin Stefanski,4,14:17,1,10,3,1,0
CLE-PIT wk17,Kevin Stefanski,4,02:24,1,19,4,1,0
CLE-CIN wk18,Kevin Stefanski,4,02:50,1,18,5,1,0
ATL-NO wk12,Raheem Morris,3,05:46,1,11,9,1,7
CHI-CLE wk15,Ben Johnson,2,01:21,1,19,14,1,7
ATL-MIN wk2,Raheem Morris,4,00:28,1,12,16,1,9
NE-LV wk1,Mike Vrabel,2,00:47,1,35,3,1,21
TB-HOU wk2,Todd Bowles,2,00:14,1,29,4,1,21
CHI-MIN wk11,Ben Johnson,2,00:21,1,29,7,1,21
LA-SEA wk11,Sean McVay,3,01:28,1,32,2,1,21
CHI-PIT wk12,Ben Johnson,3,05:17,1,36,3,1,21
MIA-NO wk13,Mike McDaniel,3,09:05,1,36,8,1,21
NE-BUF wk15,Mike Vrabel,1,06:27,1,33,7,1,21
LAC-DAL wk16,Jim Harbaugh,3,07:33,1,26,7,1,21
MIN-GB wk18,Kevin O'Connell,1,06:36,1,22,3,1,21
DEN-LAC wk3,Sean Payton,4,05:15,1,29,7,1,20
NYJ-DEN wk6,Aaron Glenn,4,10:23,1,30,1,1,20
NE-TB wk10,Mike Vrabel,4,10:21,1,29,5,1,20
JAX-ARI wk12,Liam Coen,4,13:45,1,30,3,1,20
CAR-NO wk15,Dave Canales,4,04:45,1,32,7,1,20
GB-DET wk1,Matt LaFleur,2,00:21,1,22,14,1,17
ARI-TEN wk5,Jonathan Gannon,2,12:32,1,35,11,1,17
SEA-WAS wk9,Mike Macdonald,3,13:30,1,28,24,1,17
NYG-DET wk12,Brian Daboll,2,04:10,1,21,10,1,17
NE-NYG wk13,Mike Vrabel,2,10:44,1,34,10,1,17
NO-NYG wk5,Kellen Moore,4,06:37,1,32,12,1,8
DEN-DAL wk8,Sean Payton,4,02:30,1,38,20,1,8
SEA-WAS wk9,Mike Macdonald,4,04:50,1,37,24,1,8
LA-TB wk12,Sean McVay,4,07:19,1,34,27,1,8
JAX-NYJ wk15,Liam Coen,4,05:14,1,29,28,1,8
MIA-TB wk17,Mike McDaniel,4,08:45,1,27,10,1,8
NE-MIA wk18,Mike Vrabel,4,05:55,1,40,28,1,8
playoffs SEA-SF,Mike Macdonald,4,02:10,1,23,35,1,8
CAR-TB wk18,Dave Canales,3,04:37,12,22,-6,1,1
JAX-LA wk7,Liam Coen,3,00:36,15,16,-21,1,0
IND-LA wk4,Shane Steichen,3,04:49,12,21,-3,1,1
MIN-PIT wk4,Kevin O'Connell,3,00:47,19,9,-15,1,0
MIA-NE wk18,Mike McDaniel,3,00:47,11,25,-21,1,1
PHI-DET wk11,Nick Sirianni,1,05:46,2,42,3,1,24
BUF-BAL wk1,Sean McDermott,1,01:49,3,42,4,1,6
DEN-IND wk2,Sean Payton,1,02:52,3,42,1,1,6
SUPER BOWL NE-SEA,Mike Vrabel,1,03:39,25,42,-3,1,3
CLE-BAL wk2,Kevin Stefanski,1,11:36,8,42,0,1,1
TB-ARI wk13,Todd Bowles,4,14:05,5,45,7,1,5
IND-TEN wk3,Shane Steichen,2,09:20,5,45,11,1,3
NYJ-BUF wk2,Aaron Glenn,1,02:41,20,45,-10,1,8
WAS-MIN wk14,Dan Quinn,2,00:27,11,45,-14,1,8
PIT-CIN wk11,Mike Tomlin,2,05:11,6,45,1,1,2
TB-HOU wk2,Todd Bowles,4,06:23,6,45,4,1,0
ARI-JAX wk12,Jonathan Gannon,3,05:16,27,14,-3,1,0
MIN-DET wk17,Kevin O'Connell,1,04:44,24,49,0,0.9,1
LA-SEA wk16,Sean McVay,4,00:49,10,49,0,0.9,0
KC-BUF wk9,Andy Reid,3,05:42,25,25,-8,0.9,1
playoffs PIT-HOU,Mike Tomlin,3,05:45,12,27,-1,0.9,1
WAS-MIN wk14,Dan Quinn,3,01:28,19,21,-24,0.9,1
NYJ-NO wk16,Aaron Glenn,3,06:12,12,38,-3,0.9,1
CAR-ATL wk3,Dave Canales,1,00:10,12,53,7,0.9,2
NYJ-BAL wk12,Aaron Glenn,2,00:33,10,53,4,0.9,2
KC-DAL wk13,Andy Reid,2,06:10,16,53,4,0.9,2
NE-ATL wk9,Mike Vrabel,4,09:47,12,53,7,0.9,0
DEN-HOU wk9,Sean Payton,3,07:07,11,31,-8,0.9,1
LA-CAR wk13,Sean McVay,3,07:12,13,25,-3,0.9,1
GB-MIN wk18,Matt LaFleur,3,02:03,20,40,-13,0.9,1
KC-JAX wk5,Andy Reid,3,13:24,2,41,7,0.9,24
MIN-GB wk18,Kevin O'Connell,1,00:51,2,41,3,0.9,24
ATL-CAR wk11,Raheem Morris,4,12:19,2,41,2,0.9,21
PHI-TB wk4,Nick Sirianni,3,10:11,3,41,18,0.9,3
CIN-JAX wk2,Zac Taylor,2,08:05,19,41,-7,0.9,3
MIN-PIT wk4,Kevin O'Connell,2,12:38,22,41,-4,0.9,3
DEN-PHI wk5,Sean Payton,2,00:15,13,41,-7,0.9,3
CAR-TB wk16,Dave Canales,1,00:28,20,41,-4,0.9,3
ARI-SF wk3,Jonathan Gannon,1,01:01,9,41,0,0.9,1
GB-PHI wk10,Matt LaFleur,2,08:36,7,41,0,0.9,1
PIT-CIN wk7,Mike Tomlin,1,06:06,4,44,7,0.9,6
SF-LA wk5,Kyle Shanahan,4,14:15,4,44,6,0.9,5
HOU-TEN wk11,DeMeco Ryans,4,09:40,4,44,7,0.9,5
WAS-NYG wk1,Dan Quinn,3,07:12,5,44,11,0.9,3
LA-ARI wk14,Sean McVay,4,08:36,6,44,28,0.9,2
JAX-SEA wk6,Liam Coen,3,07:18,10,43,-14,0.9,8
LV-LAC wk13,Pete Carroll,3,07:35,13,27,-7,0.9,1
BUF-HOU wk12,Sean McDermott,3,07:36,11,9,-4,0.9,0
MIN-GB wk12,Kevin O'Connell,3,02:17,22,1,-11,0.9,0
HOU-LV wk16,DeMeco Ryans,3,07:44,18,22,-1,0.9,1
ATL-WAS wk4,Raheem Morris,2,02:00,7,48,7,0.9,2
ATL-LA wk17,Raheem Morris,2,10:01,9,48,7,0.9,2
LA-DET wk15,Sean McVay,4,00:23,9,48,7,0.9,0
playoffs NE-HOU,Mike Vrabel,4,05:54,8,48,12,0.9,2
HOU-TB wk2,DeMeco Ryans,3,08:11,11,39,-4,0.9,1
MIA-LAC wk6,Mike McDaniel,3,02:31,18,22,-10,0.9,1
LAC-WAS wk5,Jim Harbaugh,3,08:31,23,15,-7,0.8,0
NE-LV wk1,Mike Vrabel,3,08:50,11,39,-4,0.8,1
MIA-BUF wk3,Mike McDaniel,3,08:54,11,28,-7,0.8,1
LV-PHI wk15,Pete Carroll,3,02:50,20,22,-24,0.8,1
NE-MIA wk2,Mike Vrabel,3,09:27,23,4,-2,0.8,0
SF-SEA wk18,Kyle Shanahan,3,10:21,13,39,-7,0.8,1
ARI-LA wk14,Jonathan Gannon,3,03:09,11,9,-21,0.8,0
CLE-GB wk3,Kevin Stefanski,3,11:12,18,21,-3,0.8,1
NO-ATL wk18,Kellen Moore,3,11:16,23,38,-3,0.8,1
BUF-HOU wk12,Sean McDermott,3,11:19,24,25,-4,0.8,1
NYJ-NE wk11,Aaron Glenn,3,11:23,28,36,-7,0.8,1
NYJ-NO wk16,Aaron Glenn,3,11:40,16,40,-3,0.8,1
NO-ARI wk1,Kellen Moore,3,12:34,13,31,-7,0.8,1
MIA-PIT wk15,Mike McDaniel,3,03:24,22,17,-18,0.8,0
MIN-PIT wk4,Kevin O'Connell,3,13:18,19,23,-8,0.8,1
JAX-IND wk17,Liam Coen,3,13:18,12,34,-3,0.8,1
LAC-KC wk1,Jim Harbaugh,1,04:40,2,10,7,0.8,0
DAL-KC wk13,Brian Schottenheimer,3,11:02,2,11,3,0.8,0
DAL-MIN wk15,Brian Schottenheimer,1,03:16,2,11,7,0.8,0
KC-DEN wk11,Andy Reid,4,06:41,2,20,3,0.8,0
MIA-NYJ wk14,Mike McDaniel,1,00:42,2,20,21,0.8,0
SF-ARI wk11,Kyle Shanahan,4,11:59,2,11,25,0.8,0
PIT-SEA wk2,Mike Tomlin,3,11:18,2,36,7,0.8,6
TB-NYJ wk3,Todd Bowles,2,00:52,2,31,7,0.8,6
LA-IND wk4,Sean McVay,3,02:49,2,35,3,0.8,6
NYG-PHI wk6,Brian Daboll,3,13:50,2,37,3,0.8,6
BAL-MIA wk9,John Harbaugh,2,05:47,2,36,8,0.8,6
BAL-MIA wk9,John Harbaugh,2,00:41,2,21,8,0.8,6
CHI-CIN wk9,Ben Johnson,2,10:21,2,26,4,0.8,6
HOU-DEN wk9,DeMeco Ryans,2,13:43,2,29,3,0.8,6
LAC-TEN wk9,Jim Harbaugh,3,13:28,2,36,3,0.8,6
MIN-BAL wk10,Kevin O'Connell,1,02:14,2,37,4,0.8,6
GB-NYG wk11,Matt LaFleur,3,00:29,2,25,6,0.8,6
DET-DAL wk14,Dan Campbell,2,08:28,2,37,4,0.8,6
CLE-PIT wk17,Kevin Stefanski,2,02:00,2,30,7,0.8,6
playoffs LA-CAR,Sean McVay,1,05:52,2,31,7,0.8,6
PHI-TB wk4,Nick Sirianni,4,06:18,2,28,8,0.8,3
ATL-BUF wk6,Raheem Morris,4,08:43,2,23,7,0.8,3
CHI-PIT wk12,Ben Johnson,4,04:46,2,40,3,0.8,3
WAS-PHI wk18,Dan Quinn,4,01:04,2,39,7,0.8,3
GB-DET wk1,Matt LaFleur,3,07:52,2,32,11,0.8,2
KC-DET wk6,Andy Reid,3,03:41,2,35,10,0.8,2
MIA-BUF wk10,Mike McDaniel,2,11:44,2,31,13,0.8,2
SEA-TEN wk12,Mike Macdonald,3,10:44,2,30,20,0.8,2
BUF-CLE wk16,Sean McDermott,3,12:56,2,38,10,0.8,2
MIN-GB wk18,Kevin O'Connell,3,07:16,2,33,13,0.8,2
JAX-SF wk4,Liam Coen,4,12:05,2,34,12,0.8,0
SEA-WAS wk9,Mike Macdonald,4,12:38,2,22,31,0.8,0
BAL-NYJ wk12,John Harbaugh,4,03:19,2,28,10,0.8,0
DEN-LAC wk18,Sean Payton,4,13:36,2,27,10,0.8,0
LV-CHI wk4,Pete Carroll,3,01:22,3,8,5,0.8,0
HOU-DEN wk9,DeMeco Ryans,3,01:26,3,19,8,0.8,0
MIA-NYJ wk4,Mike McDaniel,3,01:37,3,17,14,0.8,0
PHI-DAL wk1,Nick Sirianni,3,03:18,3,23,4,0.8,2
NYJ-PIT wk1,Aaron Glenn,3,11:37,3,23,2,0.8,2
SEA-SF wk1,Mike Macdonald,3,10:46,3,36,3,0.8,2
LA-TEN wk2,Sean McVay,1,03:13,3,34,7,0.8,2
BUF-MIA wk3,Sean McDermott,3,06:43,3,27,7,0.8,2
PIT-MIN wk4,Mike Tomlin,3,11:11,3,33,8,0.8,2
MIA-CAR wk5,Mike McDaniel,3,09:45,3,32,4,0.8,2
SF-ATL wk7,Kyle Shanahan,3,04:28,3,32,3,0.8,2
PIT-CIN wk11,Mike Tomlin,2,09:19,3,27,1,0.8,2
NYG-GB wk11,Brian Daboll,2,12:37,3,30,1,0.8,2
CLE-TEN wk14,Kevin Stefanski,3,08:31,3,35,3,0.8,2
WAS-NYG wk15,Dan Quinn,3,09:16,3,36,8,0.8,2
KC-DEN wk17,Andy Reid,2,08:33,3,38,4,0.8,2
playoffs SF-PHI,Kyle Shanahan,1,05:08,3,33,1,0.8,2
playoffs PHI-SF,Nick Sirianni,3,13:37,3,37,3,0.8,2
BAL-BUF wk1,John Harbaugh,4,01:33,3,38,2,0.8,3
PHI-DAL wk1,Nick Sirianni,4,03:09,3,31,4,0.8,3
JAX-HOU wk3,Liam Coen,4,12:20,3,32,7,0.8,3
SF-ATL wk7,Kyle Shanahan,4,12:58,3,35,3,0.8,3
IND-KC wk12,Shane Steichen,4,07:34,3,40,3,0.8,3
PHI-TB wk4,Nick Sirianni,2,12:49,3,37,11,0.8,1
CLE-LV wk12,Kevin Stefanski,2,01:47,3,35,11,0.8,1
GB-MIN wk12,Matt LaFleur,3,04:29,3,37,11,0.8,1
CHI-DAL wk3,Ben Johnson,4,04:28,3,27,17,0.8,1
PIT-IND wk9,Mike Tomlin,4,08:39,3,36,14,0.8,1
LA-SEA wk11,Sean McVay,4,06:07,3,32,9,0.8,1
LA-DET wk15,Sean McVay,4,12:36,3,27,10,0.8,1
DET-GB wk1,Dan Campbell,1,07:01,14,20,-7,0.8,0
LA-HOU wk1,Sean McVay,2,10:24,28,7,-3,0.8,0
LV-NE wk1,Pete Carroll,2,01:36,31,15,-3,0.8,0
MIN-CHI wk1,Kevin O'Connell,2,04:39,18,16,-4,0.8,0
MIN-ATL wk2,Kevin O'Connell,1,04:42,11,13,-6,0.8,0
HOU-JAX wk3,DeMeco Ryans,1,00:42,14,16,-7,0.8,0
PHI-LA wk3,Nick Sirianni,2,15:00,18,11,-3,0.8,0
BAL-HOU wk5,John Harbaugh,2,09:33,29,6,-7,0.8,0
NYJ-DEN wk6,Aaron Glenn,2,07:55,18,12,-4,0.8,0
DAL-DEN wk8,Brian Schottenheimer,1,05:57,18,19,-4,0.8,0
MIN-LAC wk8,Kevin O'Connell,1,02:24,19,9,-7,0.8,0
DAL-ARI wk9,Brian Schottenheimer,1,02:11,22,11,-3,0.8,0
DEN-LV wk10,Sean Payton,1,01:40,13,17,-7,0.8,0
CAR-ATL wk11,Dave Canales,2,05:33,21,9,-7,0.8,0
DET-PHI wk11,Dan Campbell,1,08:31,16,15,-3,0.8,0
LAC-JAX wk11,Jim Harbaugh,2,13:04,15,16,-4,0.8,0
TEN-SEA wk12,Brian Callahan,2,08:56,19,6,-7,0.8,0
NO-TB wk14,Kellen Moore,2,06:38,20,18,-3,0.8,0
CLE-TEN wk14,Kevin Stefanski,1,07:19,18,7,-7,0.8,0
BUF-NE wk15,Sean McDermott,1,03:54,15,12,-7,0.8,0
SEA-IND wk15,Mike Macdonald,2,05:56,20,8,-3,0.8,0
NYG-WAS wk15,Brian Daboll,2,01:20,20,15,-6,0.8,0
PIT-BAL wk18,Mike Tomlin,2,05:47,15,12,-7,0.8,0
GB-MIN wk18,Matt LaFleur,2,01:54,24,8,-6,0.8,0
playoffs DEN-BUF,Sean Payton,2,14:49,10,20,-4,0.8,0
playoffs HOU-NE,DeMeco Ryans,2,06:12,10,9,-4,0.8,0
playoffs NE-DEN,Mike Vrabel,1,01:02,15,15,-7,0.8,0
SUPER BOWL NE-SEA,Mike Vrabel,2,03:03,12,12,-6,0.8,0
LV-LAC wk2,Pete Carroll,1,05:45,7,19,0,0.8,0
LA-BAL wk6,Sean McVay,2,03:38,8,12,0,0.8,0
NYJ-CAR wk7,Aaron Glenn,2,07:48,7,16,0,0.8,0
LAC-PIT wk10,Jim Harbaugh,1,12:11,9,12,0,0.8,0
CHI-MIN wk11,Ben Johnson,1,09:30,9,11,0,0.8,0
KC-DEN wk11,Andy Reid,2,01:54,8,12,0,0.8,0
SEA-MIN wk13,Mike Macdonald,1,02:36,9,15,0,0.8,0
NO-ATL wk18,Kellen Moore,1,03:31,8,13,0,0.8,0
CLE-BAL wk2,Kevin Stefanski,1,02:17,14,36,-3,0.8,1
CIN-JAX wk2,Zac Taylor,1,09:27,12,24,-7,0.8,1
PIT-SEA wk2,Mike Tomlin,2,10:48,12,24,-1,0.8,1
NO-SF wk2,Kellen Moore,1,01:32,16,26,-6,0.8,1
WAS-GB wk2,Dan Quinn,1,02:08,15,30,-7,0.8,1
CIN-MIN wk3,Zac Taylor,1,11:28,10,29,-7,0.8,1
DEN-LAC wk3,Sean Payton,1,04:58,11,38,-3,0.8,1
DEN-LAC wk3,Sean Payton,2,06:07,19,37,-3,0.8,1
TEN-IND wk3,Brian Callahan,1,05:23,19,25,-7,0.8,1
LV-WAS wk3,Pete Carroll,1,00:27,10,27,-4,0.8,1
LV-WAS wk3,Pete Carroll,2,00:36,15,36,-7,0.8,1
NYJ-TB wk3,Aaron Glenn,2,01:31,20,25,-7,0.8,1
CLE-DET wk4,Kevin Stefanski,2,12:20,21,40,-3,0.8,1
ARI-SEA wk4,Jonathan Gannon,2,15:00,11,25,-4,0.8,1
TEN-HOU wk4,Brian Callahan,2,10:32,21,36,-6,0.8,1
WAS-ATL wk4,Dan Quinn,1,09:09,16,26,-3,0.8,1
WAS-ATL wk4,Dan Quinn,2,00:36,14,29,-7,0.8,1
NYJ-DAL wk5,Aaron Glenn,2,09:54,29,21,-7,0.8,1
LV-IND wk5,Pete Carroll,2,09:38,17,36,-4,0.8,1
LA-SF wk5,Sean McVay,1,07:11,14,40,-7,0.8,1
CLE-PIT wk6,Kevin Stefanski,1,08:09,19,36,-3,0.8,1
CLE-PIT wk6,Kevin Stefanski,2,09:09,10,28,-6,0.8,1
PHI-NYG wk6,Nick Sirianni,1,07:49,16,23,-4,0.8,1
SF-TB wk6,Kyle Shanahan,1,01:42,14,23,-4,0.8,1
TEN-LV wk6,Brian Callahan,2,11:19,10,24,-3,0.8,1
GB-ARI wk7,Matt LaFleur,2,03:16,17,25,-3,0.8,1
JAX-LA wk7,Liam Coen,1,05:12,13,30,-7,0.8,1
DEN-NYG wk7,Sean Payton,1,02:05,18,24,-7,0.8,1
CHI-BAL wk8,Ben Johnson,2,06:40,28,35,-1,0.8,1
NYG-PHI wk8,Brian Daboll,1,12:21,11,30,-7,0.8,1
CIN-CHI wk9,Zac Taylor,2,12:20,12,29,-4,0.8,1
DEN-HOU wk9,Sean Payton,2,14:51,10,35,-3,0.8,1
DEN-HOU wk9,Sean Payton,2,01:11,16,26,-2,0.8,1
PIT-IND wk9,Mike Tomlin,1,06:03,14,22,-7,0.8,1
DET-MIN wk9,Dan Campbell,2,00:35,11,38,-3,0.8,1
NO-LA wk9,Kellen Moore,1,05:04,16,29,-7,0.8,1
CLE-NYJ wk10,Kevin Stefanski,2,10:59,26,40,-7,0.8,1
CLE-NYJ wk10,Kevin Stefanski,2,01:50,26,24,-3,0.8,1
NYG-CHI wk10,Brian Daboll,1,03:44,14,31,-7,0.8,1
LV-DAL wk11,Pete Carroll,2,12:00,23,40,-4,0.8,1
KC-DEN wk11,Andy Reid,1,06:38,10,39,-3,0.8,1
ARI-SF wk11,Jonathan Gannon,1,12:09,10,39,-7,0.8,1
CAR-SF wk12,Dave Canales,2,00:25,14,21,-7,0.8,1
LV-CLE wk12,Pete Carroll,1,07:06,19,26,-7,0.8,1
ARI-TB wk13,Jonathan Gannon,2,06:21,20,21,-3,0.8,1
DET-GB wk13,Dan Campbell,1,03:36,21,40,-3,0.8,1
IND-HOU wk13,Shane Steichen,1,05:48,10,27,-3,0.8,1
IND-JAX wk14,Shane Steichen,2,15:00,18,32,-7,0.8,1
ARI-LA wk14,Jonathan Gannon,2,01:55,10,35,-7,0.8,1
BAL-PIT wk14,John Harbaugh,1,05:02,13,23,-4,0.8,1
CIN-BAL wk15,Zac Taylor,2,01:13,19,38,-7,0.8,1
NYJ-NO wk16,Aaron Glenn,2,01:01,19,37,-3,0.8,1
LAC-HOU wk17,Jim Harbaugh,1,11:28,14,31,-7,0.8,1
JAX-IND wk17,Liam Coen,2,02:00,24,29,-3,0.8,1
CHI-DET wk18,Ben Johnson,2,09:59,10,31,-6,0.8,1
GB-MIN wk18,Matt LaFleur,1,04:10,18,32,-3,0.8,1
NYJ-BUF wk18,Aaron Glenn,1,06:41,10,35,-7,0.8,1
playoffs PIT-HOU,Mike Tomlin,2,07:10,10,38,-4,0.8,1
SUPER BOWL NE-SEA,Mike Vrabel,2,09:23,12,33,-6,0.8,1
NO-ARI wk1,Kellen Moore,1,10:46,7,26,0,0.8,1
CLE-CIN wk1,Kevin Stefanski,2,08:42,8,22,0,0.8,1
NYG-WAS wk1,Brian Daboll,1,11:13,7,26,0,0.8,1
SF-SEA wk1,Kyle Shanahan,2,08:11,7,32,0,0.8,1
BAL-CLE wk2,John Harbaugh,1,07:51,7,27,0,0.8,1
TEN-LA wk2,Brian Callahan,1,12:13,9,29,0,0.8,1
SF-ARI wk3,Kyle Shanahan,2,15:00,9,24,0,0.8,1
GB-CLE wk3,Matt LaFleur,1,09:21,7,23,0,0.8,1
LAC-NYG wk4,Jim Harbaugh,1,13:44,7,38,0,0.8,1
PHI-DEN wk5,Nick Sirianni,1,12:22,7,23,0,0.8,1
CIN-GB wk6,Zac Taylor,1,06:46,9,37,0,0.8,1
SEA-JAX wk6,Mike Macdonald,1,11:13,7,34,0,0.8,1
JAX-LA wk7,Liam Coen,1,13:40,7,33,0,0.8,1
PHI-GB wk10,Nick Sirianni,2,12:40,7,24,0,0.8,1
MIN-CHI wk11,Kevin O'Connell,1,08:00,7,39,0,0.8,1
CHI-MIN wk11,Ben Johnson,1,06:34,9,21,0,0.8,1
ATL-NO wk12,Raheem Morris,1,13:30,8,28,0,0.8,1
TEN-SEA wk12,Brian Callahan,2,12:55,7,38,0,0.8,1
IND-HOU wk13,Shane Steichen,1,14:17,8,37,0,0.8,1
MIN-SEA wk13,Kevin O'Connell,1,01:36,8,29,0,0.8,1
CHI-GB wk14,Ben Johnson,1,00:18,7,40,0,0.8,1
HOU-KC wk14,DeMeco Ryans,1,09:24,8,37,0,0.8,1
JAX-IND wk14,Liam Coen,1,13:12,7,40,0,0.8,1
SEA-ATL wk14,Mike Macdonald,2,05:56,8,36,0,0.8,1
TB-ATL wk15,Todd Bowles,2,09:44,8,36,0,0.8,1
CIN-MIA wk16,Zac Taylor,2,15:00,7,38,0,0.8,1
HOU-LV wk16,DeMeco Ryans,1,12:10,8,38,0,0.8,1
BAL-NE wk16,John Harbaugh,2,10:32,9,36,0,0.8,1
ATL-LA wk17,Raheem Morris,1,13:35,7,30,0,0.8,1
playoffs JAX-BUF,Liam Coen,1,13:42,8,36,0,0.8,1
playoffs BUF-JAX,Sean McDermott,1,07:58,7,38,0,0.8,1
playoffs HOU-NE,DeMeco Ryans,1,13:08,7,29,0,0.8,1
playoffs DEN-NE,Sean Payton,1,13:36,9,36,0,0.8,1
SF-LA wk5,Kyle Shanahan,4,09:19,8,37,0,0.8,0
DEN-HOU wk9,Sean Payton,4,09:57,8,22,0,0.8,0
ATL-NYJ wk13,Raheem Morris,4,01:36,9,31,0,0.8,0
ATL-TB wk1,Raheem Morris,1,03:33,5,43,7,0.8,6
MIA-ATL wk8,Mike McDaniel,2,10:40,4,43,4,0.8,6
ATL-LA wk17,Raheem Morris,4,13:49,4,43,7,0.8,5
DET-CLE wk4,Dan Campbell,3,05:23,4,43,10,0.8,3
ARI-JAX wk12,Jonathan Gannon,1,09:48,14,47,0,0.8,1
PIT-BUF wk13,Mike Tomlin,1,07:39,10,47,0,0.8,1
TEN-KC wk16,Brian Callahan,1,02:27,17,47,0,0.8,1
TB-CAR wk18,Todd Bowles,3,08:14,7,47,6,0.8,2
CHI-PIT wk12,Ben Johnson,4,01:36,7,47,3,0.8,0
PHI-MIN wk7,Nick Sirianni,2,09:44,7,47,11,0.8,4
MIA-BUF wk10,Mike McDaniel,2,00:51,7,47,16,0.8,4
MIA-NYJ wk14,Mike McDaniel,2,14:09,9,47,14,0.8,4
DET-CLE wk4,Dan Campbell,4,09:08,8,47,17,0.8,2
DET-GB wk1,Dan Campbell,3,04:24,12,32,-11,0.8,1
CHI-DET wk2,Ben Johnson,3,04:27,34,22,-24,0.8,1
MIA-NE wk18,Mike McDaniel,3,04:31,16,36,-14,0.7,1
HOU-TEN wk4,DeMeco Ryans,2,01:55,17,52,6,0.7,2
PHI-DET wk11,Nick Sirianni,2,12:46,10,52,3,0.7,2
TEN-KC wk16,Brian Callahan,2,11:50,10,52,2,0.7,2
PHI-GB wk10,Nick Sirianni,4,02:25,13,52,3,0.7,0
CHI-MIN wk11,Ben Johnson,4,03:21,10,52,6,0.7,0
BUF-NYJ wk2,Sean McDermott,2,00:55,14,52,17,0.7,4
CIN-BUF wk14,Zac Taylor,2,00:23,18,52,10,0.7,4
JAX-TEN wk18,Liam Coen,3,09:28,17,52,24,0.7,4
LAC-PIT wk10,Jim Harbaugh,4,06:35,19,52,19,0.7,2
SF-CLE wk13,Kyle Shanahan,4,13:35,11,52,9,0.7,2
CAR-JAX wk1,Dave Canales,3,04:52,13,37,-17,0.7,1
LAC-DEN wk18,Jim Harbaugh,1,02:04,10,42,-10,0.7,8
LA-JAX wk7,Sean McVay,3,13:57,4,42,21,0.7,3
HOU-LAC wk17,DeMeco Ryans,2,03:25,5,42,11,0.7,3
SEA-NO wk3,Mike Macdonald,4,09:00,4,42,31,0.7,6
CHI-MIN wk1,Ben Johnson,1,01:04,6,42,7,0.7,2
TEN-NE wk7,Brian Callahan,3,05:27,11,34,-18,0.7,1
PHI-NYG wk6,Nick Sirianni,3,05:33,16,38,-10,0.7,1
LV-WAS wk3,Pete Carroll,3,05:34,15,25,-17,0.7,1
CAR-ATL wk11,Dave Canales,1,01:07,14,46,0,0.7,1
PIT-NE wk3,Mike Tomlin,3,08:47,7,46,7,0.7,2
GB-DAL wk4,Matt LaFleur,1,04:21,7,46,7,0.7,2
CLE-NE wk8,Kevin Stefanski,1,00:59,8,46,4,0.7,2
ATL-IND wk10,Raheem Morris,3,09:47,8,46,4,0.7,2
IND-SEA wk15,Shane Steichen,3,08:12,9,46,4,0.7,2
HOU-LAC wk17,DeMeco Ryans,4,13:24,7,46,7,0.7,0
DAL-LV wk11,Brian Schottenheimer,4,11:56,7,46,15,0.7,2
DEN-NYG wk7,Sean Payton,3,06:15,11,11,-13,0.7,0
LAC-DEN wk18,Jim Harbaugh,3,06:19,16,35,-10,0.7,1
MIA-BAL wk9,Mike McDaniel,3,06:34,17,6,-15,0.7,0
IND-JAX wk14,Shane Steichen,3,06:53,12,29,-15,0.7,1
NYJ-BUF wk18,Aaron Glenn,3,06:54,19,27,-29,0.7,1
LV-KC wk7,Pete Carroll,3,07:09,13,32,-28,0.7,1
HOU-SEA wk7,DeMeco Ryans,2,13:16,10,41,-14,0.7,8
LV-CLE wk12,Pete Carroll,2,00:25,25,41,-11,0.7,8
ATL-MIN wk2,Raheem Morris,2,03:31,5,41,3,0.7,6
LV-TEN wk6,Pete Carroll,2,13:34,4,41,3,0.7,6
IND-SEA wk15,Shane Steichen,3,02:43,5,41,4,0.7,6
DEN-LAC wk18,Sean Payton,3,14:16,4,41,7,0.7,6
NE-CAR wk4,Mike Vrabel,3,04:32,4,41,29,0.7,3
BAL-BUF wk1,John Harbaugh,4,07:27,4,41,15,0.7,6
NE-TEN wk7,Mike Vrabel,4,05:26,4,41,18,0.7,6
BUF-TB wk11,Sean McDermott,3,12:58,9,45,1,0.6,2
playoffs DEN-NE,Sean Payton,1,02:28,9,45,7,0.6,2
MIA-CAR wk5,Mike McDaniel,4,10:23,7,45,4,0.6,0
DEN-CIN wk4,Sean Payton,3,06:28,9,45,18,0.6,4
NO-TB wk8,Kellen Moore,3,08:31,17,8,-11,0.6,0
NYJ-MIA wk14,Aaron Glenn,3,08:34,17,34,-17,0.6,1
NYG-WAS wk1,Brian Daboll,3,08:37,10,29,-11,0.6,1
MIA-PIT wk15,Mike McDaniel,3,09:16,18,32,-11,0.6,1
DAL-WAS wk7,Brian Schottenheimer,4,06:57,11,51,22,0.6,2
LAC-HOU wk17,Jim Harbaugh,3,09:45,15,25,-11,0.6,1
LV-WAS wk3,Pete Carroll,3,09:54,12,34,-10,0.6,1
NO-SEA wk3,Kellen Moore,3,10:05,12,22,-35,0.6,1
MIN-CHI wk1,Kevin O'Connell,3,10:18,20,18,-11,0.6,0
CAR-BUF wk8,Dave Canales,3,10:24,25,32,-23,0.6,1
NYJ-DAL wk5,Aaron Glenn,3,11:00,17,34,-20,0.6,1
TB-NE wk10,Todd Bowles,3,11:47,15,34,-11,0.6,1
TEN-SEA wk12,Brian Callahan,3,11:47,15,22,-20,0.6,1
LV-NYG wk17,Pete Carroll,3,12:05,21,26,-14,0.6,1
MIA-CLE wk7,Mike McDaniel,3,12:43,19,11,-18,0.6,0
ARI-SF wk11,Jonathan Gannon,3,12:45,10,31,-15,0.6,1
LV-WAS wk3,Pete Carroll,3,12:51,12,28,-10,0.6,1
NYG-PHI wk8,Brian Daboll,3,13:22,10,35,-11,0.6,1
TEN-JAX wk18,Brian Callahan,3,13:30,17,28,-24,0.6,1
ARI-CIN wk17,Jonathan Gannon,3,14:09,13,29,-16,0.6,1
CLE-CHI wk15,Kevin Stefanski,3,14:13,10,20,-14,0.6,0
CIN-MIN wk3,Zac Taylor,1,03:59,17,18,-14,0.6,0
CIN-MIN wk3,Zac Taylor,2,13:54,16,11,-14,0.6,0
CIN-DEN wk4,Zac Taylor,2,08:24,10,14,-11,0.6,0
HOU-JAX wk10,DeMeco Ryans,2,12:01,22,5,-10,0.6,0
TEN-JAX wk13,Brian Callahan,2,12:39,15,20,-12,0.6,0
NO-MIA wk13,Kellen Moore,2,11:43,10,20,-10,0.6,0
ARI-HOU wk15,Jonathan Gannon,1,10:30,17,15,-10,0.6,0
NYG-WAS wk1,Brian Daboll,2,02:11,21,21,-11,0.6,1
NYJ-BUF wk2,Aaron Glenn,2,11:54,17,25,-13,0.6,1
NO-SEA wk3,Kellen Moore,1,04:58,12,30,-14,0.6,1
CAR-NE wk4,Dave Canales,2,04:23,13,22,-15,0.6,1
TEN-ARI wk5,Brian Callahan,2,14:06,11,37,-11,0.6,1
CIN-GB wk6,Zac Taylor,2,03:01,12,38,-10,0.6,1
TEN-LV wk6,Brian Callahan,2,03:02,13,24,-10,0.6,1
NO-CHI wk7,Kellen Moore,2,07:34,21,24,-13,0.6,1
TB-DET wk7,Todd Bowles,2,04:20,11,34,-14,0.6,1
TEN-IND wk8,Brian Callahan,2,06:25,14,27,-10,0.6,1
BUF-MIA wk10,Sean McDermott,2,13:52,10,31,-13,0.6,1
BUF-MIA wk10,Sean McDermott,2,01:19,13,28,-16,0.6,1
WAS-DET wk10,Dan Quinn,2,15:00,22,38,-11,0.6,1
LV-CLE wk12,Pete Carroll,2,04:16,22,36,-11,0.6,1
LV-CLE wk12,Pete Carroll,2,02:30,10,24,-11,0.6,1
DET-NYG wk12,Dan Campbell,2,06:21,17,32,-10,0.6,1
TB-LA wk12,Todd Bowles,1,00:55,19,26,-14,0.6,1
MIN-SEA wk13,Kevin O'Connell,2,01:12,18,24,-10,0.6,1
NYG-NE wk13,Brian Daboll,1,03:49,16,24,-10,0.6,1
CLE-CHI wk15,Kevin Stefanski,2,00:52,15,33,-14,0.6,1
LV-PHI wk15,Pete Carroll,2,08:16,12,26,-10,0.6,1
CLE-BUF wk16,Kevin Stefanski,2,01:49,12,38,-10,0.6,1
NYG-MIN wk16,Brian Daboll,2,01:04,14,26,-10,0.6,1
ARI-CIN wk17,Jonathan Gannon,2,00:25,20,30,-16,0.6,1
LAC-HOU wk17,Jim Harbaugh,1,05:09,12,39,-14,0.6,1
LV-NYG wk17,Pete Carroll,2,03:31,14,31,-11,0.6,1
BUF-PHI wk17,Sean McDermott,2,03:00,12,30,-10,0.6,1
LA-TEN wk2,Sean McVay,2,03:23,5,10,7,0.6,0
NE-ATL wk9,Mike Vrabel,1,03:30,5,11,7,0.6,0
BUF-HOU wk12,Sean McDermott,1,02:48,4,18,3,0.6,0
DEN-WAS wk13,Sean Payton,1,03:04,4,17,3,0.6,0
MIN-DET wk17,Kevin O'Connell,4,07:24,5,6,6,0.6,0
CLE-PIT wk17,Kevin Stefanski,4,07:15,4,18,4,0.6,0
BAL-CLE wk2,John Harbaugh,2,06:56,4,15,10,0.6,0
BAL-CLE wk2,John Harbaugh,2,02:00,5,9,10,0.6,0
NE-CAR wk4,Mike Vrabel,2,00:12,5,7,22,0.6,0
MIA-NYJ wk14,Mike McDaniel,2,00:19,5,10,17,0.6,0
MIA-NYJ wk14,Mike McDaniel,3,10:44,4,13,17,0.6,0
KC-NYG wk3,Andy Reid,4,02:14,4,16,13,0.6,0
HOU-SF wk8,DeMeco Ryans,4,01:02,4,7,11,0.6,0
CHI-CIN wk9,Ben Johnson,4,02:24,5,9,14,0.6,0
BAL-CLE wk2,John Harbaugh,2,00:10,4,32,7,0.6,2
NYG-DAL wk2,Brian Daboll,2,12:21,4,25,6,0.6,2
NYG-DAL wk2,Brian Daboll,2,01:46,5,28,3,0.6,2
GB-WAS wk2,Matt LaFleur,2,15:00,4,30,7,0.6,2
JAX-HOU wk3,Liam Coen,2,05:55,5,25,4,0.6,2
PIT-NE wk3,Mike Tomlin,2,07:28,5,39,7,0.6,2
DEN-NYJ wk6,Sean Payton,3,08:59,4,29,1,0.6,2
NYG-PHI wk6,Brian Daboll,2,15:00,4,29,3,0.6,2
CLE-NE wk8,Kevin Stefanski,2,06:16,4,30,1,0.6,2
MIN-BAL wk10,Kevin O'Connell,2,00:40,5,40,4,0.6,2
NYJ-CLE wk10,Aaron Glenn,1,00:19,4,28,7,0.6,2
NO-CAR wk10,Kellen Moore,2,06:21,4,40,3,0.6,2
ATL-CAR wk11,Raheem Morris,3,05:20,5,27,5,0.6,2
MIN-CHI wk11,Kevin O'Connell,2,13:27,4,33,3,0.6,2
NYJ-ATL wk13,Aaron Glenn,2,09:34,4,24,7,0.6,2
GB-DET wk13,Matt LaFleur,1,06:47,5,22,3,0.6,2
HOU-IND wk13,DeMeco Ryans,1,02:57,4,38,3,0.6,2
GB-CHI wk14,Matt LaFleur,3,01:42,4,33,7,0.6,2
TEN-CLE wk14,Brian Callahan,2,03:54,4,33,4,0.6,2
DET-LA wk15,Dan Campbell,3,06:48,5,40,4,0.6,2
HOU-LV wk16,DeMeco Ryans,1,07:22,4,24,7,0.6,2
CLE-CIN wk18,Kevin Stefanski,2,04:51,4,36,8,0.6,2
IND-HOU wk18,Shane Steichen,3,10:31,4,28,1,0.6,2
KC-LV wk18,Andy Reid,2,13:41,5,26,3,0.6,2
playoffs LA-SEA,Sean McVay,2,01:03,5,33,3,0.6,2
MIN-CHI wk1,Kevin O'Connell,4,00:16,5,31,3,0.6,3
NYJ-PIT wk1,Aaron Glenn,4,03:21,5,26,1,0.6,3
DET-BAL wk3,Dan Campbell,4,08:42,5,40,4,0.6,3
BAL-MIN wk10,John Harbaugh,4,01:55,4,35,8,0.6,3
TB-ARI wk13,Todd Bowles,4,02:00,5,37,3,0.6,3
DEN-WAS wk13,Sean Payton,4,03:09,4,35,3,0.6,3
PIT-BAL wk14,Mike Tomlin,4,11:31,5,28,8,0.6,3
BUF-NE wk15,Sean McDermott,4,02:54,4,35,4,0.6,3
LA-JAX wk7,Sean McVay,3,01:05,4,22,21,0.6,1
NYG-DEN wk7,Brian Daboll,2,01:11,4,36,13,0.6,1
SF-NYG wk9,Kyle Shanahan,3,05:05,5,29,10,0.6,1
HOU-LAC wk17,DeMeco Ryans,3,11:59,4,21,11,0.6,1
DEN-LAC wk18,Sean Payton,1,00:41,5,25,10,0.6,1
SUPER BOWL SEA-NE,Mike Macdonald,3,02:08,4,27,12,0.6,1
LAC-LV wk2,Jim Harbaugh,4,04:36,4,26,11,0.6,1
PHI-KC wk2,Nick Sirianni,4,04:32,4,32,10,0.6,1
MIA-NYJ wk4,Mike McDaniel,4,11:32,4,40,11,0.6,1
HOU-TEN wk4,DeMeco Ryans,4,02:00,4,34,26,0.6,1
DET-CIN wk5,Dan Campbell,4,12:40,4,33,18,0.6,1
PIT-CLE wk6,Mike Tomlin,4,07:19,4,34,14,0.6,1
TB-NO wk8,Todd Bowles,4,02:36,4,30,20,0.6,1
PHI-DET wk11,Nick Sirianni,4,06:25,5,37,10,0.6,1
SF-CAR wk12,Kyle Shanahan,4,04:54,4,32,11,0.6,1
GB-DET wk13,Matt LaFleur,4,09:13,4,28,10,0.6,1
CIN-MIA wk16,Zac Taylor,4,02:00,4,37,24,0.6,1
BUF-NO wk4,Sean McDermott,2,08:51,6,19,7,0.6,1
PHI-DEN wk5,Nick Sirianni,2,01:02,6,15,7,0.6,1
GB-CIN wk6,Matt LaFleur,2,10:28,6,20,3,0.6,1
IND-ATL wk10,Shane Steichen,2,07:02,6,11,6,0.6,1
SUPER BOWL SEA-NE,Mike Macdonald,1,06:15,6,14,3,0.6,1
MIA-ATL wk8,Mike McDaniel,3,11:31,6,18,14,0.6,0
LA-SF wk10,Sean McVay,2,06:57,6,15,21,0.6,0
playoffs LA-CAR,Sean McVay,2,02:56,6,16,10,0.6,0
ARI-CAR wk2,Jonathan Gannon,4,04:44,6,14,12,0.6,1
LA-SEA wk16,Sean McVay,4,08:18,6,15,16,0.6,1
NE-NYJ wk17,Mike Vrabel,4,02:33,6,13,32,0.6,1
DEN-IND wk2,Sean Payton,2,00:29,6,36,1,0.6,0
LAC-LV wk2,Jim Harbaugh,2,08:14,6,36,4,0.6,0
PHI-MIN wk7,Nick Sirianni,1,00:38,6,38,4,0.6,0
IND-KC wk12,Shane Steichen,2,01:50,6,35,8,0.6,0
CLE-TEN wk14,Kevin Stefanski,3,06:03,6,27,3,0.6,0
MIN-GB wk18,Kevin O'Connell,2,12:41,6,26,3,0.6,0
ATL-NO wk18,Raheem Morris,2,03:03,6,36,3,0.6,0
CIN-CLE wk1,Zac Taylor,4,02:00,6,30,1,0.6,2
CLE-MIN wk5,Kevin Stefanski,4,12:31,6,34,3,0.6,2
NE-ATL wk9,Mike Vrabel,4,03:43,6,33,1,0.6,2
DEN-LV wk10,Sean Payton,4,13:01,6,37,3,0.6,2
TEN-NO wk17,Brian Callahan,4,08:57,6,36,6,0.6,2
JAX-SF wk4,Liam Coen,3,12:46,6,39,11,0.6,0
PHI-DEN wk5,Nick Sirianni,3,05:26,6,32,14,0.6,0
NE-NO wk6,Mike Vrabel,3,02:49,6,28,9,0.6,0
BUF-CAR wk8,Sean McDermott,2,03:27,6,40,9,0.6,0
CIN-NYJ wk8,Zac Taylor,3,10:58,6,24,11,0.6,0
CLE-LV wk12,Kevin Stefanski,3,03:46,6,30,11,0.6,0
PHI-LV wk15,Nick Sirianni,2,10:23,6,29,10,0.6,0
DET-CHI wk2,Dan Campbell,4,04:13,6,33,31,0.6,1
DAL-NYJ wk5,Brian Schottenheimer,4,14:56,6,39,24,0.6,1
DET-TB wk7,Dan Campbell,4,00:19,6,38,15,0.6,1
KC-WAS wk8,Andy Reid,4,02:29,6,38,21,0.6,1
PHI-BUF wk17,Nick Sirianni,4,11:14,6,24,13,0.6,1
CAR-TB wk16,Dave Canales,4,08:02,12,44,0,0.6,0
TB-CAR wk16,Todd Bowles,4,04:57,17,44,0,0.6,0
BAL-NE wk16,John Harbaugh,4,05:12,9,44,3,0.6,0
DEN-CIN wk4,Sean Payton,3,12:44,9,44,18,0.6,4
DEN-CIN wk4,Sean Payton,4,12:54,9,44,18,0.6,2
PHI-DET wk11,Nick Sirianni,1,12:28,14,43,0,0.5,1
HOU-DEN wk9,DeMeco Ryans,4,10:53,15,43,0,0.5,0
TB-HOU wk2,Todd Bowles,3,11:31,9,43,4,0.5,2
NYG-NO wk5,Brian Daboll,2,02:42,7,43,1,0.5,2
IND-ARI wk6,Shane Steichen,2,00:36,9,43,4,0.5,2
CHI-MIN wk1,Ben Johnson,3,07:27,9,43,11,0.5,4
GB-MIN wk12,Matt LaFleur,3,11:49,15,50,4,0.5,2
TB-ATL wk15,Todd Bowles,3,01:00,12,50,6,0.5,2
CIN-CLE wk1,Zac Taylor,4,00:30,20,50,1,0.5,0
NO-TB wk14,Kellen Moore,4,01:54,11,50,4,0.5,0
MIN-DET wk17,Kevin O'Connell,4,13:03,20,50,6,0.5,0
playoffs NE-LAC,Mike Vrabel,4,05:45,15,50,13,0.5,2
TEN-DEN wk1,Brian Callahan,1,05:23,18,42,0,0.5,1
CAR-NYJ wk7,Dave Canales,2,06:19,16,42,0,0.5,1
TEN-LAC wk9,Brian Callahan,2,02:31,11,42,0,0.5,1
NYJ-CLE wk10,Aaron Glenn,3,13:32,13,42,0,0.5,1
PHI-GB wk10,Nick Sirianni,3,02:40,9,42,3,0.5,2
SEA-CAR wk17,Mike Macdonald,2,13:30,7,42,3,0.5,2
playoffs LA-CAR,Sean McVay,4,04:18,7,42,3,0.5,0
LV-TEN wk6,Pete Carroll,2,02:00,9,42,10,0.5,4
CHI-CLE wk15,Ben Johnson,3,09:02,7,42,11,0.5,4
playoffs SEA-SF,Mike Macdonald,4,07:00,9,42,35,0.5,2
TB-ATL wk1,Todd Bowles,4,11:09,12,49,4,0.5,0
LA-SEA wk11,Sean McVay,4,01:50,10,49,2,0.5,0
BAL-CIN wk15,John Harbaugh,3,00:28,21,49,17,0.5,4
KC-BAL wk4,Andy Reid,4,03:35,19,49,24,0.5,2
JAX-DEN wk16,Liam Coen,1,09:53,10,41,0,0.4,1
TEN-KC wk16,Brian Callahan,2,13:19,11,41,0,0.4,1
NYG-LV wk17,Brian Daboll,1,10:39,24,41,0,0.4,1
BUF-PHI wk17,Sean McDermott,1,08:46,17,41,0,0.4,1
playoffs LA-CHI,Sean McVay,2,09:01,11,41,0,0.4,1
LA-SEA wk11,Sean McVay,2,07:56,9,41,8,0.4,2
ATL-IND wk10,Raheem Morris,4,07:02,7,41,1,0.4,0
DAL-WAS wk7,Brian Schottenheimer,2,14:17,9,41,9,0.4,4
LA-ARI wk14,Sean McVay,3,01:15,8,41,21,0.4,4
ARI-NO wk1,Jonathan Gannon,4,09:16,9,41,10,0.4,2
PHI-DET wk11,Nick Sirianni,3,03:09,15,48,7,0.4,2
CLE-TEN wk14,Kevin Stefanski,3,11:45,10,48,3,0.4,2
HOU-LAC wk17,DeMeco Ryans,2,11:12,13,48,14,0.4,4
HOU-LA wk1,DeMeco Ryans,1,12:59,15,15,0,0.4,0
SEA-SF wk1,Mike Macdonald,2,06:14,11,13,0,0.4,0
TB-ATL wk1,Todd Bowles,2,00:20,15,17,0,0.4,0
SEA-PIT wk2,Mike Macdonald,3,03:16,10,20,0,0.4,0
CHI-DAL wk3,Ben Johnson,1,13:26,12,17,0,0.4,0
KC-NYG wk3,Andy Reid,2,01:21,19,13,0,0.4,0
NO-NYG wk5,Kellen Moore,1,13:51,11,8,0,0.4,0
ARI-IND wk6,Jonathan Gannon,2,14:12,15,4,0,0.4,0
JAX-SEA wk6,Liam Coen,1,12:40,23,7,0,0.4,0
HOU-SEA wk7,DeMeco Ryans,1,10:15,31,1,0,0.4,0
DEN-NYG wk7,Sean Payton,1,12:30,10,20,0,0.4,0
LAC-TEN wk9,Jim Harbaugh,1,03:13,15,7,0,0.4,0
LAC-TEN wk9,Jim Harbaugh,2,04:00,19,11,0,0.4,0
CLE-NYJ wk10,Kevin Stefanski,3,03:49,10,19,0,0.4,0
DEN-LV wk10,Sean Payton,3,14:03,12,7,0,0.4,0
LV-DEN wk10,Pete Carroll,3,01:37,16,14,0,0.4,0
LV-CLE wk12,Pete Carroll,1,09:27,18,17,0,0.4,0
BAL-NYJ wk12,John Harbaugh,2,10:45,17,13,0,0.4,0
DAL-DET wk14,Brian Schottenheimer,1,05:36,14,1,0,0.4,0
LV-DEN wk14,Pete Carroll,2,06:44,15,6,0,0.4,0
SEA-ATL wk14,Mike Macdonald,1,09:30,20,1,0,0.4,0
BAL-CIN wk15,John Harbaugh,1,00:51,14,11,0,0.4,0
SEA-IND wk15,Mike Macdonald,2,12:58,15,10,0,0.4,0
KC-LAC wk15,Andy Reid,3,08:01,21,18,0,0.4,0
JAX-DEN wk16,Liam Coen,2,11:26,26,12,0,0.4,0
DET-PIT wk16,Dan Campbell,2,06:26,10,15,0,0.4,0
MIN-DET wk17,Kevin O'Connell,1,13:32,16,19,0,0.4,0
NO-TEN wk17,Kellen Moore,1,10:50,12,18,0,0.4,0
LV-KC wk18,Pete Carroll,1,08:38,12,2,0,0.4,0
JAX-TEN wk18,Liam Coen,1,13:40,28,13,0,0.4,0
JAX-TEN wk18,Liam Coen,1,01:47,12,18,0,0.4,0
ARI-SF wk3,Jonathan Gannon,4,14:11,11,1,0,0.4,0
CAR-DAL wk6,Dave Canales,4,08:31,12,16,0,0.4,0
CLE-BAL wk11,Kevin Stefanski,4,04:40,25,5,0,0.4,0
KC-DEN wk11,Andy Reid,4,03:10,21,15,0,0.4,0
MIA-WAS wk11,Mike McDaniel,4,04:21,19,13,0,0.4,0
PHI-DAL wk12,Nick Sirianni,4,01:44,20,19,0,0.4,0
NYJ-ATL wk13,Aaron Glenn,4,01:06,11,13,0,0.4,0
TB-SEA wk5,Todd Bowles,2,09:18,8,8,6,0.4,1
TB-NO wk8,Todd Bowles,2,01:58,7,16,7,0.4,1
PHI-DET wk11,Nick Sirianni,2,14:54,8,17,3,0.4,1
NYG-GB wk11,Brian Daboll,1,06:26,9,16,7,0.4,1
WAS-MIA wk11,Dan Quinn,3,02:57,8,15,7,0.4,1
NYG-DET wk12,Brian Daboll,1,06:31,9,9,7,0.4,1
HOU-IND wk13,DeMeco Ryans,2,14:22,7,20,3,0.4,1
MIA-NO wk13,Mike McDaniel,1,08:13,8,20,7,0.4,1
IND-JAX wk17,Shane Steichen,2,01:03,7,13,3,0.4,1
playoffs NE-HOU,Mike Vrabel,3,03:34,7,15,8,0.4,1
SF-LA wk5,Kyle Shanahan,4,00:53,8,3,3,0.4,2
PIT-BAL wk14,Mike Tomlin,4,02:08,7,11,5,0.4,2
playoffs LA-CHI,Sean McVay,4,02:00,7,17,7,0.4,2
JAX-CAR wk1,Liam Coen,3,08:59,7,9,17,0.4,0
GB-WAS wk2,Matt LaFleur,3,03:41,8,11,14,0.4,0
ARI-TEN wk5,Jonathan Gannon,3,02:28,9,17,15,0.4,0
DEN-DAL wk8,Sean Payton,2,13:54,8,12,11,0.4,0
ATL-LA wk17,Raheem Morris,2,02:00,7,4,14,0.4,0
PHI-BUF wk17,Nick Sirianni,3,00:13,8,3,13,0.4,0
SUPER BOWL SEA-NE,Mike Macdonald,3,05:24,8,20,12,0.4,0
BUF-NYJ wk2,Sean McDermott,4,06:50,8,17,27,0.4,1
DET-TB wk7,Dan Campbell,4,04:10,8,15,15,0.4,1
LA-NO wk9,Sean McVay,4,07:22,8,10,24,0.4,1
ARI-NO wk1,Jonathan Gannon,1,11:39,22,24,0,0.4,1
LV-NE wk1,Pete Carroll,2,14:21,13,28,0,0.4,1
WAS-NYG wk1,Dan Quinn,1,12:42,10,36,0,0.4,1
SEA-SF wk1,Mike Macdonald,2,11:16,11,34,0,0.4,1
ATL-TB wk1,Raheem Morris,3,09:57,17,27,0,0.4,1
NYJ-BUF wk2,Aaron Glenn,1,13:37,11,35,0,0.4,1
LAC-LV wk2,Jim Harbaugh,1,08:06,10,35,0,0.4,1
PHI-KC wk2,Nick Sirianni,1,08:36,10,22,0,0.4,1
SF-NO wk2,Kyle Shanahan,1,12:58,10,30,0,0.4,1
DET-BAL wk3,Dan Campbell,1,03:27,11,31,0,0.4,1
BAL-DET wk3,John Harbaugh,3,03:47,10,40,0,0.4,1
PIT-MIN wk4,Mike Tomlin,1,13:00,12,33,0,0.4,1
CLE-MIN wk5,Kevin Stefanski,2,04:13,13,34,0,0.4,1
BUF-NE wk5,Sean McDermott,2,02:32,15,27,0,0.4,1
ATL-BUF wk6,Raheem Morris,1,06:37,17,35,0,0.4,1
BUF-ATL wk6,Sean McDermott,1,05:32,10,26,0,0.4,1
JAX-SEA wk6,Liam Coen,1,07:43,11,40,0,0.4,1
MIA-CLE wk7,Mike McDaniel,1,09:11,16,26,0,0.4,1
CAR-BUF wk8,Dave Canales,1,12:57,15,26,0,0.4,1
MIA-ATL wk8,Mike McDaniel,1,13:36,17,27,0,0.4,1
TB-NO wk8,Todd Bowles,1,09:07,26,30,0,0.4,1
ATL-NE wk9,Raheem Morris,1,13:27,12,30,0,0.4,1
CAR-GB wk9,Dave Canales,1,12:31,10,27,0,0.4,1
LV-JAX wk9,Pete Carroll,1,11:44,10,31,0,0.4,1
DET-MIN wk9,Dan Campbell,1,07:58,17,21,0,0.4,1
WAS-SEA wk9,Dan Quinn,1,11:18,13,38,0,0.4,1
CLE-NYJ wk10,Kevin Stefanski,1,13:43,18,22,0,0.4,1
CLE-NYJ wk10,Kevin Stefanski,1,06:01,10,29,0,0.4,1
CLE-NYJ wk10,Kevin Stefanski,3,08:05,18,38,0,0.4,1
LV-DEN wk10,Pete Carroll,2,02:00,12,33,0,0.4,1
PHI-GB wk10,Nick Sirianni,2,02:07,17,33,0,0.4,1
CLE-BAL wk11,Kevin Stefanski,2,10:26,11,40,0,0.4,1
ATL-CAR wk11,Raheem Morris,1,13:07,14,27,0,0.4,1
GB-NYG wk11,Matt LaFleur,2,00:25,16,32,0,0.4,1
TB-ARI wk13,Todd Bowles,2,15:00,15,22,0,0.4,1
LV-LAC wk13,Pete Carroll,1,13:23,13,34,0,0.4,1
MIN-SEA wk13,Kevin O'Connell,1,11:18,12,40,0,0.4,1
SEA-MIN wk13,Mike Macdonald,1,05:58,24,31,0,0.4,1
CHI-GB wk14,Ben Johnson,1,13:53,15,23,0,0.4,1
GB-CHI wk14,Matt LaFleur,1,03:13,19,26,0,0.4,1
KC-HOU wk14,Andy Reid,1,06:57,14,31,0,0.4,1
HOU-KC wk14,DeMeco Ryans,3,00:51,10,23,0,0.4,1
NO-TB wk14,Kellen Moore,1,06:21,11,22,0,0.4,1
PHI-LAC wk14,Nick Sirianni,1,11:45,13,40,0,0.4,1
LAC-KC wk15,Jim Harbaugh,3,05:03,16,40,0,0.4,1
PIT-MIA wk15,Mike Tomlin,2,08:44,10,29,0,0.4,1
CIN-MIA wk16,Zac Taylor,1,12:18,13,32,0,0.4,1
KC-TEN wk16,Andy Reid,1,12:54,12,26,0,0.4,1
KC-TEN wk16,Andy Reid,2,14:53,10,29,0,0.4,1
LV-HOU wk16,Pete Carroll,1,14:37,10,29,0,0.4,1
NE-BAL wk16,Mike Vrabel,3,14:14,11,29,0,0.4,1
DET-PIT wk16,Dan Campbell,1,13:17,11,27,0,0.4,1
PIT-DET wk16,Mike Tomlin,2,04:13,10,21,0,0.4,1
SEA-CAR wk17,Mike Macdonald,1,10:48,14,27,0,0.4,1
MIA-TB wk17,Mike McDaniel,1,13:09,16,29,0,0.4,1
KC-LV wk18,Andy Reid,1,13:06,14,31,0,0.4,1
ATL-NO wk18,Raheem Morris,1,13:08,12,23,0,0.4,1
playoffs LAC-NE,Jim Harbaugh,2,00:41,15,23,0,0.4,1
playoffs LA-CHI,Sean McVay,2,03:04,22,25,0,0.4,1
SEA-SF wk1,Mike Macdonald,4,08:21,16,31,0,0.4,0
DEN-LAC wk3,Sean Payton,4,01:53,10,22,0,0.4,0
IND-LA wk4,Shane Steichen,4,01:51,17,40,0,0.4,0
DAL-CAR wk6,Brian Schottenheimer,4,06:14,18,38,0,0.4,0
DAL-PHI wk12,Brian Schottenheimer,4,05:25,13,40,0,0.4,0
ATL-NYJ wk13,Raheem Morris,4,00:44,10,33,0,0.4,0
LAC-PHI wk14,Jim Harbaugh,4,03:46,14,21,0,0.4,0
SEA-LA wk16,Mike Macdonald,4,01:50,17,31,0,0.4,0
IND-JAX wk17,Shane Steichen,4,14:12,13,32,0,0.4,0
HOU-LA wk1,DeMeco Ryans,2,11:22,9,21,3,0.4,0
LAC-KC wk1,Jim Harbaugh,3,14:08,9,29,7,0.4,0
CHI-MIN wk1,Ben Johnson,2,06:03,8,37,4,0.4,0
WAS-NYG wk1,Dan Quinn,2,13:17,9,31,4,0.4,0
DET-CHI wk2,Dan Campbell,2,14:51,9,33,7,0.4,0
BAL-CLE wk2,John Harbaugh,2,15:00,8,24,3,0.4,0
PHI-KC wk2,Nick Sirianni,3,06:15,8,37,3,0.4,0
TB-HOU wk2,Todd Bowles,2,02:54,9,26,4,0.4,0
TB-HOU wk2,Todd Bowles,3,05:49,7,21,4,0.4,0
CHI-DAL wk3,Ben Johnson,2,12:21,9,36,8,0.4,0
LAC-DEN wk3,Jim Harbaugh,2,00:11,9,26,3,0.4,0
DEN-LAC wk3,Sean Payton,3,03:46,9,35,4,0.4,0
CIN-DEN wk4,Zac Taylor,1,04:30,7,40,3,0.4,0
LA-IND wk4,Sean McVay,3,09:43,7,40,3,0.4,0
ATL-WAS wk4,Raheem Morris,2,00:07,7,28,7,0.4,0
DAL-NYJ wk5,Brian Schottenheimer,2,08:16,9,30,7,0.4,0
KC-JAX wk5,Andy Reid,2,01:06,8,37,7,0.4,0
MIA-CAR wk5,Mike McDaniel,3,04:39,8,37,4,0.4,0
SEA-JAX wk6,Mike Macdonald,2,05:14,7,23,4,0.4,0
TB-SF wk6,Todd Bowles,1,00:14,7,37,4,0.4,0
NYG-DEN wk7,Brian Daboll,1,01:11,9,28,7,0.4,0
PHI-MIN wk7,Nick Sirianni,2,04:30,9,27,8,0.4,0
GB-PIT wk8,Matt LaFleur,2,11:17,9,27,1,0.4,0
TEN-HOU wk11,Brian Callahan,2,01:56,9,21,3,0.4,0
TEN-HOU wk11,Brian Callahan,2,00:20,9,22,3,0.4,0
NE-NYJ wk11,Mike Vrabel,2,03:31,8,30,7,0.4,0
NE-NYJ wk11,Mike Vrabel,3,14:17,7,37,7,0.4,0
SF-CLE wk13,Kyle Shanahan,1,01:38,9,22,7,0.4,0
HOU-KC wk14,DeMeco Ryans,3,09:20,8,37,3,0.4,0
JAX-IND wk14,Liam Coen,2,13:58,8,31,7,0.4,0
LAC-PHI wk14,Jim Harbaugh,1,01:17,7,37,4,0.4,0
KC-LAC wk15,Andy Reid,1,01:04,8,34,4,0.4,0
KC-LAC wk15,Andy Reid,2,12:07,9,37,4,0.4,0
SEA-LA wk16,Mike Macdonald,2,10:40,8,37,1,0.4,0
HOU-LV wk16,DeMeco Ryans,3,13:24,8,32,6,0.4,0
WAS-PHI wk18,Dan Quinn,3,14:01,8,28,3,0.4,0
playoffs PHI-SF,Nick Sirianni,2,02:02,9,36,3,0.4,0
CIN-CLE wk1,Zac Taylor,4,13:18,9,40,1,0.4,2
MIA-CAR wk5,Mike McDaniel,4,13:29,7,37,4,0.4,2
NE-BUF wk5,Mike Vrabel,4,06:01,7,27,3,0.4,2
ARI-TEN wk5,Jonathan Gannon,4,02:00,8,35,2,0.4,2
LAC-MIA wk6,Jim Harbaugh,4,06:30,9,35,6,0.4,2
SEA-JAX wk6,Mike Macdonald,4,07:45,7,38,8,0.4,2
SEA-JAX wk6,Mike Macdonald,4,04:15,8,21,8,0.4,2
NYG-DEN wk7,Brian Daboll,4,02:51,8,30,3,0.4,2
GB-NYG wk11,Matt LaFleur,4,00:21,9,21,7,0.4,2
HOU-BUF wk12,DeMeco Ryans,4,09:21,9,26,7,0.4,2
DEN-WAS wk13,Sean Payton,4,10:19,9,30,3,0.4,2
LA-SEA wk16,Sean McVay,4,07:09,7,25,8,0.4,2
playoffs NE-DEN,Mike Vrabel,4,03:11,9,37,3,0.4,2
DAL-NYJ wk5,Brian Schottenheimer,3,07:58,9,26,20,0.4,0
ATL-BUF wk6,Raheem Morris,2,00:21,8,29,14,0.4,0
PIT-GB wk8,Mike Tomlin,3,14:12,8,29,9,0.4,0
CIN-NYJ wk8,Zac Taylor,1,01:27,9,26,10,0.4,0
IND-TEN wk8,Shane Steichen,2,00:34,8,32,10,0.4,0
ARI-DAL wk9,Jonathan Gannon,2,04:04,9,36,10,0.4,0
NE-TB wk10,Mike Vrabel,3,10:12,7,33,11,0.4,0
PHI-DAL wk12,Nick Sirianni,3,13:45,7,35,14,0.4,0
JAX-TEN wk13,Liam Coen,2,07:18,7,28,12,0.4,0
HOU-LAC wk17,DeMeco Ryans,1,02:15,9,33,14,0.4,0
DEN-LAC wk18,Sean Payton,2,10:38,8,31,10,0.4,0
playoffs GB-CHI,Matt LaFleur,3,00:48,9,22,15,0.4,0
MIN-CIN wk3,Kevin O'Connell,4,10:20,7,38,38,0.4,1
SEA-NO wk3,Mike Macdonald,4,13:01,8,37,31,0.4,1
TB-NYJ wk3,Todd Bowles,4,14:15,9,40,17,0.4,1
DAL-NYJ wk5,Brian Schottenheimer,4,12:17,7,32,24,0.4,1
HOU-BAL wk5,DeMeco Ryans,4,07:38,9,24,34,0.4,1
ARI-TEN wk5,Jonathan Gannon,4,08:53,9,31,9,0.4,1
NYG-PHI wk6,Brian Daboll,4,13:03,8,36,10,0.4,1
BUF-CAR wk8,Sean McDermott,4,01:57,7,30,31,0.4,1
IND-TEN wk8,Shane Steichen,4,05:37,7,23,31,0.4,1
IND-TEN wk8,Shane Steichen,4,01:19,8,37,24,0.4,1
LA-TB wk12,Sean McVay,4,02:00,8,35,27,0.4,1
PHI-WAS wk16,Nick Sirianni,4,08:21,8,22,11,0.4,1
NE-NYJ wk17,Mike Vrabel,4,12:57,7,30,32,0.4,1
NE-MIA wk18,Mike Vrabel,4,09:39,7,35,28,0.4,1
PHI-DEN wk5,Nick Sirianni,2,02:27,15,47,7,0.4,2
LA-TEN wk2,Sean McVay,4,12:07,10,47,4,0.4,0
BUF-KC wk9,Sean McDermott,4,06:52,18,47,7,0.4,0
GB-WAS wk2,Matt LaFleur,4,01:56,11,47,9,0.4,2
PIT-MIA wk15,Mike Tomlin,4,02:14,13,47,13,0.4,2
SF-ARI wk3,Kyle Shanahan,3,13:24,10,46,3,0.4,2
CIN-BAL wk13,Zac Taylor,2,00:44,10,46,2,0.4,2
TEN-CLE wk14,Brian Callahan,4,11:16,12,46,4,0.4,0
CHI-CLE wk15,Ben Johnson,4,11:57,23,46,25,0.4,2
NYG-LAC wk4,Brian Daboll,3,11:00,17,45,3,0.3,2
LA-SEA wk11,Sean McVay,3,06:01,13,45,2,0.3,2
PHI-DAL wk1,Nick Sirianni,4,07:27,10,45,4,0.3,0
SEA-PIT wk2,Mike Macdonald,4,00:53,11,45,14,0.3,2
LV-TEN wk6,Pete Carroll,2,07:46,12,44,3,0.3,2
TB-CAR wk18,Todd Bowles,2,04:30,10,44,3,0.3,2
playoffs PHI-SF,Nick Sirianni,3,08:25,14,44,3,0.3,2
HOU-TEN wk11,DeMeco Ryans,4,05:05,12,44,7,0.3,0
BAL-GB wk17,John Harbaugh,3,05:08,11,44,10,0.3,4
IND-LV wk5,Shane Steichen,4,06:52,13,44,34,0.3,2
MIA-NO wk13,Mike McDaniel,3,00:22,12,43,8,0.3,2
GB-DEN wk15,Matt LaFleur,3,05:00,20,43,2,0.3,2
GB-CLE wk3,Matt LaFleur,2,02:10,30,42,3,0.2,2
CAR-ATL wk3,Dave Canales,3,12:32,10,42,10,0.2,4
LAC-PIT wk10,Jim Harbaugh,3,11:52,15,42,9,0.2,4
BUF-CAR wk8,Sean McDermott,4,05:06,12,42,31,0.2,2
SUPER BOWL SEA-NE,Mike Macdonald,4,01:57,22,42,16,0.2,2
SF-CLE wk13,Kyle Shanahan,3,09:14,13,41,2,0.2,2
MIN-DET wk17,Kevin O'Connell,2,11:20,22,41,7,0.2,2
SUPER BOWL SEA-NE,Mike Macdonald,4,10:55,11,41,12,0.2,2
TEN-DEN wk1,Brian Callahan,2,00:39,16,1,3,0.2,1
ATL-MIN wk2,Raheem Morris,3,00:10,14,13,6,0.2,1
MIN-CIN wk3,Kevin O'Connell,1,09:02,19,17,7,0.2,1
LAC-DEN wk3,Jim Harbaugh,1,02:48,18,10,3,0.2,1
JAX-HOU wk3,Liam Coen,2,02:09,31,10,4,0.2,1
PHI-LA wk3,Nick Sirianni,1,02:29,15,15,4,0.2,1
PIT-NE wk3,Mike Tomlin,3,11:35,12,18,7,0.2,1
NYG-LAC wk4,Brian Daboll,1,02:07,13,20,7,0.2,1
NYG-LAC wk4,Brian Daboll,3,05:24,13,1,3,0.2,1
BUF-NO wk4,Sean McDermott,2,03:02,31,7,4,0.2,1
IND-ARI wk6,Shane Steichen,1,08:04,11,15,7,0.2,1
JAX-SEA wk6,Liam Coen,2,08:56,18,4,3,0.2,1
PHI-NYG wk8,Nick Sirianni,2,06:19,14,9,7,0.2,1
MIN-DET wk9,Kevin O'Connell,2,14:08,13,4,7,0.2,1
TB-NE wk10,Todd Bowles,1,00:22,13,20,7,0.2,1
CLE-BAL wk11,Kevin Stefanski,3,10:09,21,14,6,0.2,1
ARI-JAX wk12,Jonathan Gannon,3,11:12,14,16,4,0.2,1
NYJ-ATL wk13,Aaron Glenn,2,03:20,22,7,7,0.2,1
BAL-CIN wk13,John Harbaugh,1,01:45,11,1,4,0.2,1
LAC-LV wk13,Jim Harbaugh,3,09:49,10,14,7,0.2,1
MIA-NO wk13,Mike McDaniel,1,04:18,18,12,7,0.2,1
HOU-KC wk14,DeMeco Ryans,3,04:43,10,12,3,0.2,1
LAC-PHI wk14,Jim Harbaugh,3,00:45,18,17,4,0.2,1
WAS-NYG wk15,Dan Quinn,2,01:54,16,17,6,0.2,1
HOU-LV wk16,DeMeco Ryans,1,01:17,11,15,7,0.2,1
TB-CAR wk16,Todd Bowles,2,04:35,22,9,7,0.2,1
playoffs NE-HOU,Mike Vrabel,1,03:51,29,3,4,0.2,1
ARI-NO wk1,Jonathan Gannon,4,02:00,19,17,7,0.2,2
CIN-CLE wk1,Zac Taylor,4,07:08,28,2,1,0.2,2
CHI-MIN wk1,Ben Johnson,4,10:51,19,16,5,0.2,2
NE-MIA wk2,Mike Vrabel,4,07:39,25,9,3,0.2,2
NYJ-DEN wk6,Aaron Glenn,4,15:00,14,20,1,0.2,2
DEN-NYJ wk6,Sean Payton,4,02:33,15,11,2,0.2,2
NE-NO wk6,Mike Vrabel,4,09:41,27,18,6,0.2,2
CIN-PIT wk7,Zac Taylor,4,02:56,17,15,6,0.2,2
LV-KC wk18,Pete Carroll,4,11:31,11,20,3,0.2,2
playoffs NE-DEN,Mike Vrabel,4,07:01,11,7,3,0.2,2
MIN-CIN wk3,Kevin O'Connell,2,02:59,16,17,14,0.2,0
WAS-LV wk3,Dan Quinn,3,11:04,18,13,10,0.2,0
SEA-ARI wk4,Mike Macdonald,3,04:57,10,13,14,0.2,0
MIA-CAR wk5,Mike McDaniel,2,01:54,15,20,10,0.2,0
ARI-TEN wk5,Jonathan Gannon,2,01:40,18,3,15,0.2,0
CAR-NYJ wk7,Dave Canales,3,03:56,24,11,10,0.2,0
LA-JAX wk7,Sean McVay,2,10:15,10,9,14,0.2,0
CLE-MIA wk7,Kevin Stefanski,2,03:03,19,1,14,0.2,0
DET-TB wk7,Dan Campbell,2,03:06,15,9,14,0.2,0
BAL-MIA wk9,John Harbaugh,2,09:05,19,14,11,0.2,0
PHI-DAL wk12,Nick Sirianni,2,03:00,12,18,21,0.2,0
JAX-TEN wk13,Liam Coen,2,02:42,25,5,12,0.2,0
HOU-KC wk14,DeMeco Ryans,3,14:08,14,13,10,0.2,0
NE-BUF wk15,Mike Vrabel,3,09:29,16,20,10,0.2,0
JAX-NYJ wk15,Liam Coen,2,09:55,18,2,14,0.2,0
BUF-CLE wk16,Sean McDermott,2,00:17,22,2,10,0.2,0
DAL-WAS wk17,Brian Schottenheimer,3,09:53,18,9,14,0.2,0
PHI-BUF wk17,Nick Sirianni,3,06:14,10,16,13,0.2,0
MIA-TB wk17,Mike McDaniel,3,12:07,22,19,10,0.2,0
playoffs GB-CHI,Matt LaFleur,3,14:04,12,18,18,0.2,0
LA-BAL wk6,Sean McVay,4,02:00,18,19,14,0.2,1
SEA-HOU wk7,Mike Macdonald,4,04:44,15,1,15,0.2,1
NE-CLE wk8,Mike Vrabel,4,10:23,12,11,23,0.2,1
BAL-MIN wk10,John Harbaugh,4,05:41,17,7,14,0.2,1
JAX-HOU wk10,Liam Coen,4,10:14,14,9,11,0.2,1
CHI-MIN wk11,Ben Johnson,4,13:28,23,19,13,0.2,1
IND-KC wk12,Shane Steichen,4,14:02,12,4,11,0.2,1
SEA-TEN wk12,Mike Macdonald,4,05:15,14,16,13,0.2,1
BAL-BUF wk1,John Harbaugh,3,06:25,10,33,8,0.2,0
LA-HOU wk1,Sean McVay,3,06:46,11,40,5,0.2,0
LV-NE wk1,Pete Carroll,3,06:33,20,40,4,0.2,0
CHI-MIN wk1,Ben Johnson,3,14:41,10,22,4,0.2,0
ARI-CAR wk2,Jonathan Gannon,2,12:13,16,27,7,0.2,0
PHI-KC wk2,Nick Sirianni,2,08:36,10,24,4,0.2,0
LAC-DEN wk3,Jim Harbaugh,1,07:11,14,39,3,0.2,0
DET-BAL wk3,Dan Campbell,2,01:05,10,25,7,0.2,0
GB-CLE wk3,Matt LaFleur,3,12:40,11,25,3,0.2,0
BUF-MIA wk3,Sean McDermott,3,03:12,10,31,7,0.2,0
TB-NYJ wk3,Todd Bowles,2,04:17,17,23,4,0.2,0
BAL-KC wk4,John Harbaugh,2,06:58,15,21,1,0.2,0
DET-CLE wk4,Dan Campbell,2,09:19,10,39,3,0.2,0
DET-CLE wk4,Dan Campbell,2,06:10,11,38,3,0.2,0
DAL-GB wk4,Brian Schottenheimer,3,12:43,14,39,3,0.2,0
IND-LA wk4,Shane Steichen,2,02:23,14,40,4,0.2,0
LA-IND wk4,Sean McVay,3,06:30,12,25,3,0.2,0
SEA-ARI wk4,Mike Macdonald,2,12:09,15,34,4,0.2,0
DET-CIN wk5,Dan Campbell,2,15:00,13,34,7,0.2,0
LAC-WAS wk5,Jim Harbaugh,2,01:45,14,39,3,0.2,0
ATL-BUF wk6,Raheem Morris,3,06:17,13,34,7,0.2,0
CHI-WAS wk6,Ben Johnson,2,00:25,12,38,6,0.2,0
PIT-CLE wk6,Mike Tomlin,1,04:02,12,37,3,0.2,0
CAR-DAL wk6,Dave Canales,3,05:38,11,32,3,0.2,0
NYJ-DEN wk6,Aaron Glenn,3,02:49,13,33,1,0.2,0
TB-SF wk6,Todd Bowles,1,06:08,17,39,4,0.2,0
DET-TB wk7,Dan Campbell,2,10:18,17,22,7,0.2,0
CLE-NE wk8,Kevin Stefanski,2,02:15,11,40,1,0.2,0
HOU-DEN wk9,DeMeco Ryans,2,00:46,11,33,2,0.2,0
TEN-LAC wk9,Brian Callahan,2,12:11,16,29,4,0.2,0
NYJ-CLE wk10,Aaron Glenn,2,00:55,22,21,3,0.2,0
LV-DEN wk10,Pete Carroll,2,14:39,18,24,7,0.2,0
CAR-NO wk10,Dave Canales,2,13:27,22,35,4,0.2,0
LAC-PIT wk10,Jim Harbaugh,2,03:07,11,29,2,0.2,0
CLE-BAL wk11,Kevin Stefanski,3,01:11,20,25,6,0.2,0
PHI-DET wk11,Nick Sirianni,3,10:37,10,32,7,0.2,0
TEN-HOU wk11,Brian Callahan,2,10:00,11,24,3,0.2,0
DEN-KC wk11,Sean Payton,2,14:21,12,38,3,0.2,0
SF-ARI wk11,Kyle Shanahan,1,03:03,10,35,6,0.2,0
MIA-WAS wk11,Mike McDaniel,2,05:45,17,34,3,0.2,0
ATL-NO wk12,Raheem Morris,1,05:13,18,37,3,0.2,0
HOU-BUF wk12,DeMeco Ryans,3,09:15,16,25,4,0.2,0
CLE-LV wk12,Kevin Stefanski,1,05:28,16,34,7,0.2,0
GB-MIN wk12,Matt LaFleur,1,01:16,19,24,4,0.2,0
PIT-CHI wk12,Mike Tomlin,3,11:23,20,26,4,0.2,0
TB-ARI wk13,Todd Bowles,3,12:57,12,38,7,0.2,0
CHI-PHI wk13,Ben Johnson,2,02:59,20,23,7,0.2,0
CHI-PHI wk13,Ben Johnson,3,12:27,10,34,7,0.2,0
CIN-BUF wk14,Zac Taylor,3,08:20,13,24,3,0.2,0
ARI-LA wk14,Jonathan Gannon,1,05:08,12,29,4,0.2,0
LAC-PHI wk14,Jim Harbaugh,2,12:46,15,32,4,0.2,0
CAR-NO wk15,Dave Canales,2,15:00,13,39,7,0.2,0
LV-HOU wk16,Pete Carroll,3,06:08,17,22,1,0.2,0
NO-NYJ wk16,Kellen Moore,3,10:08,13,24,3,0.2,0
WAS-PHI wk16,Dan Quinn,1,06:15,14,24,3,0.2,0
PIT-DET wk16,Mike Tomlin,2,13:41,10,34,3,0.2,0
TB-CAR wk16,Todd Bowles,2,01:17,12,31,4,0.2,0
CIN-ARI wk17,Zac Taylor,2,10:24,15,30,6,0.2,0
IND-JAX wk17,Shane Steichen,2,03:58,10,40,3,0.2,0
IND-JAX wk17,Shane Steichen,3,10:14,14,27,3,0.2,0
CLE-PIT wk17,Kevin Stefanski,3,06:08,13,32,4,0.2,0
LA-ARI wk18,Sean McVay,3,10:18,10,32,3,0.2,0
BAL-PIT wk18,John Harbaugh,1,05:11,19,32,7,0.2,0
BAL-PIT wk18,John Harbaugh,2,06:22,14,31,7,0.2,0
CLE-CIN wk18,Kevin Stefanski,2,07:19,18,26,8,0.2,0
NE-MIA wk18,Mike Vrabel,2,09:54,10,35,7,0.2,0
playoffs BUF-JAX,Sean McDermott,3,04:05,20,21,3,0.2,0
playoffs HOU-PIT,DeMeco Ryans,3,03:54,10,30,1,0.2,0
playoffs LA-CAR,Sean McVay,3,14:45,10,35,3,0.2,0
playoffs SEA-LA,Mike Macdonald,2,09:27,24,37,4,0.2,0
playoffs SEA-LA,Mike Macdonald,3,12:17,20,27,4,0.2,0
SUPER BOWL SEA-NE,Mike Macdonald,1,00:32,15,23,3,0.2,0
TB-HOU wk2,Todd Bowles,4,03:18,16,29,1,0.2,2
PHI-TB wk4,Nick Sirianni,4,12:00,10,23,8,0.2,2
PHI-DEN wk5,Nick Sirianni,4,11:22,16,22,7,0.2,2
CLE-MIN wk5,Kevin Stefanski,4,03:16,11,40,3,0.2,2
SEA-JAX wk6,Mike Macdonald,4,11:00,11,34,8,0.2,2
CAR-NYJ wk7,Dave Canales,4,04:51,11,34,7,0.2,2
CIN-NYJ wk8,Zac Taylor,4,07:04,16,22,6,0.2,2
CAR-GB wk9,Dave Canales,4,07:35,10,26,7,0.2,2
MIN-DET wk9,Kevin O'Connell,4,13:16,12,24,7,0.2,2
ATL-IND wk10,Raheem Morris,4,14:42,10,28,4,0.2,2
NYG-CHI wk10,Brian Daboll,4,03:01,18,27,3,0.2,2
ATL-CAR wk11,Raheem Morris,4,08:01,10,39,2,0.2,2
PIT-BAL wk14,Mike Tomlin,4,05:53,15,36,5,0.2,2
TEN-CLE wk14,Brian Callahan,4,02:53,10,35,8,0.2,2
TB-ATL wk15,Todd Bowles,4,02:00,14,35,2,0.2,2
BUF-CLE wk16,Sean McDermott,4,07:13,22,23,3,0.2,2
DEN-KC wk17,Sean Payton,4,11:14,11,31,3,0.2,2
NO-TEN wk17,Kellen Moore,4,01:47,13,35,8,0.2,2
PHI-BUF wk17,Nick Sirianni,4,03:29,12,28,7,0.2,2
PIT-BAL wk18,Mike Tomlin,4,11:02,11,38,3,0.2,2
LV-KC wk18,Pete Carroll,4,02:36,15,21,2,0.2,2
ATL-NO wk18,Raheem Morris,4,06:38,23,28,6,0.2,2
playoffs NE-DEN,Mike Vrabel,4,11:37,11,30,3,0.2,2
ARI-NO wk1,Jonathan Gannon,3,01:01,11,39,10,0.2,0
WAS-NYG wk1,Dan Quinn,3,09:28,11,40,11,0.2,0
SF-NO wk2,Kyle Shanahan,2,06:58,13,30,9,0.2,0
GB-WAS wk2,Matt LaFleur,2,02:14,11,26,11,0.2,0
CAR-ATL wk3,Dave Canales,2,01:10,16,25,10,0.2,0
JAX-SF wk4,Liam Coen,2,02:37,11,28,11,0.2,0
PHI-TB wk4,Nick Sirianni,3,12:48,19,23,18,0.2,0
PHI-TB wk4,Nick Sirianni,3,08:21,17,33,11,0.2,0
PHI-DEN wk5,Nick Sirianni,3,02:48,26,28,14,0.2,0
ARI-TEN wk5,Jonathan Gannon,2,05:05,25,22,15,0.2,0
SEA-JAX wk6,Mike Macdonald,3,05:14,12,25,14,0.2,0
SEA-HOU wk7,Mike Macdonald,2,10:44,11,31,14,0.2,0
IND-LAC wk7,Shane Steichen,2,05:50,13,34,17,0.2,0
LA-JAX wk7,Sean McVay,3,04:53,11,26,21,0.2,0
NE-TEN wk7,Mike Vrabel,3,03:12,19,26,18,0.2,0
DAL-WAS wk7,Brian Schottenheimer,2,02:05,11,38,12,0.2,0
IND-TEN wk8,Shane Steichen,2,05:25,19,28,10,0.2,0
JAX-HOU wk10,Liam Coen,2,13:44,13,38,10,0.2,0
CLE-LV wk12,Kevin Stefanski,2,07:40,11,40,11,0.2,0
JAX-TEN wk13,Liam Coen,2,11:04,10,29,12,0.2,0
GB-CHI wk14,Matt LaFleur,3,14:03,21,24,11,0.2,0
JAX-IND wk14,Liam Coen,3,09:02,10,22,15,0.2,0
MIA-NYJ wk14,Mike McDaniel,2,10:00,14,37,14,0.2,0
MIN-WAS wk14,Kevin O'Connell,2,01:51,20,24,14,0.2,0
PHI-BUF wk17,Nick Sirianni,3,11:10,12,35,13,0.2,0
LA-ARI wk18,Sean McVay,3,13:53,16,27,10,0.2,0
DET-CHI wk18,Dan Campbell,3,10:41,19,25,13,0.2,0
DEN-LAC wk18,Sean Payton,2,03:03,14,27,10,0.2,0
BUF-NYJ wk2,Sean McDermott,4,12:10,11,38,27,0.2,1
GB-CLE wk3,Matt LaFleur,4,15:00,12,33,10,0.2,1
GB-CLE wk3,Matt LaFleur,4,09:34,11,37,10,0.2,1
WAS-LV wk3,Dan Quinn,4,04:31,21,38,18,0.2,1
PHI-TB wk4,Nick Sirianni,4,15:00,22,30,11,0.2,1
KC-LV wk7,Andy Reid,4,00:38,13,40,31,0.2,1
CHI-NO wk7,Ben Johnson,4,13:30,14,32,9,0.2,1
ARI-DAL wk9,Jonathan Gannon,4,12:59,11,21,17,0.2,1
ARI-DAL wk9,Jonathan Gannon,4,07:20,24,29,10,0.2,1
BAL-MIA wk9,John Harbaugh,4,08:09,11,28,22,0.2,1
PIT-IND wk9,Mike Tomlin,4,01:13,20,29,10,0.2,1
LAC-TEN wk9,Jim Harbaugh,4,08:42,27,23,10,0.2,1
NE-NYJ wk11,Mike Vrabel,4,07:43,15,37,10,0.2,1
CLE-LV wk12,Kevin Stefanski,4,04:13,10,28,14,0.2,1
JAX-TEN wk13,Liam Coen,4,14:22,35,22,22,0.2,1
JAX-TEN wk13,Liam Coen,4,11:40,15,29,22,0.2,1
JAX-DEN wk16,Liam Coen,4,09:43,10,33,14,0.2,1
MIA-TB wk17,Mike McDaniel,4,05:28,11,25,10,0.2,1
NYG-DAL wk18,Brian Daboll,4,00:27,16,26,17,0.2,1
playoffs GB-CHI,Matt LaFleur,4,12:52,20,30,12,0.2,1
playoffs NE-HOU,Mike Vrabel,4,01:54,10,39,12,0.2,1
