"season","team","games","wins","point_diff_pg","head_coach","g_coached","roster_value","roster_value_recent4","n_players","qb_name","qb_id","qb_dropbacks","qb_draft_pick","qb_value","qb_prior_epa_per_db"
2003,"ARI",16,4,-14.1875,"Dave McGinnis",16,12873,8120,61,"Jeff Blake","00-0001335",387,"166",25,-0.0286315472747402
2003,"ATL",16,5,-7.6875,"Dan Reeves",13,14454,6593,66,"Doug Johnson","00-0019087",262,NA,0,0.165844855764762
2003,"BAL",16,10,6.875,"Brian Billick",16,16436,8319,59,"Kyle Boller","00-0022164",241,"19",875,NA
2003,"BUF",16,6,-2.25,"Gregg Williams",16,15338,6266,58,"Drew Bledsoe","00-0001361",520,"1",3000,0.086990008051574
2003,"CAR",16,11,1.3125,"John Fox",16,15077,8700,57,"Jake Delhomme","00-0004161",472,NA,0,0.642401348846323
2003,"CHI",16,7,-3.9375,"Dick Jauron",16,11359,8073,63,"Kordell Stewart","00-0015700",276,"60",300,0.0996014141156437
2003,"CIN",16,8,-2.375,"Marvin Lewis",16,21140,11162,61,"Jon Kitna","00-0009311",558,NA,0,-0.0354176020141371
2003,"CLE",16,5,-4.25,"Butch Davis",16,16880,10700,70,"Kelly Holcomb","00-0007576",323,NA,0,0.113926866677466
2003,"DAL",16,10,1.8125,"Bill Parcells",16,13992,5697,64,"Quincy Carter","00-0020404",543,"53",370,-0.0451016897999543
2003,"DEN",16,10,5,"Mike Shanahan",16,13119,6577,63,"Jake Plummer","00-0013042",316,"42",480,-0.0987678881610675
2003,"DET",16,5,-6.8125,"Steve Mariucci",16,18880,10022,68,"Joey Harrington","00-0021141",565,"3",2200,-0.198580185553236
2003,"GB",16,10,8.4375,"Mike Sherman",16,11850,6178,64,"Brett Favre","00-0005106",491,"33",580,0.0731152351331192
2003,"HOU",16,5,-7.8125,"Dom Capers",16,12525,8178,68,"David Carr","00-0020608",310,"1",3000,-0.254729366346695
2003,"IND",16,12,6.9375,"Tony Dungy",16,15235,6118,61,"Peyton Manning","00-0010346",585,"1",3000,0.118930312253912
2003,"JAX",16,5,-3.4375,"Jack Del Rio",16,19005,7123,71,"Byron Leftwich","00-0022177",437,"7",1500,NA
2003,"KC",16,13,9.5,"Dick Vermeil",16,14667,4815,59,"Trent Green","00-0006355",543,"222",3,0.184906296812495
2003,"LA",16,12,7.4375,"Mike Martz",16,20857,7360,64,"Marc Bulger","00-0019599",569,"168",24,0.267390289838483
2003,"LAC",16,4,-8,"Marty Schottenheimer",16,12050,6991,64,"Drew Brees","00-0020531",377,"32",590,0.00962650609619776
2003,"LV",16,4,-6.8125,"Bill Callahan",16,27039,7055,68,"Rick Mirer","00-0011378",243,"2",2600,NA
2003,"MIA",16,10,3.125,"Dave Wannstedt",16,10850,2540,63,"Jay Fiedler","00-0005180",334,NA,0,0.125932875910332
2003,"MIN",16,9,3.9375,"Mike Tice",16,13938,6729,65,"Daunte Culpepper","00-0003739",492,"11",1250,0.048018281760471
2003,"NE",16,14,6.875,"Bill Belichick",16,17023,6031,65,"Tom Brady","00-0019596",560,"199",12,0.0209676229166966
2003,"NO",16,8,0.875,"Jim Haslett",16,17803,6913,64,"Aaron Brooks","00-0001823",554,"131",41,0.0166201573118795
2003,"NYG",16,4,-9,"Jim Fassel",16,14959,6364,64,"Kerry Collins","00-0003292",528,"5",1700,0.197598429963718
2003,"NYJ",16,6,-1,"Herm Edwards",16,20426,9886,67,"Chad Pennington","00-0019559",322,"18",900,0.280927903620454
2003,"PHI",16,12,5.4375,"Andy Reid",16,15772,6680,61,"Donovan McNabb","00-0011022",522,"2",2600,0.012505904975176
2003,"PIT",16,6,-1.6875,"Bill Cowher",16,16079,6956,58,"Tommy Maddox","00-0010261",560,"25",720,0.0726116595536507
2003,"SEA",16,10,4.8125,"Mike Holmgren",16,18601,7966,58,"Matt Hasselbeck","00-0007091",555,"187",17,0.132382882856483
2003,"SF",16,7,2.9375,"Dennis Erickson",16,12988,7419,63,"Jeff Garcia","00-0005755",414,NA,0,0.147873137271032
2003,"TB",16,7,2.3125,"Jon Gruden",16,19806,4299,69,"Brad Johnson","00-0008442",590,"227",0,0.110268788999691
2003,"TEN",16,12,6.9375,"Jeff Fisher",16,14089,5028,58,"Steve McNair","00-0011024",420,"3",2200,0.137548060548587
2003,"WAS",16,5,-5.3125,"Steve Spurrier",16,20904,9353,67,"Patrick Ramsey","00-0021379",368,"32",590,0.00460645795179099
2004,"ARI",16,6,-2.375,"Dennis Green",16,17488,11396,61,"Josh McCown","00-0021206",439,"81",185,-0.089715441392631
2004,"ATL",16,11,0.1875,"Jim Mora",16,13640,7804,65,"Mike Vick","00-0020245",366,"1",3000,-0.122213775403467
2004,"BAL",16,9,3.0625,"Brian Billick",16,15972,5524,61,"Kyle Boller","00-0022164",499,"19",875,-0.157176026944912
2004,"BUF",16,9,6.9375,"Mike Mularkey",16,16968,8359,59,"Drew Bledsoe","00-0001361",487,"1",3000,-0.12681559376721
2004,"CAR",16,7,1,"John Fox",16,13961,8889,68,"Jake Delhomme","00-0004161",566,NA,0,0.0362248525506032
2004,"CHI",16,5,-6.25,"Lovie Smith",16,19054,8098,67,"Chad Hutchinson","00-0020562",184,NA,0,-0.75631414540112
2004,"CIN",16,8,0.125,"Marvin Lewis",16,22080,10296,64,"Carson Palmer","00-0021429",457,"1",3000,NA
2004,"CLE",16,4,-7.125,"Butch Davis",11,16618,8902,68,"Jeff Garcia","00-0005755",277,NA,0,0.0496615559173377
2004,"DAL",16,6,-7,"Bill Parcells",16,19683,6825,68,"Vinny Testaverde","00-0016193",530,"1",3000,0.00900699013753198
2004,"DEN",16,10,4.8125,"Mike Shanahan",16,15858,5469,62,"Jake Plummer","00-0013042",539,"42",480,0.143997132208412
2004,"DET",16,6,-3.375,"Steve Mariucci",16,23300,11487,63,"Joey Harrington","00-0021141",524,"3",2200,-0.159822921876276
2004,"GB",16,10,2.75,"Mike Sherman",16,9436,4262,66,"Brett Favre","00-0005106",553,"33",580,0.119589945760665
2004,"HOU",16,7,-1.875,"Dom Capers",16,15334,9735,59,"David Carr","00-0020608",517,"1",3000,-0.0867953745442795
2004,"IND",16,12,10.6875,"Tony Dungy",16,13876,5953,67,"Peyton Manning","00-0010346",510,"1",3000,0.23473374968068
2004,"JAX",16,9,-1.1875,"Jack Del Rio",16,19996,9107,64,"Byron Leftwich","00-0022177",466,"7",1500,-0.0344750532825661
2004,"KC",16,7,3,"Dick Vermeil",16,13152,4629,59,"Trent Green","00-0006355",588,"222",3,0.178850715023493
2004,"LA",16,8,-4.5625,"Mike Martz",16,18157,7297,66,"Marc Bulger","00-0019599",526,"168",24,0.0614013080950199
2004,"LAC",16,12,8.3125,"Marty Schottenheimer",16,13775,11116,66,"Drew Brees","00-0020531",417,"32",590,-0.155790939488542
2004,"LV",16,5,-7.625,"Norv Turner",16,19524,8458,61,"Kerry Collins","00-0003292",537,"5",1700,-0.0425943271422039
2004,"MIA",16,4,-4.9375,"Dave Wannstedt",9,8899,3306,72,"A.J. Feeley","00-0020305",379,"155",29,NA
2004,"MIN",16,8,0.625,"Mike Tice",16,15282,7050,65,"Daunte Culpepper","00-0003739",594,"11",1250,0.125481488877386
2004,"NE",16,14,11.0625,"Bill Belichick",16,14991,7393,66,"Tom Brady","00-0019596",500,"199",12,0.0630073124996817
2004,"NO",16,8,-3.5625,"Jim Haslett",16,16964,7509,61,"Aaron Brooks","00-0001823",584,"131",41,0.0325684619450674
2004,"NYG",16,6,-2.75,"Tom Coughlin",16,16361,7680,65,"Kurt Warner","00-0017200",316,NA,0,-0.354884803387938
2004,"NYJ",16,10,4.5,"Herm Edwards",16,16178,7430,59,"Chad Pennington","00-0019559",388,"18",900,0.064583260367041
2004,"PHI",16,13,7.875,"Andy Reid",16,15693,5286,59,"Donovan McNabb","00-0011022",501,"2",2600,0.000101963923098036
2004,"PIT",16,15,7.5625,"Bill Cowher",16,14969,5288,59,"Ben Roethlisberger","00-0022924",325,"11",1250,NA
2004,"SEA",16,9,-0.125,"Mike Holmgren",16,19178,8264,64,"Matt Hasselbeck","00-0007091",503,"187",17,0.138519283390543
2004,"SF",16,2,-12.0625,"Dennis Erickson",16,13275,6259,72,"Tim Rattay","00-0019623",362,"212",7,0.160594533625669
2004,"TB",16,5,-0.1875,"Jon Gruden",16,18190,3297,71,"Brian Griese","00-0006423",362,"91",136,-0.29453815286072
2004,"TEN",16,5,-5.9375,"Jeff Fisher",16,14284,5994,62,"Billy Volek","00-0019041",387,NA,0,0.0843201088340802
2004,"WAS",16,6,-1.5625,"Joe Gibbs",16,18170,5707,72,"Patrick Ramsey","00-0021379",294,"32",590,-0.0658385762655418
2005,"ARI",16,5,-4.75,"Dennis Green",16,13486,8885,76,"Kurt Warner","00-0017200",398,NA,0,0.0206078612999651
2005,"ATL",16,8,0.625,"Jim Mora",16,14425,4860,68,"Mike Vick","00-0020245",421,"1",3000,-0.194035228423861
2005,"BAL",16,6,-2.125,"Brian Billick",16,17896,5556,66,"Kyle Boller","00-0022164",316,"19",875,-0.155479155669145
2005,"BUF",16,5,-6,"Mike Mularkey",16,14006,6916,58,"J.P. Losman","00-0022912",254,"22",780,-0.366166011241148
2005,"CAR",16,11,8.25,"John Fox",16,14451,7980,60,"Jake Delhomme","00-0004161",462,NA,0,0.123897230563247
2005,"CHI",16,11,3.625,"Lovie Smith",16,15872,8259,63,"Kyle Orton","00-0023541",398,"106",82,NA
2005,"CIN",16,11,4.4375,"Marvin Lewis",16,18175,9255,59,"Carson Palmer","00-0021429",529,"1",3000,-0.0653482319857643
2005,"CLE",16,6,-4.3125,"Romeo Crennel",16,12591,6558,62,"Trent Dilfer","00-0004293",356,"6",1600,-0.207334540448207
2005,"DAL",16,9,1.0625,"Bill Parcells",16,22275,8607,67,"Drew Bledsoe","00-0001361",548,"1",3000,-0.0334470381984541
2005,"DEN",16,13,8.5625,"Mike Shanahan",16,20317,4653,58,"Jake Plummer","00-0013042",479,"42",480,0.121442905067032
2005,"DET",16,5,-5.6875,"Steve Mariucci",11,22808,11972,66,"Joey Harrington","00-0021141",354,"3",2200,-0.112840118821645
2005,"GB",16,4,-2.875,"Mike Sherman",16,11167,5415,72,"Brett Favre","00-0005106",632,"33",580,0.253740289928399
2005,"HOU",16,2,-10.6875,"Dom Capers",16,15962,11971,62,"David Carr","00-0020608",491,"1",3000,0.0559492265672243
2005,"IND",16,14,12,"Tony Dungy",16,15629,5655,62,"Peyton Manning","00-0010346",470,"1",3000,0.434306769430105
2005,"JAX",16,12,5.75,"Jack Del Rio",16,17462,8246,61,"Byron Leftwich","00-0022177",325,"7",1500,0.0515175034733398
2005,"KC",16,10,4.875,"Dick Vermeil",16,13921,5161,60,"Trent Green","00-0006355",539,"222",3,0.255016013102825
2005,"LA",16,6,-4.125,"Joe Vitt",11,19233,4974,70,"Marc Bulger","00-0019599",313,"168",24,0.147112233935677
2005,"LAC",16,9,6.625,"Marty Schottenheimer",16,15540,9725,63,"Drew Brees","00-0020531",527,"32",590,0.313537927342528
2005,"LV",16,4,-5.8125,"Norv Turner",16,17617,6982,59,"Kerry Collins","00-0003292",603,"5",1700,-0.00561489336826382
2005,"MIA",16,9,0.0625,"Nick Saban",16,16856,5167,66,"Gus Frerotte","00-0005589",520,"197",13,-2.74326041029417
2005,"MIN",16,9,-2.375,"Mike Tice",16,18841,10347,64,"Brad Johnson","00-0008442",316,"227",0,-0.118770562499536
2005,"NE",16,10,2.5625,"Bill Belichick",16,17383,6523,67,"Tom Brady","00-0019596",556,"199",12,0.240928788275749
2005,"NO",16,3,-10.1875,"Jim Haslett",16,14805,8019,65,"Aaron Brooks","00-0001823",464,"131",41,0.0341760703494559
2005,"NYG",16,11,6.75,"Tom Coughlin",16,18545,7661,62,"Eli Manning","00-0022803",585,"1",3000,-0.166191760465933
2005,"NYJ",16,4,-7.1875,"Herm Edwards",16,16420,6440,64,"Brooks Bollinger","00-0022026",299,"200",11,-0.266983046894893
2005,"PHI",16,6,-4.875,"Andy Reid",16,11860,5555,71,"Donovan McNabb","00-0011022",376,"2",2600,0.239128968267995
2005,"PIT",16,11,8.1875,"Bill Cowher",16,14290,5221,58,"Ben Roethlisberger","00-0022924",291,"11",1250,0.180716767266646
2005,"SEA",16,13,11.3125,"Mike Holmgren",16,15084,6172,60,"Matt Hasselbeck","00-0007091",473,"187",17,0.120753593504597
2005,"SF",16,4,-11.8125,"Mike Nolan",16,16893,7990,71,"Alex Smith","00-0023436",194,"1",3000,NA
2005,"TB",16,11,1.625,"Jon Gruden",16,17696,4673,60,"Chris Simms","00-0022005",341,"97",112,-0.263431742041927
2005,"TEN",16,4,-7.625,"Jeff Fisher",16,13335,7958,62,"Steve McNair","00-0011024",496,"3",2200,0.0161960273298702
2005,"WAS",16,10,4.125,"Joe Gibbs",16,18976,5999,64,"Mark Brunell","00-0002110",481,"118",58,-0.232478538146658
2006,"ARI",16,5,-4.6875,"Dennis Green",16,16340,10342,62,"Matt Leinart","00-0024225",396,"10",1300,NA
2006,"ATL",16,7,-2.25,"Jim Mora",16,16230,4599,65,"Mike Vick","00-0020245",434,"1",3000,-0.0335616105354635
2006,"BAL",16,13,9.5,"Brian Billick",16,17348,6675,61,"Steve McNair","00-0011024",482,"3",2200,-0.0208604787178351
2006,"BUF",16,7,-0.6875,"Dick Jauron",16,14081,6804,60,"J.P. Losman","00-0022912",477,"22",780,-0.184447458286148
2006,"CAR",16,8,-2.1875,"John Fox",16,18309,6137,66,"Jake Delhomme","00-0004161",453,NA,0,0.107437437946941
2006,"CHI",16,13,10.75,"Lovie Smith",16,14698,7470,62,"Rex Grossman","00-0022121",501,"22",780,0.216331186438661
2006,"CIN",16,8,2.625,"Marvin Lewis",16,18904,8524,61,"Carson Palmer","00-0021429",556,"1",3000,0.2296938057534
2006,"CLE",16,4,-7.375,"Romeo Crennel",16,13513,7888,68,"Charlie Frye","00-0023502",435,"67",255,-0.191085263115621
2006,"DAL",16,9,4.6875,"Bill Parcells",16,18811,7258,66,"Tony Romo","00-0021678",358,NA,0,NA
2006,"DEN",16,9,0.875,"Mike Shanahan",16,18742,4929,60,"Jake Plummer","00-0013042",335,"42",480,0.145262079404139
2006,"DET",16,3,-5.8125,"Rod Marinelli",16,16454,8239,71,"Jon Kitna","00-0009311",659,NA,0,-0.412833432609747
2006,"GB",16,8,-4.0625,"Mike McCarthy",16,13146,6040,65,"Brett Favre","00-0005106",634,"33",580,0.000909863871404052
2006,"HOU",16,6,-6.1875,"Gary Kubiak",16,21566,10807,76,"David Carr","00-0020608",482,"1",3000,-0.138092625531929
2006,"IND",16,12,4.1875,"Tony Dungy",16,15464,4508,62,"Peyton Manning","00-0010346",571,"1",3000,0.381893414874102
2006,"JAX",16,8,6.0625,"Jack Del Rio",16,18528,8087,64,"David Garrard","00-0021231",261,"108",78,0.0901788844032389
2006,"KC",16,9,1,"Herm Edwards",16,14651,4351,63,"Damon Huard","00-0007835",260,NA,0,NA
2006,"LA",16,8,-0.875,"Scott Linehan",16,15907,6931,63,"Marc Bulger","00-0019599",637,"168",24,0.164717931018777
2006,"LAC",16,14,11.8125,"Marty Schottenheimer",16,13374,7545,60,"Philip Rivers","00-0022942",488,"4",1800,-0.349369508980308
2006,"LV",16,2,-10.25,"Art Shell",16,17890,8896,60,"Andrew Walter","00-0023504",322,"69",245,NA
2006,"MIA",16,6,-1.4375,"Nick Saban",16,19398,5877,68,"Joey Harrington","00-0021141",402,"3",2200,-0.107788611973335
2006,"MIN",16,6,-2.8125,"Brad Childress",16,15380,8332,63,"Brad Johnson","00-0008442",467,"227",0,0.00625864496229256
2006,"NE",16,12,9.25,"Bill Belichick",16,19952,7800,68,"Tom Brady","00-0019596",543,"199",12,0.199785197002379
2006,"NO",16,10,5.6875,"Sean Payton",16,12847,9386,67,"Drew Brees","00-0020531",573,"32",590,0.121464430114532
2006,"NYG",16,8,-0.4375,"Tom Coughlin",16,20102,7333,65,"Eli Manning","00-0022803",547,"1",3000,0.0724778471245622
2006,"NYJ",16,10,1.3125,"Eric Mangini",16,14736,8515,64,"Chad Pennington","00-0019559",514,"18",900,-0.0875010147520295
2006,"PHI",16,10,4.375,"Andy Reid",16,15736,6223,60,"Donovan McNabb","00-0011022",337,"2",2600,0.0443605235361436
2006,"PIT",16,8,2.375,"Bill Cowher",16,12849,5508,65,"Ben Roethlisberger","00-0022924",516,"11",1250,0.248910525679906
2006,"SEA",16,9,-0.375,"Mike Holmgren",16,14521,6731,68,"Matt Hasselbeck","00-0007091",405,"187",17,0.210379438185423
2006,"SF",16,7,-7.125,"Mike Nolan",16,16810,9929,61,"Alex Smith","00-0023436",480,"1",3000,-0.440744213192352
2006,"TB",16,4,-8.875,"Jon Gruden",16,18581,5784,65,"Bruce Gradkowski","00-0024408",353,"194",14,NA
2006,"TEN",16,8,-4.75,"Jeff Fisher",16,14584,8558,65,"Vince Young","00-0024218",382,"3",2200,NA
2006,"WAS",16,5,-4.3125,"Joe Gibbs",16,21218,4985,64,"Mark Brunell","00-0002110",273,"118",58,0.068351901256319
2007,"ARI",16,8,0.3125,"Ken Whisenhunt",16,16528,10410,64,"Kurt Warner","00-0017200",472,NA,0,0.0569940878592008
2007,"ATL",16,4,-9.6875,"Bobby Petrino",12,17739,7021,69,"Joey Harrington","00-0021141",380,"3",2200,-0.102598231789439
2007,"BAL",16,5,-6.8125,"Brian Billick",16,16856,4752,66,"Kyle Boller","00-0022164",299,"19",875,0.2386912592207
2007,"BUF",16,7,-6.375,"Dick Jauron",16,12726,7644,73,"Trent Edwards","00-0025479",281,"92",132,NA
2007,"CAR",16,7,-5,"John Fox",16,22818,5489,65,"Vinny Testaverde","00-0016193",181,"1",3000,2.07666351250373
2007,"CHI",16,7,-0.875,"Lovie Smith",16,15812,5804,64,"Brian Griese","00-0006423",277,"91",136,-0.0654593241306254
2007,"CIN",16,7,-0.3125,"Marvin Lewis",16,15031,4517,66,"Carson Palmer","00-0021429",592,"1",3000,0.111851371062638
2007,"CLE",16,10,1.25,"Romeo Crennel",16,18582,11107,65,"Derek Anderson","00-0023645",542,"213",6,-0.191814390276058
2007,"DAL",16,13,8.125,"Wade Phillips",16,17921,6221,57,"Tony Romo","00-0021678",545,NA,0,0.232530204920863
2007,"DEN",16,7,-5.5625,"Mike Shanahan",16,16824,4840,72,"Jay Cutler","00-0024226",494,"11",1250,-0.0470601561945917
2007,"DET",16,7,-6.125,"Rod Marinelli",16,18551,9550,65,"Jon Kitna","00-0009311",611,NA,0,-0.0530174751029654
2007,"GB",16,13,9,"Mike McCarthy",16,12872,6145,61,"Brett Favre","00-0005106",550,"33",580,-0.00407467366983821
2007,"HOU",16,8,-0.3125,"Gary Kubiak",16,16049,8764,68,"Matt Schaub","00-0022787",305,"90",140,-0.165563817468673
2007,"IND",16,13,11.75,"Tony Dungy",16,14087,4533,61,"Peyton Manning","00-0010346",536,"1",3000,0.319892526102603
2007,"JAX",16,11,6.6875,"Jack Del Rio",16,16620,6617,67,"David Garrard","00-0021231",345,"108",78,-0.069508100771595
2007,"KC",16,4,-6.8125,"Herm Edwards",16,14256,4811,67,"Damon Huard","00-0007835",369,NA,0,0.128967432165584
2007,"LA",16,3,-10.9375,"Scott Linehan",16,16818,6643,73,"Marc Bulger","00-0019599",415,"168",24,0.0867927327330081
2007,"LAC",16,11,8,"Norv Turner",16,13724,8124,56,"Philip Rivers","00-0022942",482,"4",1800,0.17745983504803
2007,"LV",16,4,-7.1875,"Lane Kiffin",16,25168,12737,64,"Daunte Culpepper","00-0003739",206,"11",1250,-0.12526218230108
2007,"MIA",16,1,-10.625,"Cam Cameron",16,15814,8311,72,"Cleo Lemon","00-0020565",332,NA,0,-0.0333050645762881
2007,"MIN",16,8,3.375,"Brad Childress",16,16493,8793,58,"Tarvaris Jackson","00-0024279",313,"64",270,-0.327020900952529
2007,"NE",16,16,19.6875,"Bill Belichick",16,16019,4706,65,"Tom Brady","00-0019596",599,"199",12,0.128473315166052
2007,"NO",16,7,-0.5625,"Sean Payton",16,14399,7817,63,"Drew Brees","00-0020531",670,"32",590,0.220499945324694
2007,"NYG",16,10,1.375,"Tom Coughlin",16,14989,7405,62,"Eli Manning","00-0022803",555,"1",3000,-0.0138075320054078
2007,"NYJ",16,4,-5.4375,"Eric Mangini",16,15889,7185,65,"Chad Pennington","00-0019559",286,"18",900,0.0481416302445832
2007,"PHI",16,8,2.25,"Andy Reid",16,15430,5941,58,"Donovan McNabb","00-0011022",517,"2",2600,0.108916254415716
2007,"PIT",16,10,7.75,"Mike Tomlin",16,12415,6117,62,"Ben Roethlisberger","00-0022924",452,"11",1250,0.018103772239394
2007,"SEA",16,10,6.375,"Mike Holmgren",16,12080,4202,62,"Matt Hasselbeck","00-0007091",595,"187",17,-0.0213206866236
2007,"SF",16,5,-9.0625,"Mike Nolan",16,19586,10089,62,"Trent Dilfer","00-0004293",246,"6",1600,NA
2007,"TB",16,9,4,"Jon Gruden",16,23724,8461,69,"Jeff Garcia","00-0005755",346,NA,0,0.0861373887826637
2007,"TEN",16,10,0.25,"Jeff Fisher",16,16081,8824,67,"Vince Young","00-0024218",407,"3",2200,-0.123313368823666
2007,"WAS",16,9,1.5,"Joe Gibbs",16,19288,6190,65,"Jason Campbell","00-0023460",437,"25",720,-0.0142716314551695
2008,"ARI",16,9,0.0625,"Ken Whisenhunt",16,15934,8246,58,"Kurt Warner","00-0017200",625,NA,0,0.0998053940220039
2008,"ATL",16,11,4.125,"Mike Smith",16,14446,8272,60,"Matt Ryan","00-0026143",451,"3",2200,NA
2008,"BAL",16,11,8.8125,"John Harbaugh",16,14839,6611,65,"Joe Flacco","00-0026158",461,"18",900,NA
2008,"BUF",16,7,-0.375,"Dick Jauron",16,14126,7159,62,"Trent Edwards","00-0025479",397,"92",132,-0.149193290268082
2008,"CAR",16,12,5.3125,"John Fox",16,15487,6770,57,"Jake Delhomme","00-0004161",434,NA,0,0.250973672381556
2008,"CHI",16,9,1.5625,"Lovie Smith",16,12835,4693,64,"Kyle Orton","00-0023541",493,"106",82,-0.131439508000266
2008,"CIN",16,4.5,-10,"Marvin Lewis",16,16063,7239,74,"Ryan Fitzpatrick","00-0023682",410,"250",0,NA
2008,"CLE",16,4,-7.375,"Romeo Crennel",16,16453,8370,63,"Derek Anderson","00-0023645",298,"213",6,0.0802754778465024
2008,"DAL",16,9,-0.1875,"Wade Phillips",16,20165,8167,63,"Tony Romo","00-0021678",471,NA,0,0.255122243371653
2008,"DEN",16,8,-4.875,"Mike Shanahan",16,16379,6010,72,"Jay Cutler","00-0024226",627,"11",1250,0.111994768334436
2008,"DET",16,0,-15.5625,"Rod Marinelli",16,18372,8325,71,"Dan Orlovsky","00-0023578",269,"145",34,NA
2008,"GB",16,6,2.4375,"Mike McCarthy",16,10967,7263,63,"Aaron Rodgers","00-0023459",570,"24",740,0.231169286818664
2008,"HOU",16,8,-1.75,"Gary Kubiak",16,15365,8273,64,"Matt Schaub","00-0022787",403,"90",140,0.0277589938555524
2008,"IND",16,12,4.9375,"Tony Dungy",16,11958,4448,67,"Peyton Manning","00-0010346",569,"1",3000,0.288222900566617
2008,"JAX",16,5,-4.0625,"Jack Del Rio",16,20161,8014,74,"David Garrard","00-0021231",577,"108",78,0.228145896467717
2008,"KC",16,2,-9.3125,"Herm Edwards",16,14368,8603,76,"Tyler Thigpen","00-0025604",446,"217",5,-0.728370631279956
2008,"LA",16,2,-14.5625,"Jim Haslett",12,18061,8670,66,"Marc Bulger","00-0019599",479,"168",24,-0.117797481316013
2008,"LAC",16,8,5.75,"Norv Turner",16,16005,5979,60,"Philip Rivers","00-0022942",503,"4",1800,0.0635697668815754
2008,"LV",16,5,-7.8125,"Tom Cable",12,24519,9929,69,"JaMarcus Russell","00-0025388",397,"1",3000,-0.254271715479211
2008,"MIA",16,11,1.75,"Tony Sparano",16,19973,12148,69,"Chad Pennington","00-0019559",499,"18",900,-0.00495258567002471
2008,"MIN",16,10,2.875,"Brad Childress",16,15267,5491,59,"Gus Frerotte","00-0005589",330,"197",13,-0.268464588828466
2008,"NE",16,11,6.3125,"Bill Belichick",16,15818,4685,66,"Matt Cassel","00-0023662",562,"230",0,-0.622604017694747
2008,"NO",16,8,4.375,"Sean Payton",16,19243,8351,78,"Drew Brees","00-0020531",648,"32",590,0.0777369602731195
2008,"NYG",16,12,8.3125,"Tom Coughlin",16,17314,4837,60,"Eli Manning","00-0022803",506,"1",3000,-0.0919616021987269
2008,"NYJ",16,9,3.0625,"Eric Mangini",16,18820,8049,62,"Brett Favre","00-0005106",552,"33",580,0.209247173407002
2008,"PHI",16,9.5,7.9375,"Andy Reid",16,13923,5974,57,"Donovan McNabb","00-0011022",595,"2",2600,0.0651764428013846
2008,"PIT",16,12,7.75,"Mike Tomlin",16,13875,5047,62,"Ben Roethlisberger","00-0022924",517,"11",1250,0.173231233792469
2008,"SEA",16,4,-6.125,"Mike Holmgren",16,15294,4470,67,"Seneca Wallace","00-0022055",256,"110",74,-0.142096015312918
2008,"SF",16,7,-2.625,"Mike Singletary",9,19577,10561,61,"Shaun Hill","00-0020679",311,NA,0,0.0668401861186066
2008,"TB",16,9,2.375,"Jon Gruden",16,22912,8416,63,"Jeff Garcia","00-0005755",401,NA,0,0.140092811227036
2008,"TEN",16,13,8.8125,"Jeff Fisher",16,13926,6581,60,"Kerry Collins","00-0003292",424,"5",1700,0.0425868430413859
2008,"WAS",16,8,-1.9375,"Jim Zorn",16,21148,6995,62,"Jason Campbell","00-0023460",544,"25",720,0.041599981335744
2009,"ARI",16,10,3.125,"Ken Whisenhunt",16,14481,6793,62,"Kurt Warner","00-0017200",538,NA,0,0.178385233418334
2009,"ATL",16,9,2.375,"Mike Smith",16,14698,9092,65,"Matt Ryan","00-0026143",470,"3",2200,0.181866472827935
2009,"BAL",16,9,8.125,"John Harbaugh",16,13820,6180,63,"Joe Flacco","00-0026158",536,"18",900,-0.0114404379567526
2009,"BUF",16,6,-4.25,"Dick Jauron",9,17076,10178,70,"Ryan Fitzpatrick","00-0023682",249,"250",0,-0.189929077076006
2009,"CAR",16,8,0.4375,"John Fox",16,15653,6604,66,"Jake Delhomme","00-0004161",344,NA,0,0.0889824321248381
2009,"CHI",16,7,-3,"Lovie Smith",16,15936,7615,63,"Jay Cutler","00-0024226",589,"11",1250,0.205233052645034
2009,"CIN",16,10,0.875,"Marvin Lewis",16,17513,7723,64,"Carson Palmer","00-0021429",492,"1",3000,-0.127898328434715
2009,"CLE",16,5,-8.125,"Eric Mangini",16,14321,7622,75,"Brady Quinn","00-0025409",275,"22",780,-0.0308223952020065
2009,"DAL",16,11,6.9375,"Wade Phillips",16,17391,4279,57,"Tony Romo","00-0021678",584,NA,0,0.100331404981784
2009,"DEN",16,8,0.125,"Josh McDaniels",16,14165,6966,60,"Kyle Orton","00-0023541",570,"106",82,-0.0425052586231658
2009,"DET",16,2,-14.5,"Jim Schwartz",16,21930,12672,78,"Matthew Stafford","00-0026498",400,"1",3000,NA
2009,"GB",16,11,10.25,"Mike McCarthy",16,11704,6587,63,"Aaron Rodgers","00-0023459",590,"24",740,0.140422209960845
2009,"HOU",16,9,3.4375,"Gary Kubiak",16,17189,9462,65,"Matt Schaub","00-0022787",609,"90",140,0.0903437649298559
2009,"IND",16,14,6.8125,"Jim Caldwell",16,11119,3978,67,"Peyton Manning","00-0010346",581,"1",3000,0.255865327350296
2009,"JAX",16,7,-5.625,"Jack Del Rio",16,16970,8035,68,"David Garrard","00-0021231",558,"108",78,0.0252945752437898
2009,"KC",16,4,-8.125,"Todd Haley",16,15087,9359,71,"Matt Cassel","00-0023662",536,"230",0,0.139507700704069
2009,"LA",16,1,-16.3125,"Steve Spagnuolo",16,12278,7804,72,"Marc Bulger","00-0019599",261,"168",24,-0.169261854920973
2009,"LAC",16,13,8.375,"Norv Turner",16,17222,5098,65,"Philip Rivers","00-0022942",511,"4",1800,0.265750920354361
2009,"LV",16,5,-11.375,"Tom Cable",16,25193,11009,65,"JaMarcus Russell","00-0025388",279,"1",3000,-0.149190337110423
2009,"MIA",16,7,-1.875,"Tony Sparano",16,18936,9496,65,"Chad Henne","00-0026197",477,"57",330,0.260881933422449
2009,"MIN",16,12,9.875,"Brad Childress",16,14737,6182,56,"Brett Favre","00-0005106",566,"33",580,0.0322598941589753
2009,"NE",16,10,8.875,"Bill Belichick",16,18339,5538,62,"Tom Brady","00-0019596",581,"199",12,0.00336717056449164
2009,"NO",16,13,10.5625,"Sean Payton",16,18043,7837,70,"Drew Brees","00-0020531",534,"32",590,0.250174888649111
2009,"NYG",16,8,-1.5625,"Tom Coughlin",16,14244,5851,61,"Eli Manning","00-0022803",539,"1",3000,0.0916034231886763
2009,"NYJ",16,9,7,"Rex Ryan",16,20471,9109,61,"Mark Sanchez","00-0026898",389,"5",1700,NA
2009,"PHI",16,11,5.75,"Andy Reid",16,16362,5334,64,"Donovan McNabb","00-0011022",479,"2",2600,0.100684937451674
2009,"PIT",16,9,2.75,"Mike Tomlin",16,13290,4920,65,"Ben Roethlisberger","00-0022924",556,"11",1250,-0.0140956488866535
2009,"SEA",16,5,-6.875,"Jim Mora",16,15342,5201,64,"Matt Hasselbeck","00-0007091",520,"187",17,-0.161574946470569
2009,"SF",16,8,3.0625,"Mike Singletary",16,19083,8124,63,"Alex Smith","00-0023436",394,"1",3000,NA
2009,"TB",16,3,-9.75,"Raheem Morris",16,19578,6853,79,"Josh Freeman","00-0026993",310,"17",950,NA
2009,"TEN",16,8,-3,"Jeff Fisher",16,13887,6801,63,"Vince Young","00-0024218",268,"3",2200,-0.261578689396912
2009,"WAS",16,4,-4.375,"Jim Zorn",16,22049,5592,69,"Jason Campbell","00-0023460",549,"25",720,-0.00237848038626744
2010,"ARI",16,5,-9.0625,"Ken Whisenhunt",16,10960,6179,63,"Derek Anderson","00-0023645",352,"213",6,-0.362925889610956
2010,"ATL",16,13,7.875,"Mike Smith",16,15123,8494,56,"Matt Ryan","00-0026143",594,"3",2200,0.0994959688937193
2010,"BAL",16,12,5.4375,"John Harbaugh",16,14735,5090,62,"Joe Flacco","00-0026158",529,"18",900,0.0967330061184599
2010,"BUF",16,4,-8.875,"Chan Gailey",16,17528,9278,72,"Ryan Fitzpatrick","00-0023682",465,"250",0,-0.178940446499964
2010,"CAR",16,2,-13.25,"John Fox",16,12051,7406,71,"Jimmy Clausen","00-0027659",332,"48",420,NA
2010,"CHI",16,11,3,"Lovie Smith",16,15215,3358,59,"Jay Cutler","00-0024226",484,"11",1250,-0.0792937974738527
2010,"CIN",16,4,-4.5625,"Marvin Lewis",16,21443,8659,71,"Carson Palmer","00-0021429",612,"1",3000,0.0971249248046706
2010,"CLE",16,5,-3.8125,"Eric Mangini",16,11445,7284,72,"Colt McCoy","00-0027688",245,"85",165,NA
2010,"DAL",16,6,-2.625,"Jason Garrett",8,17096,4663,68,"Jon Kitna","00-0009311",339,NA,0,NA
2010,"DEN",16,4,-7.9375,"Josh McDaniels",12,15732,9651,66,"Kyle Orton","00-0023541",532,"106",82,0.0514252104463647
2010,"DET",16,6,-0.4375,"Jim Schwartz",16,23644,15975,71,"Shaun Hill","00-0020679",433,NA,0,-0.107697119188015
2010,"GB",16,10,9.25,"Mike McCarthy",16,14012,6176,69,"Aaron Rodgers","00-0023459",506,"24",740,0.209303754852447
2010,"HOU",16,6,-2.3125,"Gary Kubiak",16,18311,5944,70,"Matt Schaub","00-0022787",606,"90",140,0.222803302242854
2010,"IND",16,10,2.9375,"Jim Caldwell",16,11464,3769,75,"Peyton Manning","00-0010346",695,"1",3000,0.298100797244437
2010,"JAX",16,8,-4.125,"Jack Del Rio",16,12403,7392,71,"David Garrard","00-0021231",398,"108",78,-0.015164579046662
2010,"KC",16,10,2.5,"Todd Haley",16,15830,10024,62,"Matt Cassel","00-0023662",476,"230",0,-0.152060220010216
2010,"LA",16,7,-2.4375,"Steve Spagnuolo",16,13923,10817,64,"Sam Bradford","00-0027854",624,"1",3000,NA
2010,"LAC",16,9,7.4375,"Norv Turner",16,14388,4969,75,"Philip Rivers","00-0022942",579,"4",1800,0.330076822767455
2010,"LV",16,8,2.4375,"Tom Cable",16,23672,9515,57,"Jason Campbell","00-0023460",362,"25",720,0.00229287161786763
2010,"MIA",16,7,-3.75,"Tony Sparano",16,18163,7562,76,"Chad Henne","00-0026197",521,"57",330,0.0246290944961435
2010,"MIN",16,6,-4.1875,"Brad Childress",10,17840,5399,65,"Brett Favre","00-0005106",380,"33",580,0.237851680309217
2010,"NE",16,14,12.8125,"Bill Belichick",16,15610,7037,70,"Tom Brady","00-0019596",517,"199",12,0.233629668974612
2010,"NO",16,11,4.8125,"Sean Payton",16,15768,5336,65,"Drew Brees","00-0020531",684,"32",590,0.293758393402246
2010,"NYG",16,10,2.9375,"Tom Coughlin",16,16773,6292,66,"Eli Manning","00-0022803",555,"1",3000,0.163687138379872
2010,"NYJ",16,11,3.9375,"Rex Ryan",16,22562,7290,64,"Mark Sanchez","00-0026898",534,"5",1700,-0.183549443043697
2010,"PHI",16,10,3.875,"Andy Reid",16,12864,5108,67,"Mike Vick","00-0020245",407,"1",3000,0.251610315046631
2010,"PIT",16,12,8.9375,"Mike Tomlin",16,14198,5142,59,"Ben Roethlisberger","00-0022924",421,"11",1250,0.157892820464777
2010,"SEA",16,7,-6.0625,"Pete Carroll",16,17373,8768,75,"Matt Hasselbeck","00-0007091",473,"187",17,-0.106049674521684
2010,"SF",16,6,-2.5625,"Mike Singletary",15,23565,8594,64,"Alex Smith","00-0023436",367,"1",3000,-0.0431988448421118
2010,"TB",16,10,1.4375,"Raheem Morris",16,16131,7376,72,"Josh Freeman","00-0026993",502,"17",950,-0.187917854990953
2010,"TEN",16,6,1.0625,"Jeff Fisher",16,12413,5153,63,"Kerry Collins","00-0003292",291,"5",1700,-0.0808260627094199
2010,"WAS",16,6,-4.6875,"Mike Shanahan",16,24447,7876,69,"Donovan McNabb","00-0011022",509,"2",2600,0.0850319876892196
2011,"ARI",16,8,-2.25,"Ken Whisenhunt",16,13334,4848,61,"John Skelton","00-0027754",298,"155",29,-0.297023756190967
2011,"ATL",16,10,3.25,"Mike Smith",16,15234,8331,59,"Matt Ryan","00-0026143",592,"3",2200,0.169450627018681
2011,"BAL",16,12,7,"John Harbaugh",16,16266,5145,64,"Joe Flacco","00-0026158",573,"18",900,0.0851110470179277
2011,"BUF",16,6,-3.875,"Chan Gailey",16,13809,9333,71,"Ryan Fitzpatrick","00-0023682",591,"250",0,0.0219605649538932
2011,"CAR",16,6,-1.4375,"Ron Rivera",16,15942,8225,70,"Cam Newton","00-0027939",552,"1",3000,NA
2011,"CHI",16,8,0.75,"Lovie Smith",16,15659,3615,67,"Jay Cutler","00-0024226",337,"11",1250,-0.0281089001980767
2011,"CIN",16,9,1.3125,"Marvin Lewis",16,18031,8248,60,"Andy Dalton","00-0027973",540,"35",550,NA
2011,"CLE",16,4,-5.5625,"Pat Shurmur",16,11410,6717,65,"Colt McCoy","00-0027688",495,"85",165,0.00143650953689506
2011,"DAL",16,8,1.375,"Jason Garrett",16,12379,5539,66,"Tony Romo","00-0021678",558,NA,0,0.11563054655608
2011,"DEN",16,8,-5.0625,"John Fox",16,19023,11581,65,"Tim Tebow","00-0027876",304,"25",720,0.116987308709705
2011,"DET",16,10,5.4375,"Jim Schwartz",16,24314,12649,68,"Matthew Stafford","00-0026498",711,"1",3000,-0.0089724824546976
2011,"GB",16,15,12.5625,"Mike McCarthy",16,12075,5674,57,"Aaron Rodgers","00-0023459",537,"24",740,0.230963014443107
2011,"HOU",16,10,6.4375,"Gary Kubiak",16,18977,6465,67,"Matt Schaub","00-0022787",308,"90",140,0.12866175892838
2011,"IND",16,2,-11.6875,"Jim Caldwell",16,16640,4447,76,"Curtis Painter","00-0027134",259,"201",11,NA
2011,"JAX",16,5,-5.375,"Jack Del Rio",11,12055,7021,80,"Blaine Gabbert","00-0027948",453,"10",1300,NA
2011,"KC",16,7,-7.875,"Todd Haley",13,16880,10408,59,"Matt Cassel","00-0023662",291,"230",0,0.131524016989021
2011,"LA",16,2,-13.375,"Steve Spagnuolo",16,17038,11758,74,"Sam Bradford","00-0027854",393,"1",3000,-0.0711924362211673
2011,"LAC",16,8,1.8125,"Norv Turner",16,16122,6176,67,"Philip Rivers","00-0022942",612,"4",1800,0.286656038623952
2011,"LV",16,8,-4.625,"Hue Jackson",16,24416,9826,64,"Carson Palmer","00-0021429",345,"1",3000,0.0569392428590945
2011,"MIA",16,6,1,"Tony Sparano",13,18756,8330,67,"Matt Moore","00-0025708",383,NA,0,-0.237498116019968
2011,"MIN",16,3,-6.8125,"Leslie Frazier",16,15794,4826,66,"Christian Ponder","00-0027950",321,"12",1200,NA
2011,"NE",16,13,10.6875,"Bill Belichick",16,16666,7410,73,"Tom Brady","00-0019596",643,"199",12,0.288397091311948
2011,"NO",16,13,13,"Sean Payton",16,11991,5958,64,"Drew Brees","00-0020531",684,"32",590,0.122875539193435
2011,"NYG",16,9,-0.375,"Tom Coughlin",16,20129,5227,62,"Eli Manning","00-0022803",617,"1",3000,0.077869374673199
2011,"NYJ",16,8,0.875,"Rex Ryan",16,18111,6101,65,"Mark Sanchez","00-0026898",582,"5",1700,-0.0158857429607772
2011,"PHI",16,8,4.25,"Andy Reid",16,17798,6486,60,"Mike Vick","00-0020245",446,"1",3000,0.165339392303432
2011,"PIT",16,12,6.125,"Mike Tomlin",16,12627,4367,63,"Ben Roethlisberger","00-0022924",553,"11",1250,0.186759433737281
2011,"SEA",16,7,0.375,"Pete Carroll",16,16472,6833,72,"Tarvaris Jackson","00-0024279",492,"64",270,-0.227646862190411
2011,"SF",16,13,9.4375,"Jim Harbaugh",16,23353,7002,56,"Alex Smith","00-0023436",489,"1",3000,-0.0385080996271086
2011,"TB",16,4,-12.9375,"Raheem Morris",16,14147,7646,66,"Josh Freeman","00-0026993",580,"17",950,0.148081887000204
2011,"TEN",16,9,0.5,"Mike Munchak",16,10266,6779,57,"Matt Hasselbeck","00-0007091",537,"187",17,-0.0397675930407798
2011,"WAS",16,5,-4.9375,"Mike Shanahan",16,18758,6154,67,"Rex Grossman","00-0022121",483,"22",780,-0.0917907904849837
2012,"ARI",16,5,-6.6875,"Ken Whisenhunt",16,13028,6278,64,"John Skelton","00-0027754",216,"155",29,-0.166795154267652
2012,"ATL",16,13,7.5,"Mike Smith",16,14386,4990,60,"Matt Ryan","00-0026143",643,"3",2200,0.148278878539624
2012,"BAL",16,10,3.375,"John Harbaugh",16,13131,4896,61,"Joe Flacco","00-0026158",566,"18",900,0.0533006695048983
2012,"BUF",16,6,-5.6875,"Chan Gailey",16,16822,9028,70,"Ryan Fitzpatrick","00-0023682",535,"250",0,-0.0120674205710064
2012,"CAR",16,7,-0.375,"Ron Rivera",16,15539,6840,68,"Cam Newton","00-0027939",521,"1",3000,0.08959278530508
2012,"CHI",16,10,6.125,"Lovie Smith",16,16483,3056,68,"Jay Cutler","00-0024226",472,"11",1250,0.0134833273579806
2012,"CIN",16,10,4.4375,"Marvin Lewis",16,21788,9728,65,"Andy Dalton","00-0027973",574,"35",550,0.00316226607478616
2012,"CLE",16,5,-4.125,"Pat Shurmur",16,15269,10249,64,"Brandon Weeden","00-0029677",545,"22",780,NA
2012,"DAL",16,8,-1.5,"Jason Garrett",16,12494,5264,71,"Tony Romo","00-0021678",684,NA,0,0.168377093556928
2012,"DEN",16,13,12,"John Fox",16,19969,8999,61,"Peyton Manning","00-0010346",604,"1",3000,NA
2012,"DET",16,4,-4.0625,"Jim Schwartz",16,23479,12676,71,"Matthew Stafford","00-0026498",756,"1",3000,0.131315832417784
2012,"GB",16,11,6.0625,"Mike McCarthy",16,14107,5497,64,"Aaron Rodgers","00-0023459",603,"24",740,0.41595517129995
2012,"HOU",16,12,5.3125,"Gary Kubiak",16,14253,7124,63,"Matt Schaub","00-0022787",571,"90",140,0.206314789047442
2012,"IND",16,11,-1.875,"Chuck Pagano",16,13010,8385,72,"Andrew Luck","00-0029668",668,"1",3000,NA
2012,"JAX",16,2,-11.8125,"Mike Mularkey",16,14771,8735,83,"Chad Henne","00-0026197",336,"57",330,0.0460395486727262
2012,"KC",16,2,-13.375,"Romeo Crennel",16,17045,8879,66,"Matt Cassel","00-0023662",296,"230",0,-0.0715636033522834
2012,"LA",16,7.5,-3.0625,"Jeff Fisher",16,15851,9423,61,"Sam Bradford","00-0027854",586,"1",3000,-0.202425982507006
2012,"LAC",16,7,0,"Norv Turner",16,17136,6167,68,"Philip Rivers","00-0022942",576,"4",1800,0.167879433455958
2012,"LV",16,4,-9.5625,"Dennis Allen",16,21096,7444,66,"Carson Palmer","00-0021429",591,"1",3000,0.0996059408099764
2012,"MIA",16,7,-1.8125,"Joe Philbin",16,14573,5656,71,"Ryan Tannehill","00-0029701",519,"8",1400,NA
2012,"MIN",16,10,1.9375,"Leslie Frazier",16,13521,7111,56,"Christian Ponder","00-0027950",515,"12",1200,-0.175847120591202
2012,"NE",16,12,14.125,"Bill Belichick",16,16075,8180,70,"Tom Brady","00-0019596",664,"199",12,0.307983647816561
2012,"NO",16,7,0.4375,"Joe Vitt",10,13982,4341,62,"Drew Brees","00-0020531",696,"32",590,0.332788016054766
2012,"NYG",16,9,5.3125,"Tom Coughlin",16,18289,5358,60,"Eli Manning","00-0022803",555,"1",3000,0.144951773174061
2012,"NYJ",16,6,-5.875,"Rex Ryan",16,22674,10501,71,"Mark Sanchez","00-0026898",487,"5",1700,-0.100682923525115
2012,"PHI",16,4,-10.25,"Andy Reid",16,14859,7139,69,"Mike Vick","00-0020245",379,"1",3000,0.111607048851674
2012,"PIT",16,8,1.375,"Mike Tomlin",16,14942,4875,64,"Ben Roethlisberger","00-0022924",479,"11",1250,0.147703202154943
2012,"SEA",16,11,10.4375,"Pete Carroll",16,14062,6668,66,"Russell Wilson","00-0029263",426,"75",215,NA
2012,"SF",16,11.5,7.75,"Jim Harbaugh",16,24495,7443,60,"Alex Smith","00-0023436",242,"1",3000,0.0457754266716299
2012,"TB",16,7,-0.3125,"Greg Schiano",16,12544,8752,71,"Josh Freeman","00-0026993",584,"17",950,-0.0682969277717994
2012,"TEN",16,6,-8.8125,"Mike Munchak",16,11863,6493,65,"Jake Locker","00-0027946",339,"8",1400,0.129280832828689
2012,"WAS",16,10,3,"Mike Shanahan",16,15771,8341,69,"Robert Griffin III","00-0029665",423,"2",2600,NA
2013,"ARI",16,10,3.4375,"Bruce Arians",16,19580,6922,64,"Carson Palmer","00-0021429",613,"1",3000,0.0305755947063494
2013,"ATL",16,4,-5.625,"Mike Smith",16,14655,4696,63,"Matt Ryan","00-0026143",695,"3",2200,0.218986014258013
2013,"BAL",16,8,-2,"John Harbaugh",16,16068,4274,62,"Joe Flacco","00-0026158",662,"18",900,0.0298120457305253
2013,"BUF",16,6,-3.0625,"Doug Marrone",16,17050,9902,67,"EJ Manuel","00-0030526",334,"16",1000,NA
2013,"CAR",16,12,7.8125,"Ron Rivera",16,17391,7199,64,"Cam Newton","00-0027939",516,"1",3000,0.105485711129825
2013,"CHI",16,8,-2.0625,"Marc Trestman",16,12314,3518,67,"Jay Cutler","00-0024226",374,"11",1250,-0.0481082963532874
2013,"CIN",16,11,7.8125,"Marvin Lewis",16,18047,8732,66,"Andy Dalton","00-0027973",615,"35",550,-0.00157116787192883
2013,"CLE",16,4,-6.125,"Rob Chudzinski",16,16791,10329,69,"Jason Campbell","00-0023460",333,"25",720,-0.227229751753268
2013,"DAL",16,8,0.4375,"Jason Garrett",16,12341,7328,72,"Tony Romo","00-0021678",570,NA,0,0.122540611200577
2013,"DEN",16,13,12.9375,"John Fox",16,21555,8165,62,"Peyton Manning","00-0010346",677,"1",3000,0.269894840909699
2013,"DET",16,7,1.1875,"Jim Schwartz",16,21727,8490,66,"Matthew Stafford","00-0026498",657,"1",3000,0.0443051885989964
2013,"GB",16,8.5,-0.6875,"Mike McCarthy",16,10482,4243,67,"Aaron Rodgers","00-0023459",311,"24",740,0.189417669974135
2013,"HOU",16,2,-9.5,"Gary Kubiak",13,13867,6522,73,"Matt Schaub","00-0022787",379,"90",140,0.148518540221156
2013,"IND",16,11,3.4375,"Chuck Pagano",16,16744,8684,76,"Andrew Luck","00-0029668",602,"1",3000,0.0196991196923182
2013,"JAX",16,4,-12.625,"Gus Bradley",16,14629,9692,74,"Chad Henne","00-0026197",541,"57",330,-0.136495725483254
2013,"KC",16,11,7.8125,"Andy Reid",16,22071,9643,63,"Alex Smith","00-0023436",547,"1",3000,0.138684566684269
2013,"LA",16,7,-1,"Jeff Fisher",16,20411,10994,62,"Sam Bradford","00-0027854",277,"1",3000,0.00605227813239457
2013,"LAC",16,9,3,"Mike McCoy",16,16190,7139,66,"Philip Rivers","00-0022942",574,"4",1800,-0.00374360701821253
2013,"LV",16,4,-8.1875,"Dennis Allen",16,11800,3952,66,"Matt McGloin","00-0030419",217,NA,0,NA
2013,"MIA",16,8,-1.125,"Joe Philbin",16,12280,9652,68,"Ryan Tannehill","00-0029701",646,"8",1400,-0.0378034370425855
2013,"MIN",16,5.5,-5.5625,"Leslie Frazier",16,14615,7900,64,"Matt Cassel","00-0023662",270,"230",0,-0.131490078012818
2013,"NE",16,12,6.625,"Bill Belichick",16,12223,6516,67,"Tom Brady","00-0019596",668,"199",12,0.285002469534397
2013,"NO",16,11,6.875,"Sean Payton",16,11716,4340,65,"Drew Brees","00-0020531",687,"32",590,0.164777438371507
2013,"NYG",16,7,-5.5625,"Tom Coughlin",16,17722,5319,67,"Eli Manning","00-0022803",590,"1",3000,0.103569679940231
2013,"NYJ",16,8,-6.0625,"Rex Ryan",16,18680,8209,70,"Geno Smith","00-0030565",486,"39",510,NA
2013,"PHI",16,10,3.75,"Chip Kelly",16,13387,7095,60,"Nick Foles","00-0029567",345,"88",150,-0.065484606391512
2013,"PIT",16,8,0.5625,"Mike Tomlin",16,13709,5673,68,"Ben Roethlisberger","00-0022924",626,"11",1250,0.142087343135733
2013,"SEA",16,13,11.625,"Pete Carroll",16,11194,6586,66,"Russell Wilson","00-0029263",451,"75",215,0.193534631021577
2013,"SF",16,12,8.375,"Jim Harbaugh",16,21500,8250,67,"Colin Kaepernick","00-0027974",455,"36",540,0.225924404746159
2013,"TB",16,4,-6.3125,"Greg Schiano",16,11883,8007,72,"Mike Glennon","00-0030520",456,"73",225,NA
2013,"TEN",16,7,-1.1875,"Mike Munchak",16,13820,7607,67,"Ryan Fitzpatrick","00-0023682",371,"250",0,0.0162522114426947
2013,"WAS",16,3,-9,"Mike Shanahan",16,16230,7838,67,"Robert Griffin III","00-0029665",494,"2",2600,0.201056965282783
2014,"ARI",16,11,0.6875,"Bruce Arians",16,19136,7223,67,"Drew Stanton","00-0025430",251,"43",470,NA
2014,"ATL",16,6,-2.25,"Mike Smith",16,16515,6565,63,"Matt Ryan","00-0026143",659,"3",2200,0.0533321643173176
2014,"BAL",16,10,6.6875,"John Harbaugh",16,12892,5333,70,"Joe Flacco","00-0026158",573,"18",900,-0.0506624560365118
2014,"BUF",16,9,3.375,"Doug Marrone",16,20279,9281,63,"Kyle Orton","00-0023541",480,"106",82,0.029595801826634
2014,"CAR",16,7.5,-2.1875,"Ron Rivera",16,14408,7774,69,"Cam Newton","00-0027939",486,"1",3000,0.0641964737403419
2014,"CHI",16,5,-7.6875,"Marc Trestman",16,12036,5023,75,"Jay Cutler","00-0024226",599,"11",1250,0.0399207579600515
2014,"CIN",16,10.5,1.3125,"Marvin Lewis",16,20052,8616,64,"Andy Dalton","00-0027973",502,"35",550,0.108801763800425
2014,"CLE",16,7,-2.375,"Mike Pettine",16,15438,7738,73,"Brian Hoyer","00-0026625",462,NA,0,-0.0131545594913915
2014,"DAL",16,12,7.1875,"Jason Garrett",16,12209,8234,64,"Tony Romo","00-0021678",464,NA,0,0.107630658936631
2014,"DEN",16,12,8,"John Fox",16,16318,7825,61,"Peyton Manning","00-0010346",614,"1",3000,0.387354649291703
2014,"DET",16,11,2.4375,"Jim Caldwell",16,21456,7284,69,"Matthew Stafford","00-0026498",647,"1",3000,0.0850655612794451
2014,"GB",16,12,8.625,"Mike McCarthy",16,12290,4432,60,"Aaron Rodgers","00-0023459",548,"24",740,0.299853696845249
2014,"HOU",16,9,4.0625,"Bill O'Brien",16,18163,8718,64,"Ryan Fitzpatrick","00-0023682",333,"250",0,0.0736278401706054
2014,"IND",16,11,5.5625,"Chuck Pagano",16,14834,8660,68,"Andrew Luck","00-0029668",643,"1",3000,0.0335670882193892
2014,"JAX",16,3,-10.1875,"Gus Bradley",16,13348,7937,70,"Blake Bortles","00-0031407",530,"3",2200,NA
2014,"KC",16,9,4.5,"Andy Reid",16,17673,8117,64,"Alex Smith","00-0023436",509,"1",3000,0.0445969394637524
2014,"LA",16,6,-1.875,"Jeff Fisher",16,22146,13065,63,"Austin Davis","00-0028957",313,NA,0,NA
2014,"LAC",16,9,0,"Mike McCoy",16,16861,6231,68,"Philip Rivers","00-0022942",606,"4",1800,0.302166114753126
2014,"LV",16,3,-12.4375,"Tony Sparano",12,14420,6066,68,"Derek Carr","00-0031280",623,"36",540,NA
2014,"MIA",16,8,0.9375,"Joe Philbin",16,14111,8275,71,"Ryan Tannehill","00-0029701",636,"8",1400,-0.00126898694719731
2014,"MIN",16,7,-1.125,"Mike Zimmer",16,13797,9176,65,"Teddy Bridgewater","00-0031237",441,"32",590,NA
2014,"NE",16,12,9.6875,"Bill Belichick",16,12468,6269,67,"Tom Brady","00-0019596",603,"199",12,0.107033507021433
2014,"NO",16,7,-1.4375,"Sean Payton",16,10530,4437,69,"Drew Brees","00-0020531",688,"32",590,0.215333106938432
2014,"NYG",16,6,-1.25,"Tom Coughlin",16,15882,5271,72,"Eli Manning","00-0022803",629,"1",3000,-0.0784369029858018
2014,"NYJ",16,4,-7.375,"Rex Ryan",16,18204,8177,67,"Geno Smith","00-0030565",395,"39",510,-0.122995493046879
2014,"PHI",16,10,4.625,"Chip Kelly",16,14457,6651,61,"Mark Sanchez","00-0026898",332,"5",1700,NA
2014,"PIT",16,11,4.25,"Mike Tomlin",16,13630,5640,58,"Ben Roethlisberger","00-0022924",641,"11",1250,0.095407263353347
2014,"SEA",16,12,8.75,"Pete Carroll",16,11872,4130,72,"Russell Wilson","00-0029263",494,"75",215,0.160430200758212
2014,"SF",16,8,-2.125,"Jim Harbaugh",16,20343,8208,69,"Colin Kaepernick","00-0027974",530,"36",540,0.124787147413139
2014,"TB",16,2,-8.3125,"Lovie Smith",16,13538,7350,75,"Josh McCown","00-0021206",363,"81",185,0.35347624151604
2014,"TEN",16,2,-11.5,"Ken Whisenhunt",16,16873,8676,71,"Charlie Whitehurst","00-0024296",203,"81",185,NA
2014,"WAS",16,4,-8.5625,"Jay Gruden",16,15294,6628,73,"Robert Griffin III","00-0029665",247,"2",2600,0.0136626886682996
2015,"ARI",16,13,11,"Bruce Arians",16,21319,6835,63,"Carson Palmer","00-0021429",562,"1",3000,0.136791172339193
2015,"ATL",16,8,-0.375,"Dan Quinn",16,20088,5997,63,"Matt Ryan","00-0026143",644,"3",2200,0.110622881112819
2015,"BAL",16,5,-4.5625,"John Harbaugh",16,12235,4955,80,"Joe Flacco","00-0026158",429,"18",900,0.126260999839446
2015,"BUF",16,8,1.25,"Rex Ryan",16,18958,7430,78,"Tyrod Taylor","00-0028118",416,"180",19,NA
2015,"CAR",16,15,12,"Ron Rivera",16,15679,5391,63,"Cam Newton","00-0027939",528,"1",3000,-0.0195561781284753
2015,"CHI",16,6,-3.875,"John Fox",16,13118,5339,74,"Jay Cutler","00-0024226",512,"11",1250,-0.0407660544052534
2015,"CIN",16,12,8.75,"Marvin Lewis",16,18872,6794,59,"Andy Dalton","00-0027973",406,"35",550,0.0085983058105764
2015,"CLE",16,3,-9.625,"Mike Pettine",16,17215,8405,68,"Josh McCown","00-0021206",315,"81",185,-0.0811184981940136
2015,"DAL",16,4,-6.1875,"Jason Garrett",16,14057,7461,72,"Matt Cassel","00-0023662",218,"230",0,-0.163023482164239
2015,"DEN",16,12,3.6875,"Gary Kubiak",16,17590,4392,65,"Peyton Manning","00-0010346",347,"1",3000,0.19839884540484
2015,"DET",16,7,-2.625,"Jim Caldwell",16,17107,7005,67,"Matthew Stafford","00-0026498",636,"1",3000,0.0473043597928428
2015,"GB",16,10,2.8125,"Mike McCarthy",16,12026,4627,61,"Aaron Rodgers","00-0023459",618,"24",740,0.310219880039229
2015,"HOU",16,9,1.625,"Bill O'Brien",16,14813,8345,69,"Brian Hoyer","00-0026625",394,NA,0,-0.00639597993945492
2015,"IND",16,8,-4.6875,"Chuck Pagano",16,13984,6919,76,"Andrew Luck","00-0029668",308,"1",3000,0.131515924030751
2015,"JAX",16,5,-4.5,"Gus Bradley",16,14128,8738,65,"Blake Bortles","00-0031407",657,"3",2200,-0.214535066339434
2015,"KC",16,11,7.375,"Andy Reid",16,17859,8344,59,"Alex Smith","00-0023436",515,"1",3000,0.120960836826657
2015,"LA",16,7,-3.125,"Jeff Fisher",16,21557,13739,69,"Nick Foles","00-0029567",351,"88",150,0.0337830660666932
2015,"LAC",16,4,-4.875,"Mike McCoy",16,13432,6433,73,"Philip Rivers","00-0022942",701,"4",1800,0.128344220764093
2015,"LV",16,7,-2.5,"Jack Del Rio",16,15956,7096,67,"Derek Carr","00-0031280",604,"36",540,-0.0987308350851364
2015,"MIA",16,6,-4.9375,"Joe Philbin",16,13634,7331,71,"Ryan Tannehill","00-0029701",631,"8",1400,0.0446871759063576
2015,"MIN",16,11,3.9375,"Mike Zimmer",16,15015,9432,62,"Teddy Bridgewater","00-0031237",491,"32",590,-0.00214533353015183
2015,"NE",16,12,9.375,"Bill Belichick",16,13182,6058,78,"Tom Brady","00-0019596",662,"199",12,0.182062711500765
2015,"NO",16,7,-4.25,"Sean Payton",16,13500,5213,75,"Drew Brees","00-0020531",658,"32",590,0.14837614555828
2015,"NYG",16,6,-1.375,"Tom Coughlin",16,16605,6786,73,"Eli Manning","00-0022803",645,"1",3000,0.105578184878872
2015,"NYJ",16,10,4.5625,"Todd Bowles",16,17027,8102,66,"Ryan Fitzpatrick","00-0023682",581,"250",0,0.143707126033816
2015,"PHI",16,7,-3.3125,"Chip Kelly",15,17967,8209,65,"Sam Bradford","00-0027854",560,"1",3000,NA
2015,"PIT",16,10,6.5,"Mike Tomlin",16,16031,5833,63,"Ben Roethlisberger","00-0022924",489,"11",1250,0.24582356679714
2015,"SEA",16,10,9.125,"Pete Carroll",16,8603,3676,70,"Russell Wilson","00-0029263",528,"75",215,0.0834376651230279
2015,"SF",16,5,-9.3125,"Jim Tomsula",16,15269,5266,68,"Blaine Gabbert","00-0027948",307,"10",1300,0.570157871540037
2015,"TB",16,6,-4.6875,"Lovie Smith",16,15141,8450,73,"Jameis Winston","00-0031503",562,"1",3000,NA
2015,"TEN",16,3,-7.75,"Ken Whisenhunt",16,14401,9289,65,"Marcus Mariota","00-0032268",408,"2",2600,NA
2015,"WAS",16,9,0.5625,"Jay Gruden",16,13926,7218,70,"Kirk Cousins","00-0029604",569,"102",92,0.0672428746102757
2016,"ARI",16,7.5,3.5,"Bruce Arians",16,19326,5152,105,"Carson Palmer","00-0021429",637,"1",3000,0.280458267134227
2016,"ATL",16,11,8.375,"Dan Quinn",16,22174,7526,103,"Matt Ryan","00-0026143",571,"3",2200,0.123862332968801
2016,"BAL",16,8,1.375,"John Harbaugh",16,13016,6142,90,"Joe Flacco","00-0026158",705,"18",900,0.0122292781225683
2016,"BUF",16,7,1.3125,"Rex Ryan",15,19911,7250,98,"Tyrod Taylor","00-0028118",478,"180",19,0.131493073365829
2016,"CAR",16,6,-2.0625,"Ron Rivera",16,18197,5293,76,"Cam Newton","00-0027939",546,"1",3000,0.16263272438213
2016,"CHI",16,3,-7.5,"John Fox",16,14703,7826,106,"Matt Barkley","00-0030533",222,"98",108,NA
2016,"CIN",16,6.5,0.625,"Marvin Lewis",16,15549,6367,84,"Andy Dalton","00-0027973",604,"35",550,0.286219554906231
2016,"CLE",16,1,-11.75,"Hue Jackson",16,23161,8033,110,"Cody Kessler","00-0033104",216,"93",128,NA
2016,"DAL",16,13,7.1875,"Jason Garrett",16,19615,8818,108,"Dak Prescott","00-0033077",484,"135",39,NA
2016,"DEN",16,9,2.25,"Gary Kubiak",16,13638,4584,70,"Trevor Siemian","00-0032156",517,"250",0,NA
2016,"DET",16,9,-0.75,"Jim Caldwell",16,16569,8102,104,"Matthew Stafford","00-0026498",631,"1",3000,0.0387105954095828
2016,"GB",16,10,2.75,"Mike McCarthy",16,12135,5310,94,"Aaron Rodgers","00-0023459",645,"24",740,-0.00886845491625908
2016,"HOU",16,9,-3.0625,"Bill O'Brien",16,16712,7902,94,"Brock Osweiler","00-0029682",537,"57",330,0.0171411883842341
2016,"IND",16,8,1.1875,"Chuck Pagano",16,13590,3484,110,"Andrew Luck","00-0029668",586,"1",3000,-0.02675346377463
2016,"JAX",16,3,-5.125,"Gus Bradley",14,21100,13433,84,"Blake Bortles","00-0031407",659,"3",2200,0.00399915544037239
2016,"KC",16,12,4.875,"Andy Reid",16,19684,7306,105,"Alex Smith","00-0023436",517,"1",3000,0.06114156411162
2016,"LA",16,4,-10.625,"Jeff Fisher",16,19350,12891,70,"Case Keenum","00-0028986",345,NA,0,0.0805381773053867
2016,"LAC",16,5,-0.8125,"Mike McCoy",16,15583,8250,114,"Philip Rivers","00-0022942",614,"4",1800,0.0956940985965039
2016,"LV",16,12,1.9375,"Jack Del Rio",16,17831,9312,91,"Derek Carr","00-0031280",576,"36",540,-0.0057716627685832
2016,"MIA",16,10,-1.0625,"Adam Gase",16,21166,7997,93,"Ryan Tannehill","00-0029701",418,"8",1400,-0.0043111738940439
2016,"MIN",16,8,1.25,"Mike Zimmer",16,23675,7440,88,"Sam Bradford","00-0027854",589,"1",3000,0.00733813425087394
2016,"NE",16,14,11.9375,"Bill Belichick",16,16472,5303,90,"Tom Brady","00-0019596",447,"199",12,0.192652838962382
2016,"NO",16,7,0.9375,"Sean Payton",16,16731,6907,108,"Drew Brees","00-0020531",700,"32",590,0.158961404672622
2016,"NYG",16,11,1.625,"Ben McAdoo",16,16999,7849,110,"Eli Manning","00-0022803",619,"1",3000,0.088174516067906
2016,"NYJ",16,5,-8.375,"Todd Bowles",16,18888,8007,102,"Ryan Fitzpatrick","00-0023682",422,"250",0,0.124799134932727
2016,"PHI",16,7,2.25,"Doug Pederson",16,18501,8950,94,"Carson Wentz","00-0032950",640,"2",2600,NA
2016,"PIT",16,11,4.5,"Mike Tomlin",16,18527,5920,112,"Ben Roethlisberger","00-0022924",526,"11",1250,0.20602762070351
2016,"SEA",16,10.5,3.875,"Pete Carroll",16,6559,3691,114,"Russell Wilson","00-0029263",587,"75",215,0.241760124335204
2016,"SF",16,2,-10.6875,"Chip Kelly",16,15515,7643,76,"Colin Kaepernick","00-0027974",367,"36",540,-0.100273122335928
2016,"TB",16,9,-0.9375,"Dirk Koetter",16,15659,8476,89,"Jameis Winston","00-0031503",602,"1",3000,0.0861135476889528
2016,"TEN",16,9,0.1875,"Mike Mularkey",16,16672,9496,94,"Marcus Mariota","00-0032268",474,"2",2600,-0.00264663347769354
2016,"WAS",16,8.5,0.8125,"Jay Gruden",16,14771,5196,75,"Kirk Cousins","00-0029604",629,"102",92,0.172678137638783
2017,"ARI",16,8,-4.125,"Bruce Arians",16,22703,5644,104,"Carson Palmer","00-0021429",289,"1",3000,0.0519054784488234
2017,"ATL",16,10,2.375,"Dan Quinn",16,18822,7694,91,"Matt Ryan","00-0026143",553,"3",2200,0.3023441751764
2017,"BAL",16,9,5.75,"John Harbaugh",16,14096,7676,98,"Joe Flacco","00-0026158",576,"18",900,-0.0342748920527474
2017,"BUF",16,9,-3.5625,"Sean McDermott",16,8282,4294,105,"Tyrod Taylor","00-0028118",466,"180",19,0.0713303435757996
2017,"CAR",16,11,2.25,"Ron Rivera",16,21069,5789,96,"Cam Newton","00-0027939",527,"1",3000,-0.046298203651844
2017,"CHI",16,5,-3.5,"John Fox",16,15679,8899,95,"Mitchell Trubisky","00-0033869",361,"2",2600,NA
2017,"CIN",16,7,-3.6875,"Marvin Lewis",16,16559,6470,86,"Andy Dalton","00-0027973",535,"35",550,0.105444223163489
2017,"CLE",16,0,-11,"Hue Jackson",16,15422,10817,97,"DeShone Kizer","00-0033899",514,"52",380,NA
2017,"DAL",16,9,1.375,"Jason Garrett",16,16020,6774,95,"Dak Prescott","00-0033077",522,"135",39,0.249758875596864
2017,"DEN",16,5,-5.8125,"Vance Joseph",16,12272,5662,90,"Trevor Siemian","00-0032156",382,"250",0,0.0327845189006315
2017,"DET",16,9,2.125,"Jim Caldwell",16,18330,8057,97,"Matthew Stafford","00-0026498",612,"1",3000,0.117268734199225
2017,"GB",16,7,-4,"Mike McCarthy",16,9734,4961,87,"Brett Hundley","00-0031589",345,"147",33,-0.819624956029388
2017,"HOU",16,4,-6.125,"Bill O'Brien",16,16703,9001,103,"Tom Savage","00-0031064",244,"135",39,-0.142476998190864
2017,"IND",16,4,-8.8125,"Chuck Pagano",16,13993,4543,104,"Jacoby Brissett","00-0033119",521,"91",136,-0.145931327444671
2017,"JAX",16,10,9.3125,"Doug Marrone",16,19487,12802,109,"Blake Bortles","00-0031407",547,"3",2200,-0.0738417648820227
2017,"KC",16,10,4.75,"Andy Reid",16,21465,7008,96,"Alex Smith","00-0023436",540,"1",3000,0.0855819087737141
2017,"LA",16,11,9.3125,"Sean McVay",16,18438,10379,92,"Jared Goff","00-0033106",502,"1",3000,-0.3753657272006
2017,"LAC",16,9,5.1875,"Anthony Lynn",16,14998,8335,92,"Philip Rivers","00-0022942",593,"4",1800,0.0815169030423752
2017,"LV",16,6,-4.5,"Jack Del Rio",16,18630,8500,87,"Derek Carr","00-0031280",535,"36",540,0.136530635183965
2017,"MIA",16,6,-7,"Adam Gase",16,17883,6868,96,"Jay Cutler","00-0024226",449,"11",1250,-0.169141006223522
2017,"MIN",16,13,8.125,"Mike Zimmer",16,16575,6657,89,"Case Keenum","00-0028986",503,NA,0,-0.104208804020175
2017,"NE",16,13,10.125,"Bill Belichick",16,12831,4715,92,"Tom Brady","00-0019596",616,"199",12,0.327403758517009
2017,"NO",16,11,7.625,"Sean Payton",16,15640,7011,104,"Drew Brees","00-0020531",556,"32",590,0.159138676515055
2017,"NYG",16,3,-8.875,"Ben McAdoo",12,18262,7928,113,"Eli Manning","00-0022803",603,"1",3000,-0.00904318800784346
2017,"NYJ",16,5,-5.25,"Todd Bowles",16,13257,7690,101,"Josh McCown","00-0021206",436,"81",185,-0.138347521775063
2017,"PHI",16,13,10.125,"Doug Pederson",16,21383,6733,94,"Carson Wentz","00-0032950",468,"2",2600,0.0137729947552218
2017,"PIT",16,13,6.125,"Mike Tomlin",16,15511,4801,84,"Ben Roethlisberger","00-0022924",583,"11",1250,0.15950215955946
2017,"SEA",16,9,2.125,"Pete Carroll",16,17578,8335,93,"Russell Wilson","00-0029263",596,"75",215,0.0852364715056005
2017,"SF",16,6,-3.25,"Kyle Shanahan",16,13902,9331,100,"C.J. Beathard","00-0033936",243,"104",86,NA
2017,"TB",16,5,-2.9375,"Dirk Koetter",16,15959,9887,102,"Jameis Winston","00-0031503",475,"1",3000,0.0884623458194564
2017,"TEN",16,9,-1.375,"Mike Mularkey",16,16500,10879,93,"Marcus Mariota","00-0032268",480,"2",2600,0.120551852745713
2017,"WAS",16,7,-2.875,"Jay Gruden",16,19854,6581,97,"Kirk Cousins","00-0029604",581,"102",92,0.180045865433921
2018,"ARI",16,3,-12.5,"Steve Wilks",16,20124,6443,120,"Josh Rosen","00-0034343",438,"10",1300,NA
2018,"ATL",16,7,-0.5625,"Dan Quinn",16,17766,6283,97,"Matt Ryan","00-0026143",650,"3",2200,0.127268116877105
2018,"BAL",16,10,6.375,"John Harbaugh",16,16002,6650,83,"Joe Flacco","00-0026158",395,"18",900,-0.0894440670697917
2018,"BUF",16,6,-6.5625,"Sean McDermott",16,13136,5977,94,"Josh Allen","00-0034857",347,"7",1500,NA
2018,"CAR",16,7,-0.375,"Ron Rivera",16,20898,6023,96,"Cam Newton","00-0027939",500,"1",3000,-0.00771083434810528
2018,"CHI",16,12,8.625,"Matt Nagy",16,15321,9852,91,"Mitchell Trubisky","00-0033869",458,"2",2600,-0.123329907727616
2018,"CIN",16,6,-5.4375,"Marvin Lewis",16,16217,7511,96,"Andy Dalton","00-0027973",386,"35",550,-0.0579415769473382
2018,"CLE",16,7.5,-2.0625,"Gregg Williams",8,19202,13615,96,"Baker Mayfield","00-0034855",511,"1",3000,NA
2018,"DAL",16,10,0.9375,"Jason Garrett",16,16075,8673,103,"Dak Prescott","00-0033077",582,"135",39,-0.0615197348000131
2018,"DEN",16,6,-1.25,"Vance Joseph",16,15002,7379,106,"Case Keenum","00-0028986",620,NA,0,0.115870033952522
2018,"DET",16,6,-2.25,"Matt Patricia",16,12247,4940,97,"Matthew Stafford","00-0026498",595,"1",3000,0.061229140991139
2018,"GB",16,6.5,-1.5,"Mike McCarthy",12,10611,4961,105,"Aaron Rodgers","00-0023459",646,"24",740,0.0830981005586216
2018,"HOU",16,11,5.375,"Bill O'Brien",16,15100,5478,88,"Deshaun Watson","00-0033537",567,"12",1200,0.106510682145708
2018,"IND",16,10,5.5625,"Frank Reich",16,15181,7842,103,"Andrew Luck","00-0029668",657,"1",3000,NA
2018,"JAX",16,5,-4.4375,"Doug Marrone",16,18635,8782,105,"Blake Bortles","00-0031407",434,"3",2200,0.0582597517743927
2018,"KC",16,12,9,"Andy Reid",16,17096,5951,96,"Patrick Mahomes","00-0033873",606,"10",1300,0.213212904813912
2018,"LA",16,13,8.9375,"Sean McVay",16,20077,9437,98,"Jared Goff","00-0033106",594,"1",3000,0.190721846425499
2018,"LAC",16,12,6.1875,"Anthony Lynn",16,17321,8829,98,"Philip Rivers","00-0022942",540,"4",1800,0.196629818577049
2018,"LV",16,4,-11.0625,"Jon Gruden",16,16439,4843,101,"Derek Carr","00-0031280",604,"36",540,0.0489279090950785
2018,"MIA",16,7,-7.125,"Adam Gase",16,15283,7531,92,"Ryan Tannehill","00-0029701",309,"8",1400,NA
2018,"MIN",16,8.5,1.1875,"Mike Zimmer",16,12988,5369,90,"Kirk Cousins","00-0029604",646,"102",92,0.0283120475686246
2018,"NE",16,11,6.9375,"Bill Belichick",16,16604,5623,93,"Tom Brady","00-0019596",591,"199",12,0.228269779926128
2018,"NO",16,13,9.4375,"Sean Payton",16,18655,9322,99,"Drew Brees","00-0020531",506,"32",590,0.191810160828179
2018,"NYG",16,5,-2.6875,"Pat Shurmur",16,20586,11060,95,"Eli Manning","00-0022803",623,"1",3000,-0.103112030593347
2018,"NYJ",16,4,-6.75,"Todd Bowles",16,14273,8752,99,"Sam Darnold","00-0034869",444,"3",2200,NA
2018,"PHI",16,9,1.1875,"Doug Pederson",16,21444,7250,99,"Carson Wentz","00-0032950",432,"2",2600,0.20931280157115
2018,"PIT",16,9.5,4.25,"Mike Tomlin",16,16549,4681,95,"Ben Roethlisberger","00-0022924",699,"11",1250,0.148721493878133
2018,"SEA",16,10,5.0625,"Pete Carroll",16,17413,7750,96,"Russell Wilson","00-0029263",478,"75",215,0.0454800719605778
2018,"SF",16,4,-5.8125,"Kyle Shanahan",16,12485,9524,90,"Nick Mullens","00-0033319",291,NA,0,NA
2018,"TB",16,5,-4.25,"Dirk Koetter",16,17764,10243,109,"Jameis Winston","00-0031503",405,"1",3000,0.104765472650701
2018,"TEN",16,9,0.4375,"Mike Vrabel",16,17711,10294,102,"Marcus Mariota","00-0032268",373,"2",2600,-0.015888005116898
2018,"WAS",16,7,-4.875,"Jay Gruden",16,26082,7947,110,"Alex Smith","00-0023436",350,"1",3000,0.168696173564586
2019,"ARI",16,5.5,-5.0625,"Kliff Kingsbury",16,19496,7539,101,"Kyler Murray","00-0035228",590,"1",3000,NA
2019,"ATL",16,7,-1.125,"Dan Quinn",16,19210,5494,103,"Matt Ryan","00-0026143",664,"3",2200,0.185813281238878
2019,"BAL",16,14,15.5625,"John Harbaugh",16,17919,7089,92,"Lamar Jackson","00-0034796",424,"32",590,-0.0384596302513751
2019,"BUF",16,10,3.4375,"Sean McDermott",16,14019,7072,87,"Josh Allen","00-0034857",499,"7",1500,-0.113868465202773
2019,"CAR",16,5,-8.125,"Ron Rivera",16,19333,6736,107,"Kyle Allen","00-0034577",535,NA,0,0.422374813650708
2019,"CHI",16,8,-1.125,"Matt Nagy",16,15017,7737,91,"Mitchell Trubisky","00-0033869",554,"2",2600,0.118012682511575
2019,"CIN",16,2,-8.8125,"Zac Taylor",16,12514,5467,86,"Andy Dalton","00-0027973",565,"35",550,0.0684715644040614
2019,"CLE",16,6,-3.625,"Freddie Kitchens",16,19031,11114,90,"Baker Mayfield","00-0034855",574,"1",3000,0.065182077439914
2019,"DAL",16,8,7.0625,"Jason Garrett",16,16918,5837,93,"Dak Prescott","00-0033077",619,"135",39,0.0419790964578386
2019,"DEN",16,7,-2.125,"Vic Fangio",16,14265,7677,98,"Joe Flacco","00-0026158",288,"18",900,0.0437614768488347
2019,"DET",16,3.5,-5.125,"Matt Patricia",16,10943,6549,101,"Matthew Stafford","00-0026498",309,"1",3000,0.0124629115728725
2019,"GB",16,13,3.9375,"Matt LaFleur",16,11026,7035,87,"Aaron Rodgers","00-0023459",605,"24",740,0.0835558799348519
2019,"HOU",16,10,-0.4375,"Bill O'Brien",16,17526,8380,96,"Deshaun Watson","00-0033537",539,"12",1200,0.106094612757842
2019,"IND",16,7,-0.75,"Frank Reich",16,15655,8165,94,"Jacoby Brissett","00-0033119",474,"91",136,-0.169509472820209
2019,"JAX",16,6,-6.0625,"Doug Marrone",16,20241,7164,111,"Gardner Minshew","00-0035289",503,"178",20,NA
2019,"KC",16,12,8.9375,"Andy Reid",16,18165,6149,95,"Patrick Mahomes","00-0033873",501,"10",1300,0.365942910659246
2019,"LA",16,9,1.875,"Sean McVay",16,22105,10880,85,"Jared Goff","00-0033106",648,"1",3000,0.200183891332324
2019,"LAC",16,5,-0.5,"Anthony Lynn",16,18513,8433,102,"Philip Rivers","00-0022942",625,"4",1800,0.261291949634015
2019,"LV",16,7,-6.625,"Jon Gruden",16,15471,8214,96,"Derek Carr","00-0031280",542,"36",540,-0.000253057878332515
2019,"MIA",16,5,-11.75,"Brian Flores",16,11538,7522,112,"Ryan Fitzpatrick","00-0023682",542,"250",0,0.233158544728372
2019,"MIN",16,10,6.5,"Mike Zimmer",16,12403,5350,85,"Kirk Cousins","00-0029604",472,"102",92,-0.016713125760499
2019,"NE",16,12,12.1875,"Bill Belichick",16,12120,4179,84,"Tom Brady","00-0019596",640,"199",12,0.154999905612744
2019,"NO",16,13,7.3125,"Sean Payton",16,18842,8438,98,"Drew Brees","00-0020531",390,"32",590,0.310879357808738
2019,"NYG",16,4,-6.875,"Pat Shurmur",16,22142,13260,100,"Daniel Jones","00-0035710",497,"6",1600,NA
2019,"NYJ",16,7,-5.1875,"Adam Gase",16,12127,8391,109,"Sam Darnold","00-0034869",474,"3",2200,-0.0317964183158864
2019,"PHI",16,9,1.9375,"Doug Pederson",16,17380,7407,99,"Carson Wentz","00-0032950",644,"2",2600,0.0862617936783717
2019,"PIT",16,8,-0.875,"Mike Tomlin",16,18310,7759,102,"Mason Rudolph","00-0034771",298,"76",210,NA
2019,"SEA",16,11,0.4375,"Pete Carroll",16,19504,4835,102,"Russell Wilson","00-0029263",564,"75",215,0.134997969957787
2019,"SF",16,13,10.5625,"Kyle Shanahan",16,19281,11367,100,"Jimmy Garoppolo","00-0031345",512,"62",284,-0.0047462150097232
2019,"TB",16,7,0.5625,"Bruce Arians",16,19787,7145,101,"Jameis Winston","00-0031503",673,"1",3000,0.107889852387713
2019,"TEN",16,9,4.4375,"Mike Vrabel",16,16427,8733,96,"Ryan Tannehill","00-0029701",317,"8",1400,-0.174187102067597
2019,"WAS",16,3,-10.5625,"Bill Callahan",11,23601,6294,111,"Case Keenum","00-0028986",262,NA,0,-0.0332979973632227
2020,"ARI",16,8,2.6875,"Kliff Kingsbury",16,22083,8331,96,"Kyler Murray","00-0035228",585,"1",3000,0.00846854054760123
2020,"ATL",16,4,-1.125,"Raheem Morris",11,21104,6408,89,"Matt Ryan","00-0026143",667,"3",2200,0.0267101430481981
2020,"BAL",16,11,10.3125,"John Harbaugh",16,19441,5327,99,"Lamar Jackson","00-0034796",405,"32",590,0.339628896399328
2020,"BUF",16,13,7.875,"Sean McDermott",16,12685,6730,95,"Josh Allen","00-0034857",598,"7",1500,-0.0241517676632411
2020,"CAR",16,5,-3.25,"Matt Rhule",16,17842,7825,98,"Teddy Bridgewater","00-0031237",523,"32",590,0.115172324127271
2020,"CHI",16,8,0.125,"Matt Nagy",16,19268,6764,92,"Nick Foles","00-0029567",330,"88",150,-0.13137714724042
2020,"CIN",16,4.5,-7.0625,"Zac Taylor",16,16911,9397,94,"Joe Burrow","00-0036442",436,"1",3000,NA
2020,"CLE",16,11,-0.6875,"Kevin Stefanski",16,24681,13597,102,"Baker Mayfield","00-0034855",512,"1",3000,-0.0204121705640702
2020,"DAL",16,6,-4.875,"Mike McCarthy",16,18602,4594,94,"Andy Dalton","00-0027973",357,"35",550,-0.028146442939393
2020,"DEN",16,5,-7.6875,"Vic Fangio",16,17512,8429,97,"Drew Lock","00-0035704",462,"42",480,0.0852479965288222
2020,"DET",16,5,-8.875,"Matt Patricia",11,17412,8076,90,"Matthew Stafford","00-0026498",566,"1",3000,0.22220547504657
2020,"GB",16,13,8.75,"Matt LaFleur",16,12942,6260,98,"Aaron Rodgers","00-0023459",546,"24",740,0.0988652074216963
2020,"HOU",16,4,-5,"Romeo Crennel",12,15853,5902,90,"Deshaun Watson","00-0033537",593,"12",1200,0.141251778312358
2020,"IND",16,11,5.5625,"Frank Reich",16,14930,7721,96,"Philip Rivers","00-0022942",562,"4",1800,0.109974557233151
2020,"JAX",16,1,-11.625,"Doug Marrone",16,17765,8228,107,"Gardner Minshew","00-0035289",354,"178",20,-0.0247783157497688
2020,"KC",16,14,6.9375,"Andy Reid",16,17126,5506,92,"Patrick Mahomes","00-0033873",610,"10",1300,0.276940201181543
2020,"LA",16,10,4.75,"Sean McVay",16,18448,5564,86,"Jared Goff","00-0033106",575,"1",3000,0.0939780098481535
2020,"LAC",16,7,-2.625,"Anthony Lynn",16,15744,7859,90,"Justin Herbert","00-0036355",627,"6",1600,NA
2020,"LV",16,8,-2.75,"Jon Gruden",16,18737,9739,93,"Derek Carr","00-0031280",543,"36",540,0.181136346083298
2020,"MIA",16,10,4.125,"Brian Flores",16,14866,7427,89,"Tua Tagovailoa","00-0036212",310,"5",1700,NA
2020,"MIN",16,7,-2.8125,"Mike Zimmer",16,9891,5365,95,"Kirk Cousins","00-0029604",555,"102",92,0.182622797582107
2020,"NE",16,7,-1.6875,"Bill Belichick",16,14023,4374,103,"Cam Newton","00-0027939",399,"1",3000,-0.0706159399483053
2020,"NO",16,12,9.0625,"Sean Payton",16,18128,5694,95,"Drew Brees","00-0020531",403,"32",590,0.238073275049632
2020,"NYG",16,6,-4.8125,"Joe Judge",16,19697,12215,98,"Daniel Jones","00-0035710",493,"6",1600,-0.0808930721022288
2020,"NYJ",16,2,-13.375,"Adam Gase",16,14266,8357,100,"Sam Darnold","00-0034869",399,"3",2200,-0.0302009163366022
2020,"PHI",16,4.5,-5.25,"Doug Pederson",16,15348,5007,92,"Carson Wentz","00-0032950",487,"2",2600,0.0660383381484899
2020,"PIT",16,12,6.5,"Mike Tomlin",16,17034,6525,88,"Ben Roethlisberger","00-0022924",621,"11",1250,-0.205707159695407
2020,"SEA",16,12,5.5,"Pete Carroll",16,19179,6603,104,"Russell Wilson","00-0029263",605,"75",215,0.155848242922437
2020,"SF",16,6,-0.875,"Kyle Shanahan",16,27265,11524,112,"Nick Mullens","00-0033319",345,NA,0,NA
2020,"TB",16,11,8.5625,"Bruce Arians",16,20560,9876,92,"Tom Brady","00-0019596",631,"199",12,0.0493774007355769
2020,"TEN",16,11,3.25,"Mike Vrabel",16,16910,7218,97,"Ryan Tannehill","00-0029701",505,"8",1400,0.198851825571827
2020,"WAS",16,7,0.375,"Ron Rivera",16,20273,8946,105,"Alex Smith","00-0023436",274,"1",3000,NA
2021,"ARI",17,11,4.88235294117647,"Kliff Kingsbury",17,19076,7956,94,"Kyler Murray","00-0035228",512,"1",3000,0.0545466556086034
2021,"ATL",17,7,-8.58823529411765,"Arthur Smith",17,18257,9611,90,"Matt Ryan","00-0026143",600,"3",2200,0.101304187124819
2021,"BAL",17,8,-0.294117647058824,"John Harbaugh",17,17185,5419,96,"Lamar Jackson","00-0034796",420,"32",590,0.141601123548672
2021,"BUF",17,11,11.4117647058824,"Sean McDermott",17,13998,7048,78,"Josh Allen","00-0034857",672,"7",1500,0.282453985367153
2021,"CAR",17,5,-5.88235294117647,"Matt Rhule",17,20946,10592,98,"Sam Darnold","00-0034869",441,"3",2200,-0.192624446306387
2021,"CHI",17,6,-5.64705882352941,"Matt Nagy",17,15431,5088,90,"Justin Fields","00-0036945",306,"11",1250,NA
2021,"CIN",17,10,4.94117647058824,"Zac Taylor",17,17073,9410,90,"Joe Burrow","00-0036442",571,"1",3000,0.112309001570448
2021,"CLE",17,8,-1.29411764705882,"Kevin Stefanski",17,21351,10266,90,"Baker Mayfield","00-0034855",461,"1",3000,0.173439729311213
2021,"DAL",17,12,10.1176470588235,"Mike McCarthy",17,15978,6131,87,"Dak Prescott","00-0033077",626,"135",39,0.138464636248319
2021,"DEN",17,7,0.764705882352941,"Vic Fangio",17,15280,9086,94,"Teddy Bridgewater","00-0031237",457,"32",590,0.0642790199817168
2021,"DET",17,3.5,-8.35294117647059,"Dan Campbell",17,15036,8562,102,"Jared Goff","00-0033106",529,"1",3000,0.045022832601586
2021,"GB",17,13,4.64705882352941,"Matt LaFleur",17,11576,6087,90,"Aaron Rodgers","00-0023459",561,"24",740,0.341120600830007
2021,"HOU",17,4,-10.1176470588235,"David Culley",17,10433,3501,83,"Davis Mills","00-0036898",425,"67",255,NA
2021,"IND",17,9,5.05882352941176,"Frank Reich",17,17849,7885,90,"Carson Wentz","00-0032950",548,"2",2600,-0.169774812867232
2021,"JAX",17,3,-12,"Urban Meyer",13,17382,10115,89,"Trevor Lawrence","00-0036971",634,"1",3000,NA
2021,"KC",17,12,6.8235294117647,"Andy Reid",17,12363,5763,93,"Patrick Mahomes","00-0033873",686,"10",1300,0.304966236064017
2021,"LA",17,12,5.17647058823529,"Sean McVay",17,19365,5273,94,"Matthew Stafford","00-0026498",631,"1",3000,0.0990439899184183
2021,"LAC",17,9,0.88235294117647,"Brandon Staley",17,13252,7351,89,"Justin Herbert","00-0036355",703,"6",1600,0.144616007783352
2021,"LV",17,10,-3.82352941176471,"Rich Bisaccia",12,22078,8627,93,"Derek Carr","00-0031280",666,"36",540,0.112751738564286
2021,"MIA",17,9,-1.88235294117647,"Brian Flores",17,17130,11127,94,"Tua Tagovailoa","00-0036212",408,"5",1700,-0.0462941596225002
2021,"MIN",17,8,-0.0588235294117647,"Mike Zimmer",17,12616,5212,90,"Kirk Cousins","00-0029604",589,"102",92,0.169382743950512
2021,"NE",17,10,9.35294117647059,"Bill Belichick",17,11754,5950,86,"Mac Jones","00-0036972",549,"15",1050,NA
2021,"NO",17,9,1.70588235294118,"Sean Payton",17,22301,4118,97,"Trevor Siemian","00-0032156",197,"250",0,NA
2021,"NYG",17,4,-9.29411764705882,"Joe Judge",17,25184,12729,110,"Daniel Jones","00-0035710",383,"6",1600,-0.0493340534589124
2021,"NYJ",17,4,-11.4117647058824,"Robert Saleh",17,18594,9592,100,"Zach Wilson","00-0037013",427,"2",2600,NA
2021,"PHI",17,9,3.47058823529412,"Nick Sirianni",17,14373,6159,85,"Jalen Hurts","00-0036389",458,"53",370,-0.0345849329574113
2021,"PIT",17,9.5,-3.23529411764706,"Mike Tomlin",17,18492,8092,95,"Ben Roethlisberger","00-0022924",643,"11",1250,0.0890867333544641
2021,"SEA",17,7,1.70588235294118,"Pete Carroll",17,12751,4713,87,"Russell Wilson","00-0029263",433,"75",215,0.129549673145171
2021,"SF",17,10,3.64705882352941,"Kyle Shanahan",17,22203,10358,97,"Jimmy Garoppolo","00-0031345",470,"62",284,0.16473890066622
2021,"TB",17,13,9.29411764705882,"Bruce Arians",17,21585,7621,89,"Tom Brady","00-0019596",741,"199",12,0.208260179988856
2021,"TEN",17,12,3.82352941176471,"Mike Vrabel",17,15294,4876,105,"Ryan Tannehill","00-0029701",578,"8",1400,0.249973120303918
2021,"WAS",17,7,-5.8235294117647,"Ron Rivera",17,15395,6981,96,"Taylor Heinicke","00-0031800",532,NA,0,0.118739029862627
2022,"ARI",17,4,-6.41176470588235,"Kliff Kingsbury",17,19288,9372,105,"Kyler Murray","00-0035228",415,"1",3000,0.125860455174526
2022,"ATL",17,7,-1.23529411764706,"Arthur Smith",17,16985,9076,99,"Marcus Mariota","00-0032268",328,"2",2600,-0.360214212734718
2022,"BAL",17,10,2.05882352941176,"John Harbaugh",17,21713,6796,100,"Lamar Jackson","00-0034796",352,"32",590,0.043896906842973
2022,"BUF",16,13,10.5625,"Sean McDermott",16,15297,4536,90,"Josh Allen","00-0034857",600,"7",1500,0.119036990764259
2022,"CAR",17,7,-1.58823529411765,"Steve Wilks",12,16249,9435,94,"Baker Mayfield","00-0034855",225,"1",3000,-0.0117080543303068
2022,"CHI",17,3,-8.05882352941176,"Matt Eberflus",17,9363,6754,98,"Justin Fields","00-0036945",373,"11",1250,-0.212185529787076
2022,"CIN",16,12,6,"Zac Taylor",16,15243,10126,95,"Joe Burrow","00-0036442",647,"1",3000,0.17452016396206
2022,"CLE",17,7,-1.17647058823529,"Kevin Stefanski",17,23548,5516,100,"Jacoby Brissett","00-0033119",393,"91",136,-0.0936804152115229
2022,"DAL",17,12,7.35294117647059,"Mike McCarthy",17,19735,6149,97,"Dak Prescott","00-0033077",414,"135",39,0.173056645646592
2022,"DEN",17,5,-4.23529411764706,"Nathaniel Hackett",15,9238,5341,101,"Russell Wilson","00-0029263",538,"75",215,0.0383649685294893
2022,"DET",17,9,1.52941176470588,"Dan Campbell",17,19240,10548,98,"Jared Goff","00-0033106",610,"1",3000,-0.0482629178532199
2022,"GB",17,8,-0.0588235294117647,"Matt LaFleur",17,11593,6962,103,"Aaron Rodgers","00-0023459",574,"24",740,0.229623996359716
2022,"HOU",17,3.5,-7.70588235294118,"Lovie Smith",17,13412,6251,89,"Davis Mills","00-0036898",510,"67",255,-0.105132494254725
2022,"IND",17,4.5,-8.11764705882353,"Frank Reich",9,14639,4751,103,"Matt Ryan","00-0026143",499,"3",2200,0.010551319665334
2022,"JAX",17,9,3.17647058823529,"Doug Pederson",17,20469,12944,97,"Trevor Lawrence","00-0036971",611,"1",3000,-0.0958168132460496
2022,"KC",17,14,7.47058823529412,"Andy Reid",17,16583,6571,99,"Patrick Mahomes","00-0033873",674,"10",1300,0.20231406578165
2022,"LA",17,5,-4.52941176470588,"Sean McVay",17,16047,3410,98,"Matthew Stafford","00-0026498",332,"1",3000,0.18636358653083
2022,"LAC",17,10,0.411764705882353,"Brandon Staley",17,15474,6257,98,"Justin Herbert","00-0036355",737,"6",1600,0.172909962679526
2022,"LV",17,6,-1.35294117647059,"Josh McDaniels",17,10345,5158,94,"Derek Carr","00-0031280",529,"36",540,0.0562470252564426
2022,"MIA",17,9,-0.117647058823529,"Mike McDaniel",17,21704,10133,99,"Tua Tagovailoa","00-0036212",421,"5",1700,0.0513773728601142
2022,"MIN",17,13,-0.176470588235294,"Kevin O'Connell",17,14666,8489,86,"Kirk Cousins","00-0029604",689,"102",92,0.116795531026851
2022,"NE",17,8,1,"Bill Belichick",17,11639,5579,91,"Mac Jones","00-0036972",476,"15",1050,0.096313545673606
2022,"NO",17,7,-0.88235294117647,"Dennis Allen",17,22254,5595,101,"Andy Dalton","00-0027973",403,"35",550,-0.118323046356379
2022,"NYG",17,9.5,-0.352941176470588,"Brian Daboll",17,20669,10911,98,"Daniel Jones","00-0035710",516,"6",1600,-0.0297620920401498
2022,"NYJ",17,7,-1.17647058823529,"Robert Saleh",17,24352,13463,83,"Zach Wilson","00-0037013",265,"2",2600,-0.223824792405307
2022,"PHI",17,14,7.8235294117647,"Nick Sirianni",17,19936,6927,92,"Jalen Hurts","00-0036389",498,"53",370,0.0413697810767486
2022,"PIT",17,9,-2.23529411764706,"Mike Tomlin",17,18810,5064,106,"Kenny Pickett","00-0038102",416,"20",850,NA
2022,"SEA",17,9,0.352941176470588,"Pete Carroll",17,15713,8212,111,"Geno Smith","00-0030565",618,"39",510,-0.0114512989033931
2022,"SF",17,13,10.1764705882353,"Kyle Shanahan",17,21290,8608,98,"Jimmy Garoppolo","00-0031345",326,"62",284,0.198257150090876
2022,"TB",17,8,-2.64705882352941,"Todd Bowles",17,19068,6592,95,"Tom Brady","00-0019596",755,"199",12,0.195368264117939
2022,"TEN",17,7,-3.58823529411765,"Mike Vrabel",17,13483,5264,111,"Ryan Tannehill","00-0029701",358,"8",1400,0.0444007153056996
2022,"WAS",17,8.5,-1.29411764705882,"Ron Rivera",17,15112,7452,105,"Carson Wentz","00-0032950",302,"2",2600,0.0238297992701592
2023,"ARI",17,4,-7.35294117647059,"Jonathan Gannon",17,11778,4819,103,"Kyler Murray","00-0035228",286,"1",3000,-0.0432020320137385
2023,"ATL",17,7,-3.05882352941176,"Arthur Smith",17,19133,11119,101,"Desmond Ridder","00-0038122",419,"74",220,0.0365903037110231
2023,"BAL",17,13,11.9411764705882,"John Harbaugh",17,23177,6924,93,"Lamar Jackson","00-0034796",494,"32",590,0.0297736804706951
2023,"BUF",17,11,8.23529411764706,"Sean McDermott",17,18615,4228,95,"Josh Allen","00-0034857",603,"7",1500,0.169537376416442
2023,"CAR",17,2,-10.5882352941176,"Frank Reich",11,18804,11803,104,"Bryce Young","00-0039150",589,"1",3000,NA
2023,"CHI",17,7,-1.11764705882353,"Matt Eberflus",17,12091,6448,85,"Justin Fields","00-0036945",414,"11",1250,-0.181123992279541
2023,"CIN",17,9,-1.05882352941176,"Zac Taylor",17,14447,8833,88,"Joe Burrow","00-0036442",389,"1",3000,0.137884138046233
2023,"CLE",17,11,2,"Kevin Stefanski",17,20731,6034,101,"Joe Flacco","00-0026158",212,"18",900,-0.126177637577365
2023,"DAL",17,12,11.4117647058824,"Mike McCarthy",17,22190,8746,92,"Dak Prescott","00-0033077",629,"135",39,0.101653831215744
2023,"DEN",17,8,-3.29411764705882,"Sean Payton",17,9552,4981,92,"Russell Wilson","00-0029263",492,"75",215,-0.105843884252603
2023,"DET",17,12,3.88235294117647,"Dan Campbell",17,20541,10872,97,"Jared Goff","00-0033106",635,"1",3000,0.167242091340081
2023,"GB",17,9,1.94117647058824,"Matt LaFleur",17,12102,6775,96,"Jordan Love","00-0036264",609,"26",700,0.168136190329877
2023,"HOU",17,10,1.41176470588235,"DeMeco Ryans",17,20237,11468,103,"C.J. Stroud","00-0039163",537,"2",2600,NA
2023,"IND",17,9,-1.11764705882353,"Shane Steichen",17,14234,6975,102,"Gardner Minshew","00-0035289",524,"178",20,0.0905552626949804
2023,"JAX",17,9,0.352941176470588,"Doug Pederson",17,19407,12130,89,"Trevor Lawrence","00-0036971",599,"1",3000,0.137223662700984
2023,"KC",17,11,4.52941176470588,"Andy Reid",17,15658,6721,101,"Patrick Mahomes","00-0033873",624,"10",1300,0.286544814208901
2023,"LA",17,10,1.58823529411765,"Sean McVay",17,12665,3523,95,"Matthew Stafford","00-0026498",551,"1",3000,-0.0724016470346438
2023,"LAC",17,5,-3.05882352941176,"Brandon Staley",14,15581,7170,98,"Justin Herbert","00-0036355",485,"6",1600,0.0332584839264673
2023,"LV",17,8,0.0588235294117647,"Antonio Pierce",9,11433,3861,101,"Aidan O'Connell","00-0038579",367,"135",39,NA
2023,"MIA",17,11,6.1764705882353,"Mike McDaniel",17,21515,8627,99,"Tua Tagovailoa","00-0036212",589,"5",1700,0.229029058028443
2023,"MIN",17,7,-1.05882352941176,"Kevin O'Connell",17,14348,5072,101,"Kirk Cousins","00-0029604",328,"102",92,0.0300092983334046
2023,"NE",17,4,-7.64705882352941,"Bill Belichick",17,15235,7016,96,"Mac Jones","00-0036972",367,"15",1050,-0.0634331727173697
2023,"NO",17,9,4.41176470588235,"Dennis Allen",17,19862,7123,96,"Derek Carr","00-0031280",579,"36",540,0.0500086651165289
2023,"NYG",17,6,-8.29411764705882,"Brian Daboll",17,21920,11248,99,"Tommy DeVito","00-0038476",215,NA,0,NA
2023,"NYJ",17,7,-5.11764705882353,"Robert Saleh",17,23072,11842,96,"Zach Wilson","00-0037013",414,"2",2600,-0.136645490384378
2023,"PHI",17,11,0.294117647058824,"Nick Sirianni",17,23100,7674,90,"Jalen Hurts","00-0036389",574,"53",370,0.143112624594895
2023,"PIT",17,10,-1.17647058823529,"Mike Tomlin",17,17839,5554,101,"Kenny Pickett","00-0038102",347,"20",850,-0.0215377566509409
2023,"SEA",17,9,-2.23529411764706,"Pete Carroll",17,18843,8141,97,"Geno Smith","00-0030565",530,"39",510,0.043493746559918
2023,"SF",17,12,11.3529411764706,"Kyle Shanahan",17,20509,6126,91,"Brock Purdy","00-0037834",472,"262",0,0.20195089494801
2023,"TB",17,9,1.35294117647059,"Todd Bowles",17,14168,5464,89,"Baker Mayfield","00-0034855",606,"1",3000,-0.138244466800829
2023,"TEN",17,6,-3.64705882352941,"Mike Vrabel",17,13272,6851,97,"Will Levis","00-0039152",283,"33",580,NA
2023,"WAS",17,4,-11.1176470588235,"Ron Rivera",17,9240,5671,102,"Sam Howell","00-0037077",677,"144",34,-0.339172024450094
2024,"ARI",17,8,1.23529411764706,"Jonathan Gannon",17,16492,8363,99,"Kyler Murray","00-0035228",571,"1",3000,-0.0582743673967698
2024,"ATL",17,8,-2,"Raheem Morris",17,20930,9797,107,"Kirk Cousins","00-0029604",481,"102",92,0.113119041070439
2024,"BAL",17,12,9.23529411764706,"John Harbaugh",17,16156,6435,89,"Lamar Jackson","00-0034796",497,"32",590,0.119578114068839
2024,"BUF",17,13,9.23529411764706,"Sean McDermott",17,19316,4403,96,"Josh Allen","00-0034857",497,"7",1500,0.152061025239979
2024,"CAR",17,5,-11.3529411764706,"Dave Canales",17,20165,9230,111,"Bryce Young","00-0039150",413,"1",3000,-0.27041331387901
2024,"CHI",17,5,-3.52941176470588,"Matt Eberflus",17,15772,8929,90,"Caleb Williams","00-0039918",630,"1",3000,NA
2024,"CIN",17,9,2.23529411764706,"Zac Taylor",17,14303,6165,100,"Joe Burrow","00-0036442",700,"1",3000,0.0156684757301976
2024,"CLE",17,3,-10.4117647058824,"Kevin Stefanski",17,23804,4735,112,"Jameis Winston","00-0031503",320,"1",3000,-0.199775909690433
2024,"DAL",17,7,-6.94117647058824,"Mike McCarthy",17,16038,8802,99,"Cooper Rush","00-0033662",321,NA,0,-0.209597909902769
2024,"DEN",17,10,6.70588235294118,"Sean Payton",17,11519,7413,83,"Bo Nix","00-0039732",591,"12",1200,NA
2024,"DET",17,15,13.0588235294118,"Dan Campbell",17,23321,11509,108,"Jared Goff","00-0033106",570,"1",3000,0.127468111683591
2024,"GB",17,11,7.1764705882353,"Matt LaFleur",17,14026,7673,93,"Jordan Love","00-0036264",439,"26",700,0.144537905555442
2024,"HOU",17,10,0,"DeMeco Ryans",17,23065,11739,91,"C.J. Stroud","00-0039163",584,"2",2600,0.115428626835584
2024,"IND",17,8,-2.94117647058824,"Shane Steichen",17,16633,6809,95,"Anthony Richardson","00-0039164",278,"4",1800,0.0735581460117815
2024,"JAX",17,4,-6.76470588235294,"Doug Pederson",17,21708,13171,95,"Trevor Lawrence","00-0036971",302,"1",3000,-0.000106320774177493
2024,"KC",17,15,3.47058823529412,"Andy Reid",17,15355,5720,99,"Patrick Mahomes","00-0033873",617,"10",1300,0.0816690956575929
2024,"LA",17,10,-1.11764705882353,"Sean McVay",17,10971,4506,95,"Matthew Stafford","00-0026498",545,"1",3000,0.098350468016569
2024,"LAC",17,11,5.94117647058824,"Jim Harbaugh",17,23497,8210,108,"Justin Herbert","00-0036355",545,"6",1600,0.0575605268512504
2024,"LV",17,4,-7.35294117647059,"Antonio Pierce",17,11979,6230,103,"Gardner Minshew","00-0035289",335,"178",20,-0.0125815010565904
2024,"MIA",17,8,-1.11764705882353,"Mike McDaniel",17,17676,6538,107,"Tua Tagovailoa","00-0036212",420,"5",1700,0.206577837500518
2024,"MIN",17,14,5.88235294117647,"Kevin O'Connell",17,19289,5603,91,"Sam Darnold","00-0034869",593,"3",2200,-0.00504147541276198
2024,"NE",17,4,-7.52941176470588,"Jerod Mayo",17,10480,6608,95,"Drake Maye","00-0039851",372,"3",2200,NA
2024,"NO",17,5,-3.52941176470588,"Dennis Allen",17,16936,7036,104,"Derek Carr","00-0031280",287,"36",540,0.04840251694926
2024,"NYG",17,3,-8.35294117647059,"Brian Daboll",17,17183,9489,105,"Daniel Jones","00-0035710",370,"6",1600,-0.323168443187984
2024,"NYJ",17,5,-3.88235294117647,"Robert Saleh",17,23261,10580,108,"Aaron Rodgers","00-0023459",624,"24",740,-1.01597994216718
2024,"PHI",17,14,9.41176470588235,"Nick Sirianni",17,26652,11200,99,"Jalen Hurts","00-0036389",399,"53",370,0.108684184661972
2024,"PIT",17,10,1.94117647058824,"Mike Tomlin",17,18326,6916,115,"Russell Wilson","00-0029263",369,"75",215,-0.030847962447498
2024,"SEA",17,10,0.411764705882353,"Mike Macdonald",17,15733,8033,112,"Geno Smith","00-0030565",628,"39",510,0.0651821443663663
2024,"SF",17,6,-2.76470588235294,"Kyle Shanahan",17,14284,2381,102,"Brock Purdy","00-0037834",486,"262",0,0.304562624087999
2024,"TB",17,10,6.88235294117647,"Todd Bowles",17,14958,5129,105,"Baker Mayfield","00-0034855",610,"1",3000,0.0822197665031516
2024,"TEN",17,3,-8.76470588235294,"Brian Callahan",17,13115,6467,101,"Will Levis","00-0039152",342,"33",580,-0.0453480241682365
2024,"WAS",17,12,5.52941176470588,"Dan Quinn",17,19010,5898,99,"Jayden Daniels","00-0039910",527,"2",2600,NA
2025,"ARI",17,3,-7.8235294117647,"Jonathan Gannon",17,18666,8812,103,"Jacoby Brissett","00-0033119",528,"91",136,-0.207344571818148
2025,"ATL",17,8,-2.82352941176471,"Raheem Morris",17,19850,9013,100,"Michael Penix Jr.","00-0039917",289,"8",1400,0.133514834423463
2025,"BAL",17,8,1.52941176470588,"John Harbaugh",17,17280,7152,88,"Lamar Jackson","00-0034796",338,"32",590,0.346637045585549
2025,"BUF",17,12,6.8235294117647,"Sean McDermott",17,21856,4687,105,"Josh Allen","00-0034857",500,"7",1500,0.261786866792486
2025,"CAR",17,8,-4.05882352941176,"Dave Canales",17,16967,8429,101,"Bryce Young","00-0039150",505,"1",3000,-0.0626309895999511
2025,"CHI",17,11,1.52941176470588,"Ben Johnson",17,16708,10462,92,"Caleb Williams","00-0039918",592,"1",3000,-0.0750394337387742
2025,"CIN",17,6,-4.58823529411765,"Zac Taylor",17,16583,6410,94,"Joe Burrow","00-0036442",276,"1",3000,0.164467079177794
2025,"CLE",17,5,-5.88235294117647,"Kevin Stefanski",17,20705,5301,107,"Shedeur Sanders","00-0040668",235,"144",34,NA
2025,"DAL",17,7.5,-2.35294117647059,"Brian Schottenheimer",17,24028,6618,86,"Dak Prescott","00-0033077",631,"135",39,-0.030167381019279
2025,"DEN",17,14,5.29411764705882,"Sean Payton",17,12076,4236,93,"Bo Nix","00-0039732",634,"12",1200,0.0582758160725816
2025,"DET",17,9,4,"Dan Campbell",17,20419,9958,108,"Jared Goff","00-0033106",616,"1",3000,0.295709981910119
2025,"GB",17,9.5,1.82352941176471,"Matt LaFleur",17,14264,8554,101,"Jordan Love","00-0036264",460,"26",700,0.141545602471776
2025,"HOU",17,12,6.41176470588235,"DeMeco Ryans",17,20587,11359,96,"C.J. Stroud","00-0039163",446,"2",2600,-0.0224454661354554
2025,"IND",17,8,3.17647058823529,"Shane Steichen",17,20271,8156,109,"Daniel Jones","00-0035710",406,"6",1600,-0.103018411740032
2025,"JAX",17,13,8.11764705882353,"Liam Coen",17,19760,9287,90,"Trevor Lawrence","00-0036971",601,"1",3000,0.020243617949101
2025,"KC",17,6,2,"Andy Reid",17,12802,6256,95,"Patrick Mahomes","00-0033873",536,"10",1300,0.115289074976253
2025,"LA",17,12,10.1176470588235,"Sean McVay",17,10771,5067,89,"Matthew Stafford","00-0026498",620,"1",3000,0.0602796648415895
2025,"LAC",17,11,1.64705882352941,"Jim Harbaugh",17,23737,7402,100,"Justin Herbert","00-0036355",566,"6",1600,0.132331814433452
2025,"LV",17,3,-11.2352941176471,"Pete Carroll",17,19950,8055,96,"Geno Smith","00-0030565",503,"39",510,0.0346386885155989
2025,"MIA",17,7,-4.52941176470588,"Mike McDaniel",17,20025,5005,105,"Tua Tagovailoa","00-0036212",414,"5",1700,0.204364654507864
2025,"MIN",17,9,0.647058823529412,"Kevin O'Connell",17,16545,4013,89,"J.J. McCarthy","00-0039923",270,"10",1300,NA
2025,"NE",17,14,10,"Mike Vrabel",17,13360,7002,105,"Drake Maye","00-0039851",539,"3",2200,-0.0711110465816703
2025,"NO",17,6,-4.52941176470588,"Kellen Moore",17,17765,7721,103,"Tyler Shough","00-0040743",358,"40",500,NA
2025,"NYG",17,4,-3.41176470588235,"Brian Daboll",17,19883,11393,103,"Jaxson Dart","00-0040691",374,"25",720,NA
2025,"NYJ",17,3,-11.9411764705882,"Aaron Glenn",17,14716,10362,103,"Justin Fields","00-0036945",231,"11",1250,0.0428975732990117
2025,"PHI",17,11,3.17647058823529,"Nick Sirianni",17,22357,9217,94,"Jalen Hurts","00-0036389",486,"53",370,0.101292398419227
2025,"PIT",17,10,0.588235294117647,"Mike Tomlin",17,15067,5173,100,"Aaron Rodgers","00-0023459",527,"24",740,0.0180929382265937
2025,"SEA",17,14,11.2352941176471,"Mike Macdonald",17,17510,9953,88,"Sam Darnold","00-0034869",504,"3",2200,0.0836892928690946
2025,"SF",17,12,3.88235294117647,"Kyle Shanahan",17,18668,4631,101,"Mac Jones","00-0036972",305,"15",1050,-0.0119509770451144
2025,"TB",17,8,-1.82352941176471,"Todd Bowles",17,18105,5655,94,"Baker Mayfield","00-0034855",579,"1",3000,0.189161685708496
2025,"TEN",17,3,-11.4117647058824,"Brian Callahan",17,12980,8846,99,"Cam Ward","00-0040676",595,"1",3000,NA
2025,"WAS",17,5,-5.58823529411765,"Dan Quinn",17,23032,7345,100,"Marcus Mariota","00-0032268",243,"2",2600,0.401411736729641
