caller,n_in,n_out,epa_in,epa_out,se,lift,moment,key
Marc Trestman,522,914,-0.13108430266766138,-0.06135480605864898,0.07689648137527391,-0.0697294966090124,"Close game
(top-quartile leverage)",close
Gary Kubiak,871,2417,-0.007495600411515273,-0.04831308709628591,0.053905045557942455,0.040817486684770636,"Close game
(top-quartile leverage)",close
Greg Olson,829,1750,-0.13189475117520721,-0.04812981653598079,0.059251509776226,-0.08376493463922642,"Close game
(top-quartile leverage)",close
Mike Shula,669,2769,0.025076280421239692,-0.01727510795690479,0.06268653820722628,0.04235138837814448,"Close game
(top-quartile leverage)",close
Bill Musgrave,1189,2345,-0.03450019562031955,-0.03995356067033794,0.04918671187236167,0.005453365050018387,"Close game
(top-quartile leverage)",close
Hue Jackson,566,2497,-0.038159620358075456,-0.07207532099542706,0.062421260214009955,0.0339157006373516,"Close game
(top-quartile leverage)",close
Chan Gailey,789,2296,-0.01806059500720016,-0.02862445820395559,0.05517358952509879,0.010563863196755431,"Close game
(top-quartile leverage)",close
John DeFilippo,527,2372,-0.023990199497867473,-0.09625600224314602,0.061238288671373604,0.07226580274527855,"Close game
(top-quartile leverage)",close
Joe Lombardi,921,1872,0.019906748747657466,0.01174664998734243,0.056915140832704665,0.008160098760315036,"Close game
(top-quartile leverage)",close
Frank Reich,1699,4883,-0.010597588784743197,-0.006593635864045809,0.03935881117869941,-0.004003952920697388,"Close game
(top-quartile leverage)",close
Adam Gase,1153,4071,-0.018679753472897125,-0.1258859448578712,0.043682529297749025,0.10720619138497406,"Close game
(top-quartile leverage)",close
Pep Hamilton,383,1163,-0.2363436948444237,-0.1086199093416232,0.08706335346992042,-0.1277237855028005,"Close game
(top-quartile leverage)",close
Greg Roman,1890,5981,0.005875879281446055,0.046914502898021376,0.03578160906592852,-0.04103862361657532,"Close game
(top-quartile leverage)",close
Andy Reid,2670,9112,0.11082778528693273,0.10151587993359194,0.029387992370200157,0.009311905353340783,"Close game
(top-quartile leverage)",close
Bill O'Brien,1622,5070,-0.05029275129998109,-0.07969480411619399,0.03787997381803996,0.0294020528162129,"Close game
(top-quartile leverage)",close
Sean McVay,3198,9236,0.03897650114924027,0.03608824495096958,0.028194828118261385,0.0028882561982706903,"Close game
(top-quartile leverage)",close
Bill Lazor,794,2941,-0.016769371211308042,-0.04426244704616258,0.05350424464147357,0.027493075834854535,"Close game
(top-quartile leverage)",close
Norv Turner,803,2476,-0.062076049021125006,-3.795944166085076e-4,0.0561475747528847,-0.0616964546045165,"Close game
(top-quartile leverage)",close
Bruce Arians,867,2414,0.07032379617927424,-0.07021513973717833,0.05548357844305422,0.14053893591645256,"Close game
(top-quartile leverage)",close
Sean Payton,2785,8194,-4.2059928504554366e-4,0.056856893023798094,0.029374203361934526,-0.05727749230884364,"Close game
(top-quartile leverage)",close
Scott Linehan,1321,2868,0.002239287980503147,0.014137547093115996,0.04566570663499519,-0.01189825911261285,"Close game
(top-quartile leverage)",close
Ben McAdoo,981,2434,-0.0012057072551972443,-0.057218876255922736,0.05262017587510045,0.05601316900072549,"Close game
(top-quartile leverage)",close
Chip Kelly,586,2093,-0.07214610357653344,-0.12099063966982536,0.06474019722651338,0.048844536093291924,"Close game
(top-quartile leverage)",close
Kyle Shanahan,3096,9286,0.06438584058317262,0.04801283858120031,0.029060879008031164,0.01637300200197231,"Close game
(top-quartile leverage)",close
Todd Haley,982,3025,0.004283459312742964,0.03360716901277571,0.05043601140370581,-0.029323709700032747,"Close game
(top-quartile leverage)",close
Josh McDaniels,2078,8965,0.0210712157903133,0.05533873295917181,0.033993948487248536,-0.03426751716885851,"Close game
(top-quartile leverage)",close
Darrell Bevell,1436,4639,-0.06629178812721867,0.0011118884878153741,0.04032412026644387,-0.06740367661503405,"Close game
(top-quartile leverage)",close
Ken Whisenhunt,877,3146,-0.04001173360476927,0.04379514030414684,0.053843795235433145,-0.08380687390891611,"Close game
(top-quartile leverage)",close
Dirk Koetter,1502,4298,0.0011997132235007418,-0.005181823367512157,0.041091617624036306,0.006381536591012899,"Close game
(top-quartile leverage)",close
Doug Pederson,1980,5649,0.018348449905224128,-8.360142525375988e-4,0.035616668699798355,0.019184464157761726,"Close game
(top-quartile leverage)",close
Jim Bob Cooter,1070,2542,0.05009767123690349,-0.04804960723793212,0.049921903328935625,0.09814727847483562,"Close game
(top-quartile leverage)",close
Rob Chudzinski,791,1727,-0.0030456135818127997,-0.08791632125309926,0.05761626328676554,0.08487070767128646,"Close game
(top-quartile leverage)",close
Rob Boras,346,882,-0.006163420475731274,-0.2608718581404544,0.08921803080158593,0.2547084376647231,"Close game
(top-quartile leverage)",close
Zac Taylor,2212,5847,-0.007063196594067931,0.0074897192990119425,0.03484420675091477,-0.014552915893079874,"Close game
(top-quartile leverage)",close
Mike McCarthy,1402,4355,0.041633733719249603,0.0019769407707047894,0.041900522571116414,0.039656792948544815,"Close game
(top-quartile leverage)",close
Pat Shurmur,1444,4376,0.024093635749652457,-0.04758868076180044,0.04150413715287764,0.0716823165114529,"Close game
(top-quartile leverage)",close
Dowell Loggains,580,1886,-0.05114460021897851,-0.08895945678366309,0.06478974137734193,0.03781485656468458,"Close game
(top-quartile leverage)",close
Terry Robiskie,483,1620,0.014839006181858122,-0.03320411509190126,0.06902720302183299,0.04804312127375938,"Close game
(top-quartile leverage)",close
Anthony Lynn,268,1168,0.050304586770956304,-0.01920486475526308,0.08397138921937793,0.06950945152621939,"Close game
(top-quartile leverage)",close
Marty Mornhinweg,704,2239,-0.03576948167522893,-0.03283331797099596,0.06194043685159593,-0.002936163704232969,"Close game
(top-quartile leverage)",close
Nathaniel Hackett,1226,3329,-0.12176525944445539,-0.09653315362372379,0.04456937716558834,-0.0252321058207316,"Close game
(top-quartile leverage)",close
Steve Sarkisian,602,1525,0.042714205845464,0.04314741234095915,0.06568351152842358,-4.3320649549515033e-4,"Close game
(top-quartile leverage)",close
Rick Dennison,265,813,-0.03740972034606509,-0.09564263964554846,0.08460023729838913,0.05823291929948338,"Close game
(top-quartile leverage)",close
John Morton,351,1115,-0.0649827418834879,-0.012735358418318183,0.08566020434153607,-0.052247383465169724,"Close game
(top-quartile leverage)",close
Todd Downing,1006,2827,-0.05395709232605601,-0.02415718834453526,0.05237544687712925,-0.029799903981520746,"Close game
(top-quartile leverage)",close
Jay Gruden,649,2592,-0.03935573737403492,-0.09335610267425112,0.05728153526361666,0.0540003653002162,"Close game
(top-quartile leverage)",close
Matt Nagy,743,2550,0.025684433153638882,-0.06594678393871861,0.05502821042168491,0.0916312170923575,"Close game
(top-quartile leverage)",close
Brian Daboll,1103,4483,0.004725955170139976,0.005342852306754167,0.04904056513076029,-6.168971366141904e-4,"Close game
(top-quartile leverage)",close
Jon Gruden,946,2405,0.06567042254802902,-0.024731504848502683,0.05490622967092406,0.0904019273965317,"Close game
(top-quartile leverage)",close
Randy Fichtner,814,2287,0.0018491484020219497,-0.03113770581686709,0.059245686626091226,0.03298685421888904,"Close game
(top-quartile leverage)",close
Brian Schottenheimer,1251,3322,0.07292095590197605,0.05615598600306021,0.04527526643604355,0.016764969898915835,"Close game
(top-quartile leverage)",close
Todd Monken,826,3056,0.10877685011080192,0.09292754808701127,0.05702504752293133,0.015849302023790646,"Close game
(top-quartile leverage)",close
Matt LaFleur,2048,6606,0.0809657869466915,0.07104211254771137,0.034152228232738474,0.009923674398980134,"Close game
(top-quartile leverage)",close
Byron Leftwich,1252,4115,-0.026048670451344357,0.0334861050535319,0.045736165526417245,-0.059534775504876264,"Close game
(top-quartile leverage)",close
Freddie Kitchens,349,1569,-0.058465157620047656,-0.06775818048899632,0.08248775984523715,0.009293022868948661,"Close game
(top-quartile leverage)",close
Kevin Stefanski,1523,5141,-0.02309302729701059,-0.05059438947150384,0.0411348474209965,0.02750136217449325,"Close game
(top-quartile leverage)",close
Kliff Kingsbury,1651,4958,0.046233969587159175,0.010601974633973667,0.039089599536497294,0.03563199495318551,"Close game
(top-quartile leverage)",close
Kellen Moore,1909,6238,-0.018647985103828403,0.030961271205435025,0.03571627774512353,-0.049609256309263425,"Close game
(top-quartile leverage)",close
Arthur Smith,2353,5080,0.015232242860783209,-0.01496523951043226,0.03387233232835157,0.03019748237121547,"Close game
(top-quartile leverage)",close
Kevin O'Connell,1289,3618,-0.03304991493307204,-0.06326783897665081,0.04634196096320076,0.030217924043578766,"Close game
(top-quartile leverage)",close
Shane Steichen,1906,4792,0.021132138913797442,0.032517761940792554,0.03738073553716415,-0.011385623026995112,"Close game
(top-quartile leverage)",close
Scott Turner,975,3135,-0.09092260849505902,-0.06747950553850904,0.048092021735558536,-0.023443102956549985,"Close game
(top-quartile leverage)",close
Tim Kelly,694,2251,0.0064865060589050436,-0.05469495975499154,0.056759807052512726,0.061181465813896586,"Close game
(top-quartile leverage)",close
Joe Brady,1219,3599,0.07743419160007892,0.07239456273713066,0.04418010608313968,0.005039628862948259,"Close game
(top-quartile leverage)",close
Jason Garrett,365,1144,-0.08602777639712626,-0.06119592867695583,0.08614719692885126,-0.024831847720170434,"Close game
(top-quartile leverage)",close
Alex Van Pelt,285,861,-0.014740800262602239,-0.08832212130361565,0.08916830588857401,0.0735813210410134,"Close game
(top-quartile leverage)",close
George Godsey,271,819,0.04377917335904022,-0.09720807644720691,0.09196317394618288,0.14098724980624713,"Close game
(top-quartile leverage)",close
Klint Kubiak,954,2866,0.04577760440244757,-0.039588396940714046,0.05181348663180024,0.08536600134316161,"Close game
(top-quartile leverage)",close
Mike LaFleur,467,1713,-0.12962505819284867,-0.06935300577002933,0.07200535567138842,-0.06027205242281934,"Close game
(top-quartile leverage)",close
Matt Canada,849,2002,-0.07046384321421902,-0.04974908320255025,0.0505699443980243,-0.02071476001166877,"Close game
(top-quartile leverage)",close
Shane Waldron,1060,2545,-0.02840358386034703,-0.0010186291937921632,0.04903161994557173,-0.027384954666554866,"Close game
(top-quartile leverage)",close
Dan Campbell,315,805,-0.049592504504071204,0.033786682962277284,0.09492402650679543,-0.08337918746634848,"Close game
(top-quartile leverage)",close
Ken Dorsey,541,1895,-0.04488950010645064,0.03776318669566563,0.06605390597366484,-0.08265268680211627,"Close game
(top-quartile leverage)",close
Mike McDaniel,1030,3187,-0.011764014626182456,0.015611887957697038,0.04933666907025856,-0.027375902583879494,"Close game
(top-quartile leverage)",close
Pete Carmichael,575,1541,0.005820458931716429,-0.05002158787545825,0.06714816847135842,0.055842046807174674,"Close game
(top-quartile leverage)",close
Mike Kafka,850,2486,-0.10183176968411972,-0.01958843917001916,0.05199744527525281,-0.08224333051410056,"Close game
(top-quartile leverage)",close
Ben Johnson,1277,3554,0.05812400515923737,0.0991918999763198,0.04619869448807388,-0.04106789481708243,"Close game
(top-quartile leverage)",close
Luke Getsy,729,1899,-0.08590360776512646,-0.08782634076726115,0.06076569472601049,0.0019227330021346911,"Close game
(top-quartile leverage)",close
Drew Petzing,715,2479,-0.07243898465114754,0.0013068114824116449,0.05685369286760353,-0.07374579613355918,"Close game
(top-quartile leverage)",close
Bobby Slowik,588,1769,0.10780245187061001,-0.08599957444756766,0.06475484049225948,0.19380202631817767,"Close game
(top-quartile leverage)",close
Press Taylor,510,1585,0.002496019315706367,-0.06623517228602678,0.06638553941705187,0.06873119160173315,"Close game
(top-quartile leverage)",close
Brian Johnson,255,908,0.09027519728772647,0.029640181347700707,0.09536321730846076,0.060635015940025766,"Close game
(top-quartile leverage)",close
Dave Canales,828,2387,0.006232529839501166,-0.048092367471152433,0.054763902584233116,0.0543248973106536,"Close game
(top-quartile leverage)",close
Bo Hardegree,257,1107,-0.06084085910637263,-0.1322494449304177,0.0928677740066294,0.07140858582404508,"Close game
(top-quartile leverage)",close
Zac Robinson,749,1377,0.00328090747733476,-0.004610656316662566,0.06000725921837761,0.007891563793997327,"Close game
(top-quartile leverage)",close
Brian Callahan,340,890,-0.09622164444569574,-0.1595611876023691,0.09079437159389375,0.06333954315667335,"Close game
(top-quartile leverage)",close
Liam Coen,654,1617,0.16567249718956353,0.03423797684655845,0.06485453628153155,0.13143452034300507,"Close game
(top-quartile leverage)",close
Nick Caley,325,906,-0.047366551644947505,-0.03843921518583884,0.09047120381562355,-0.008927336459108662,"Close game
(top-quartile leverage)",close
Josh Grizzard,259,811,0.16570713749603086,-0.06688201697271819,0.08921273958006079,0.23258915446874906,"Close game
(top-quartile leverage)",close
Marc Trestman,330,1106,-0.10722436407884793,-0.08057889564566399,0.07865867526028265,-0.02664546843318394,"4th quarter or OT,
one score",late
Gary Kubiak,580,2708,0.008241340163855011,-0.04729740648640593,0.06095017600183321,0.05553874665026094,"4th quarter or OT,
one score",late
Greg Olson,353,2226,-0.1758625963578544,-0.05906937607721996,0.08155255563858205,-0.11679322028063444,"4th quarter or OT,
one score",late
Mike Shula,384,3054,-0.03758027970235998,-0.005444634880536039,0.07602346302190117,-0.03213564482182394,"4th quarter or OT,
one score",late
Bill Musgrave,489,3045,0.020391429913191855,-0.047515021869311204,0.0754957573201856,0.06790645178250306,"4th quarter or OT,
one score",late
Hue Jackson,347,2716,-0.3104381347405187,-0.03455389870887111,0.09235740778909686,-0.2758842360316476,"4th quarter or OT,
one score",late
Chan Gailey,344,2741,0.05325258656079274,-0.03585934158112941,0.07446420148063211,0.08911192814192215,"4th quarter or OT,
one score",late
John DeFilippo,327,2572,-0.04816767502252432,-0.08756269157222128,0.08423785131786876,0.03939501654969696,"4th quarter or OT,
one score",late
Joe Lombardi,466,2327,-0.006715195046202234,0.018673453057339435,0.07935112916863003,-0.025388648103541668,"4th quarter or OT,
one score",late
Frank Reich,1007,5575,-0.028312333258947282,-0.0038908533950964236,0.04622306006858507,-0.02442147986385086,"4th quarter or OT,
one score",late
Adam Gase,624,4600,-0.0024401394193617303,-0.11576017179846883,0.0644174902839259,0.1133200323791071,"4th quarter or OT,
one score",late
Greg Roman,982,6889,-0.01451709105334985,0.0444123729263141,0.046220572893805115,-0.05892946397966395,"4th quarter or OT,
one score",late
Andy Reid,1739,10043,0.09010670780391546,0.10596707356367435,0.03440215759920955,-0.015860365759758896,"4th quarter or OT,
one score",late
Bill O'Brien,910,5782,-0.025221739794438248,-0.08002001319002709,0.04653913349960307,0.05479827339558885,"4th quarter or OT,
one score",late
Sean McVay,1751,10683,0.03263566187633634,0.03751875288748353,0.035486411460821946,-0.0048830910111471865,"4th quarter or OT,
one score",late
Bill Lazor,490,3245,-0.03918468610508166,-0.0383020774462414,0.0632653575309297,-8.826086588402601e-4,"4th quarter or OT,
one score",late
Norv Turner,454,2825,-0.04002950379722923,-0.01154461890815703,0.06435191596794801,-0.0284848848890722,"4th quarter or OT,
one score",late
Bruce Arians,472,2809,-0.052722085481321124,-0.029777070733692606,0.06844599648206617,-0.022945014747628518,"4th quarter or OT,
one score",late
Sean Payton,1414,9565,0.06692558591092485,0.03869119016728091,0.038443295202548536,0.028234395743643934,"4th quarter or OT,
one score",late
Scott Linehan,670,3519,0.04794196366573312,0.003234859002346258,0.06025615843210399,0.044707104663386864,"4th quarter or OT,
one score",late
Ben McAdoo,536,2879,0.016732283906294818,-0.05190067655367769,0.06713529052422548,0.0686329604599725,"4th quarter or OT,
one score",late
Chip Kelly,258,2421,-0.037668161485350536,-0.11804735227656961,0.0867452421788802,0.08037919079121908,"4th quarter or OT,
one score",late
Kyle Shanahan,1594,10788,-0.018309563198020008,0.06251123704562171,0.03742345904973894,-0.08082080024364172,"4th quarter or OT,
one score",late
Todd Haley,596,3411,0.030491348591685903,0.025709527865176586,0.06175252684499629,0.004781820726509317,"4th quarter or OT,
one score",late
Josh McDaniels,1349,9694,0.06694872135488081,0.04637754304554573,0.04158977645691219,0.02057117830933508,"4th quarter or OT,
one score",late
Darrell Bevell,743,5332,0.009590248745659873,-0.018222526607980124,0.05048616794390367,0.027812775353639997,"4th quarter or OT,
one score",late
Ken Whisenhunt,530,3493,-0.13665913246415898,0.050134142923407427,0.06689115934307441,-0.1867932753875664,"4th quarter or OT,
one score",late
Dirk Koetter,662,5138,-0.04195010957117806,0.0014210714216138637,0.05828411122853275,-0.04337118099279193,"4th quarter or OT,
one score",late
Doug Pederson,1094,6535,-0.06260426187236626,0.015316962324118834,0.040829391514328524,-0.07792122419648509,"4th quarter or OT,
one score",late
Jim Bob Cooter,495,3117,-0.029507686280121986,-0.01730230627740668,0.06928280397798846,-0.012205380002715305,"4th quarter or OT,
one score",late
Rob Chudzinski,382,2136,-0.15912171048145046,-0.04375284351282881,0.08059564980670697,-0.11536886696862166,"4th quarter or OT,
one score",late
Zac Taylor,1202,6857,0.005810868479260856,0.0030893880652139486,0.045144862760909905,0.0027214804140469075,"4th quarter or OT,
one score",late
Mike McCarthy,642,5115,0.11162111416745488,-9.150896509671996e-4,0.054544366861343466,0.11253620381842208,"4th quarter or OT,
one score",late
Pat Shurmur,699,5121,-0.09507815353816129,-0.020893815205617016,0.06091262629093438,-0.07418433833254427,"4th quarter or OT,
one score",late
Dowell Loggains,283,2183,-0.19204765662838347,-0.06554828987410143,0.07534415412493514,-0.12649936675428203,"4th quarter or OT,
one score",late
Terry Robiskie,346,1757,-0.09610199366684895,-0.007610777833984504,0.08715818719242013,-0.08849121583286444,"4th quarter or OT,
one score",late
Marty Mornhinweg,367,2576,-0.10688008159051933,-0.023086383576359566,0.06727751506855241,-0.08379369801415976,"4th quarter or OT,
one score",late
Nathaniel Hackett,686,3869,-0.2288454924382659,-0.08106876936666767,0.051125561634688066,-0.14777672307159823,"4th quarter or OT,
one score",late
Steve Sarkisian,324,1803,0.0644622602925604,0.03917248108937466,0.09052722428919066,0.025289779203185737,"4th quarter or OT,
one score",late
Todd Downing,622,3211,-0.011713795628528714,-0.035903838507962214,0.06038891207599499,0.0241900428794335,"4th quarter or OT,
one score",late
Jay Gruden,352,2889,-0.0975151292063077,-0.08071843759321075,0.08154235078432288,-0.01679669161309695,"4th quarter or OT,
one score",late
Matt Nagy,457,2836,-0.08878926892382631,-0.03825954489153341,0.0669991711563921,-0.0505297240322929,"4th quarter or OT,
one score",late
Brian Daboll,744,4842,0.014945889225511454,0.003726764531196303,0.05518231018341514,0.011219124694315151,"4th quarter or OT,
one score",late
Jon Gruden,525,2826,0.0732407172801364,-0.012670355980992427,0.06834498446508883,0.08591107326112882,"4th quarter or OT,
one score",late
Randy Fichtner,488,2613,-0.030099784045410773,-0.02105550393791348,0.06751265373800451,-0.009044280107497294,"4th quarter or OT,
one score",late
Brian Schottenheimer,686,3887,0.07640339807724542,0.05797827894379886,0.05675400592635717,0.018425119133446556,"4th quarter or OT,
one score",late
Todd Monken,487,3395,0.0409596080757065,0.10423827275774913,0.07136145717688282,-0.06327866468204263,"4th quarter or OT,
one score",late
Matt LaFleur,1171,7483,0.08871804087137646,0.07099202208961883,0.04200138432967973,0.017726018781757627,"4th quarter or OT,
one score",late
Byron Leftwich,742,4625,0.024966510790487395,0.018736699650521584,0.05453598694122062,0.0062298111399658115,"4th quarter or OT,
one score",late
Kevin Stefanski,864,5800,0.005838947495208685,-0.051779532324517374,0.04877911601141814,0.05761847981972606,"4th quarter or OT,
one score",late
Kliff Kingsbury,825,5784,0.0262726844174281,0.01853767451232034,0.05273190174091157,0.007735009905107761,"4th quarter or OT,
one score",late
Kellen Moore,1079,7068,0.024086451076984365,0.01861178912057767,0.04594648458711553,0.005474661956406696,"4th quarter or OT,
one score",late
Arthur Smith,1020,6413,0.03563660005803816,-0.01193377223152761,0.04644064193994189,0.047570372289565774,"4th quarter or OT,
one score",late
Kevin O'Connell,777,4130,-0.043248187292053396,-0.0576030363778028,0.053610323368769475,0.014354849085749403,"4th quarter or OT,
one score",late
Shane Steichen,926,5772,-0.061239066617668814,0.04379943653463921,0.048366322903952264,-0.10503850315230803,"4th quarter or OT,
one score",late
Scott Turner,581,3529,-0.07724490686979724,-0.07234868298513893,0.06058056118664912,-0.00489622388465831,"4th quarter or OT,
one score",late
Tim Kelly,419,2526,-0.07065845400961998,-0.035237857075841456,0.06915634505446697,-0.035420596933778525,"4th quarter or OT,
one score",late
Joe Brady,697,4121,0.04575154346467256,0.07839152755557978,0.05309079753473301,-0.032639984090907216,"4th quarter or OT,
one score",late
Klint Kubiak,575,3245,0.016861967513267743,-0.02449434278960896,0.059283187332402884,0.0413563103028767,"4th quarter or OT,
one score",late
Mike LaFleur,263,1917,-0.08102108812080615,-0.08243508340341565,0.08403555882811774,0.0014139952826095065,"4th quarter or OT,
one score",late
Matt Canada,530,2321,0.028127280446404272,-0.07510940374707956,0.060728420568570723,0.10323668419348384,"4th quarter or OT,
one score",late
Shane Waldron,527,3078,-0.006905921069519673,-0.009441452172363203,0.06685343124136874,0.0025355311028435303,"4th quarter or OT,
one score",late
Ken Dorsey,303,2133,0.010790388961205318,0.020631285220560097,0.09060641028588681,-0.009840896259354779,"4th quarter or OT,
one score",late
Mike McDaniel,543,3674,-0.0073827174117040055,0.011335592653992881,0.06341509314994798,-0.018718310065696887,"4th quarter or OT,
one score",late
Pete Carmichael,288,1828,-0.10123546297419535,-0.024387685828104886,0.08248592025533263,-0.07684777714609047,"4th quarter or OT,
one score",late
Mike Kafka,499,2837,-0.06592030295934018,-0.03608023716301044,0.06638770731682887,-0.029840065796329737,"4th quarter or OT,
one score",late
Ben Johnson,612,4219,0.1504831931391646,0.07932132090614258,0.0624629545480626,0.07116187223302203,"4th quarter or OT,
one score",late
Luke Getsy,301,2327,-0.35918895414723145,-0.05212293767919518,0.0946785226824306,-0.3070660164680363,"4th quarter or OT,
one score",late
Drew Petzing,355,2839,-0.11910625549612164,-0.0022090763154454384,0.0747652524153385,-0.1168971791806762,"4th quarter or OT,
one score",late
Bobby Slowik,336,2021,-0.05928196489515142,-0.03405574729987988,0.0767365135483175,-0.025226217595271536,"4th quarter or OT,
one score",late
Press Taylor,321,1774,-0.0635462601744193,-0.04696247390437067,0.08514328537239967,-0.016583786270048632,"4th quarter or OT,
one score",late
Dave Canales,426,2789,0.021427836986172923,-0.04258307816516441,0.06978512047628682,0.06401091515133733,"4th quarter or OT,
one score",late
Zac Robinson,423,1703,0.0036951497916762554,-0.003202890434174904,0.07096792171116269,0.006898040225851159,"4th quarter or OT,
one score",late
Liam Coen,327,1944,0.0065993406561675695,0.08310423730879217,0.08326830084558964,-0.0765048966526246,"4th quarter or OT,
one score",late
Mike Shula,269,3169,0.032626435458160144,-0.01257029140710222,0.09241749666451779,0.04519672686526237,Playoffs,playoff
Greg Roman,407,7464,-0.16430644259437158,0.048040430842838176,0.08698053836360535,-0.21234687343720976,Playoffs,playoff
Andy Reid,1366,10416,0.13575519070647227,0.0994125666442006,0.038965094259737175,0.036342624062271664,Playoffs,playoff
Bill O'Brien,404,6288,-0.16607870731861954,-0.06656038513373794,0.06900901608351671,-0.0995183221848816,Playoffs,playoff
Sean McVay,1099,11335,0.023172900685752538,0.03815534743615253,0.04165908373945579,-0.014982446750399992,Playoffs,playoff
Sean Payton,612,10367,-0.06031333877033395,0.04838678265222071,0.0577818645078679,-0.10870012142255467,Playoffs,playoff
Kyle Shanahan,1002,11380,0.054593669431848756,0.051887778975377066,0.04340479202011316,0.0027058904564716893,Playoffs,playoff
Todd Haley,389,3618,0.0038626039017993935,0.028846183082077537,0.08358695061014486,-0.024983579180278142,Playoffs,playoff
Josh McDaniels,1163,9880,0.03171913110231096,0.050911779141626534,0.04310578554120266,-0.01919264803931557,Playoffs,playoff
Doug Pederson,635,6994,0.06449056816644362,-0.0013360343846061417,0.05482439801237623,0.06582660255104976,Playoffs,playoff
Zac Taylor,435,7624,0.03783130700126169,0.0015361987578282371,0.06140800495200805,0.03629510824343345,Playoffs,playoff
Mike McCarthy,420,5337,0.10742821318088003,0.004095975678252163,0.071978266555219,0.10333223750262786,Playoffs,playoff
Brian Daboll,372,5214,0.19041373384039553,-0.00799178625715557,0.06894552836263575,0.1984055200975511,Playoffs,playoff
Todd Monken,251,3631,0.1477839969819658,0.09274097546211849,0.09285909731159951,0.0550430215198473,Playoffs,playoff
Matt LaFleur,554,8100,0.1297795906027904,0.06953385604482169,0.057951996504831405,0.06024573455796871,Playoffs,playoff
Byron Leftwich,480,4887,0.05478724026171867,0.01614170484235393,0.0640262893109066,0.03864553541936474,Playoffs,playoff
Kevin Stefanski,250,6414,-0.15582439791406444,-0.03996263445086463,0.09850130408092793,-0.11586176346319982,Playoffs,playoff
Kliff Kingsbury,269,6340,-0.0018871449809210877,0.020410806943770468,0.09206811144395716,-0.022297951924691556,Playoffs,playoff
Kellen Moore,447,7700,0.10017853076099419,0.01464384454105708,0.06429628047206556,0.08553468621993711,Playoffs,playoff
Arthur Smith,317,7116,-0.038808363602213576,-0.003917888982527888,0.07765778968581366,-0.03489047461968569,Playoffs,playoff
Shane Steichen,271,6427,0.11994327186069077,0.025454853791152168,0.08552988990501043,0.0944884180695386,Playoffs,playoff
Joe Brady,479,4339,0.1692454664142296,0.06311862927840636,0.05982657531633103,0.10612683713582324,Playoffs,playoff
Ben Johnson,416,4415,0.10066869887257628,0.08717422160208188,0.07285738661445985,0.013494477270494395,Playoffs,playoff
